2026-04-26 20:03:43 INFO  ScmsApplication - Starting ScmsApplication using Java 21.0.9 with PID 18920 (C:\Users\revanth.bethala\eclipse-workspace\scms\target\classes started by revanth.bethala in C:\Users\revanth.bethala\eclipse-workspace\scms)
2026-04-26 20:03:43 DEBUG ScmsApplication - Running with Spring Boot v4.0.6, Spring v7.0.7
2026-04-26 20:03:43 INFO  ScmsApplication - No active profile set, falling back to 1 default profile: "default"
2026-04-26 20:03:48 WARN  deprecation - HHH90000025: SQLServerDialect does not need to be specified explicitly using 'hibernate.dialect' (remove the property setting and it will be selected by default)
2026-04-26 20:03:52 WARN  JpaBaseConfiguration$JpaWebConfiguration - spring.jpa.open-in-view is enabled by default. Therefore, database queries may be performed during view rendering. Explicitly configure spring.jpa.open-in-view to disable this warning
2026-04-26 20:03:53 INFO  ScmsApplication - Started ScmsApplication in 10.428 seconds (process running for 11.824)
2026-04-26 20:04:44 INFO  ScmsApplication - Starting ScmsApplication using Java 21.0.9 with PID 18920 (C:\Users\revanth.bethala\eclipse-workspace\scms\target\classes started by revanth.bethala in C:\Users\revanth.bethala\eclipse-workspace\scms)
2026-04-26 20:04:44 DEBUG ScmsApplication - Running with Spring Boot v4.0.6, Spring v7.0.7
2026-04-26 20:04:44 INFO  ScmsApplication - No active profile set, falling back to 1 default profile: "default"
2026-04-26 20:04:50 WARN  JpaBaseConfiguration$JpaWebConfiguration - spring.jpa.open-in-view is enabled by default. Therefore, database queries may be performed during view rendering. Explicitly configure spring.jpa.open-in-view to disable this warning
2026-04-26 20:04:50 INFO  ScmsApplication - Started ScmsApplication in 6.174 seconds (process running for 69.562)
2026-04-26 20:05:02 INFO  RequestLoggingAspect - Request: com.academy.scms.controller.StudentController.getStudentById
2026-04-26 20:05:02 DEBUG RequestLoggingAspect - Args: [3]
2026-04-26 20:05:03 INFO  ExecutionTimeAspect - StudentService.getStudentById(..) executed in 252 ms
2026-04-26 20:05:14 INFO  RequestLoggingAspect - Request: com.academy.scms.controller.CourseController.getAllCourses
2026-04-26 20:05:14 DEBUG RequestLoggingAspect - Args: []
2026-04-26 20:05:14 INFO  ExecutionTimeAspect - CourseService.getAllCourses() executed in 334 ms
2026-04-26 20:06:21 INFO  RequestLoggingAspect - Request: com.academy.scms.controller.CourseController.createCourse
2026-04-26 20:06:21 DEBUG RequestLoggingAspect - Args: [CourseDto [id=null, title=null, students=null], org.springframework.validation.BeanPropertyBindingResult: 1 errors
Field error in object 'courseDto' on field 'title': rejected value [null]; codes [NotBlank.courseDto.title,NotBlank.title,NotBlank.java.lang.String,NotBlank]; arguments [org.springframework.context.support.DefaultMessageSourceResolvable: codes [courseDto.title,title]; arguments []; default message [title]]; default message [must not be blank]]
2026-04-26 20:06:27 INFO  RequestLoggingAspect - Request: com.academy.scms.controller.CourseController.createCourse
2026-04-26 20:06:27 DEBUG RequestLoggingAspect - Args: [CourseDto [id=null, title=dark magic, students=null], org.springframework.validation.BeanPropertyBindingResult: 0 errors]
2026-04-26 20:06:27 INFO  ExecutionTimeAspect - CourseService.createCourse(..) executed in 152 ms
2026-04-26 20:07:09 INFO  RequestLoggingAspect - Request: com.academy.scms.controller.CourseController.getCourseById
2026-04-26 20:07:09 DEBUG RequestLoggingAspect - Args: [102]
2026-04-26 20:07:09 INFO  ExecutionTimeAspect - CourseService.getCourseById(..) executed in 41 ms
2026-04-26 20:08:56 INFO  ScmsApplication - Starting ScmsApplication using Java 21.0.9 with PID 18920 (C:\Users\revanth.bethala\eclipse-workspace\scms\target\classes started by revanth.bethala in C:\Users\revanth.bethala\eclipse-workspace\scms)
2026-04-26 20:08:56 DEBUG ScmsApplication - Running with Spring Boot v4.0.6, Spring v7.0.7
2026-04-26 20:08:56 INFO  ScmsApplication - No active profile set, falling back to 1 default profile: "default"
2026-04-26 20:08:59 WARN  JpaBaseConfiguration$JpaWebConfiguration - spring.jpa.open-in-view is enabled by default. Therefore, database queries may be performed during view rendering. Explicitly configure spring.jpa.open-in-view to disable this warning
2026-04-26 20:08:59 INFO  ScmsApplication - Started ScmsApplication in 3.255 seconds (process running for 318.181)
2026-04-26 20:09:02 INFO  ScmsApplication - Starting ScmsApplication using Java 21.0.9 with PID 18920 (C:\Users\revanth.bethala\eclipse-workspace\scms\target\classes started by revanth.bethala in C:\Users\revanth.bethala\eclipse-workspace\scms)
2026-04-26 20:09:02 DEBUG ScmsApplication - Running with Spring Boot v4.0.6, Spring v7.0.7
2026-04-26 20:09:02 INFO  ScmsApplication - No active profile set, falling back to 1 default profile: "default"
2026-04-26 20:09:04 WARN  JpaBaseConfiguration$JpaWebConfiguration - spring.jpa.open-in-view is enabled by default. Therefore, database queries may be performed during view rendering. Explicitly configure spring.jpa.open-in-view to disable this warning
2026-04-26 20:09:04 INFO  ScmsApplication - Started ScmsApplication in 2.276 seconds (process running for 323.03)
2026-04-26 20:09:09 INFO  ScmsApplication - Starting ScmsApplication using Java 21.0.9 with PID 18920 (C:\Users\revanth.bethala\eclipse-workspace\scms\target\classes started by revanth.bethala in C:\Users\revanth.bethala\eclipse-workspace\scms)
2026-04-26 20:09:09 DEBUG ScmsApplication - Running with Spring Boot v4.0.6, Spring v7.0.7
2026-04-26 20:09:09 INFO  ScmsApplication - No active profile set, falling back to 1 default profile: "default"
2026-04-26 20:09:10 WARN  JpaBaseConfiguration$JpaWebConfiguration - spring.jpa.open-in-view is enabled by default. Therefore, database queries may be performed during view rendering. Explicitly configure spring.jpa.open-in-view to disable this warning
2026-04-26 20:09:11 INFO  ScmsApplication - Started ScmsApplication in 2.024 seconds (process running for 329.607)
2026-04-26 20:09:13 INFO  ScmsApplication - Starting ScmsApplication using Java 21.0.9 with PID 18920 (C:\Users\revanth.bethala\eclipse-workspace\scms\target\classes started by revanth.bethala in C:\Users\revanth.bethala\eclipse-workspace\scms)
2026-04-26 20:09:13 DEBUG ScmsApplication - Running with Spring Boot v4.0.6, Spring v7.0.7
2026-04-26 20:09:13 INFO  ScmsApplication - No active profile set, falling back to 1 default profile: "default"
2026-04-26 20:09:15 WARN  JpaBaseConfiguration$JpaWebConfiguration - spring.jpa.open-in-view is enabled by default. Therefore, database queries may be performed during view rendering. Explicitly configure spring.jpa.open-in-view to disable this warning
2026-04-26 20:09:15 INFO  ScmsApplication - Started ScmsApplication in 2.181 seconds (process running for 334.416)
2026-04-26 20:09:17 INFO  ScmsApplication - Starting ScmsApplication using Java 21.0.9 with PID 18920 (C:\Users\revanth.bethala\eclipse-workspace\scms\target\classes started by revanth.bethala in C:\Users\revanth.bethala\eclipse-workspace\scms)
2026-04-26 20:09:17 DEBUG ScmsApplication - Running with Spring Boot v4.0.6, Spring v7.0.7
2026-04-26 20:09:17 INFO  ScmsApplication - No active profile set, falling back to 1 default profile: "default"
2026-04-26 20:09:19 WARN  JpaBaseConfiguration$JpaWebConfiguration - spring.jpa.open-in-view is enabled by default. Therefore, database queries may be performed during view rendering. Explicitly configure spring.jpa.open-in-view to disable this warning
2026-04-26 20:09:19 INFO  ScmsApplication - Started ScmsApplication in 1.958 seconds (process running for 337.988)
2026-04-26 20:09:21 INFO  ScmsApplication - Starting ScmsApplication using Java 21.0.9 with PID 18920 (C:\Users\revanth.bethala\eclipse-workspace\scms\target\classes started by revanth.bethala in C:\Users\revanth.bethala\eclipse-workspace\scms)
2026-04-26 20:09:21 DEBUG ScmsApplication - Running with Spring Boot v4.0.6, Spring v7.0.7
2026-04-26 20:09:21 INFO  ScmsApplication - No active profile set, falling back to 1 default profile: "default"
2026-04-26 20:09:22 WARN  JpaBaseConfiguration$JpaWebConfiguration - spring.jpa.open-in-view is enabled by default. Therefore, database queries may be performed during view rendering. Explicitly configure spring.jpa.open-in-view to disable this warning
2026-04-26 20:09:23 INFO  ScmsApplication - Started ScmsApplication in 1.921 seconds (process running for 341.822)
2026-04-26 20:09:53 WARN  GlobalExceptionHandler - Route not found: No static resource api/v1/courses for request '/api/v1/courses/'.
2026-04-26 20:09:53 WARN  ExceptionHandlerExceptionResolver - Resolved [org.springframework.web.servlet.resource.NoResourceFoundException: No static resource api/v1/courses for request '/api/v1/courses/'.]
2026-04-26 20:09:56 INFO  RequestLoggingAspect - Request: com.academy.scms.controller.CourseController.createCourse
2026-04-26 20:09:56 DEBUG RequestLoggingAspect - Args: [CourseDto [id=null, title=java fullstack, students=null], org.springframework.validation.BeanPropertyBindingResult: 0 errors]
2026-04-26 20:09:56 INFO  ExecutionTimeAspect - CourseService.createCourse(..) executed in 39 ms
2026-04-26 20:15:23 INFO  ScmsApplication - Starting ScmsApplication using Java 21.0.9 with PID 18920 (C:\Users\revanth.bethala\eclipse-workspace\scms\target\classes started by revanth.bethala in C:\Users\revanth.bethala\eclipse-workspace\scms)
2026-04-26 20:15:23 DEBUG ScmsApplication - Running with Spring Boot v4.0.6, Spring v7.0.7
2026-04-26 20:15:23 INFO  ScmsApplication - No active profile set, falling back to 1 default profile: "default"
2026-04-26 20:15:26 WARN  JpaBaseConfiguration$JpaWebConfiguration - spring.jpa.open-in-view is enabled by default. Therefore, database queries may be performed during view rendering. Explicitly configure spring.jpa.open-in-view to disable this warning
2026-04-26 20:15:27 INFO  ScmsApplication - Started ScmsApplication in 3.95 seconds (process running for 705.637)
2026-04-26 20:15:28 INFO  ScmsApplication - Starting ScmsApplication using Java 21.0.9 with PID 18920 (C:\Users\revanth.bethala\eclipse-workspace\scms\target\classes started by revanth.bethala in C:\Users\revanth.bethala\eclipse-workspace\scms)
2026-04-26 20:15:28 DEBUG ScmsApplication - Running with Spring Boot v4.0.6, Spring v7.0.7
2026-04-26 20:15:28 INFO  ScmsApplication - No active profile set, falling back to 1 default profile: "default"
2026-04-26 20:15:30 WARN  JpaBaseConfiguration$JpaWebConfiguration - spring.jpa.open-in-view is enabled by default. Therefore, database queries may be performed during view rendering. Explicitly configure spring.jpa.open-in-view to disable this warning
2026-04-26 20:15:30 INFO  ScmsApplication - Started ScmsApplication in 2.145 seconds (process running for 709.372)
2026-04-26 20:15:36 INFO  ScmsApplication - Starting ScmsApplication using Java 21.0.9 with PID 18920 (C:\Users\revanth.bethala\eclipse-workspace\scms\target\classes started by revanth.bethala in C:\Users\revanth.bethala\eclipse-workspace\scms)
2026-04-26 20:15:36 DEBUG ScmsApplication - Running with Spring Boot v4.0.6, Spring v7.0.7
2026-04-26 20:15:36 INFO  ScmsApplication - No active profile set, falling back to 1 default profile: "default"
2026-04-26 20:15:37 ERROR LocalContainerEntityManagerFactoryBean - Failed to initialize JPA EntityManagerFactory: Unable to build Hibernate SessionFactory  [persistence unit: default] ; nested exception is org.hibernate.InstantiationException: Could not instantiate entity 'com.academy.scms.entity.CourseEntity' due to: null
2026-04-26 20:15:37 WARN  AnnotationConfigServletWebServerApplicationContext - Exception encountered during context initialization - cancelling refresh attempt: org.springframework.beans.factory.BeanCreationException: Error creating bean with name 'entityManagerFactory' defined in class path resource [org/springframework/boot/hibernate/autoconfigure/HibernateJpaConfiguration.class]: Unable to build Hibernate SessionFactory  [persistence unit: default] ; nested exception is org.hibernate.InstantiationException: Could not instantiate entity 'com.academy.scms.entity.CourseEntity' due to: null
2026-04-26 20:15:37 ERROR SpringApplication - Application run failed
org.springframework.beans.factory.BeanCreationException: Error creating bean with name 'entityManagerFactory' defined in class path resource [org/springframework/boot/hibernate/autoconfigure/HibernateJpaConfiguration.class]: Unable to build Hibernate SessionFactory  [persistence unit: default] ; nested exception is org.hibernate.InstantiationException: Could not instantiate entity 'com.academy.scms.entity.CourseEntity' due to: null
	at org.springframework.beans.factory.support.AbstractAutowireCapableBeanFactory.initializeBean(AbstractAutowireCapableBeanFactory.java:1817)
	at org.springframework.beans.factory.support.AbstractAutowireCapableBeanFactory.doCreateBean(AbstractAutowireCapableBeanFactory.java:603)
	at org.springframework.beans.factory.support.AbstractAutowireCapableBeanFactory.createBean(AbstractAutowireCapableBeanFactory.java:525)
	at org.springframework.beans.factory.support.AbstractBeanFactory.lambda$doGetBean$0(AbstractBeanFactory.java:333)
	at org.springframework.beans.factory.support.DefaultSingletonBeanRegistry.getSingleton(DefaultSingletonBeanRegistry.java:371)
	at org.springframework.beans.factory.support.AbstractBeanFactory.doGetBean(AbstractBeanFactory.java:331)
	at org.springframework.beans.factory.support.AbstractBeanFactory.getBean(AbstractBeanFactory.java:201)
	at org.springframework.context.support.AbstractApplicationContext.finishBeanFactoryInitialization(AbstractApplicationContext.java:977)
	at org.springframework.context.support.AbstractApplicationContext.refresh(AbstractApplicationContext.java:621)
	at org.springframework.boot.web.server.servlet.context.ServletWebServerApplicationContext.refresh(ServletWebServerApplicationContext.java:143)
	at org.springframework.boot.SpringApplication.refresh(SpringApplication.java:756)
	at org.springframework.boot.SpringApplication.refreshContext(SpringApplication.java:445)
	at org.springframework.boot.SpringApplication.run(SpringApplication.java:321)
	at org.springframework.boot.SpringApplication.run(SpringApplication.java:1365)
	at org.springframework.boot.SpringApplication.run(SpringApplication.java:1354)
	at com.academy.scms.ScmsApplication.main(ScmsApplication.java:10)
	at java.base/jdk.internal.reflect.DirectMethodHandleAccessor.invoke(DirectMethodHandleAccessor.java:103)
	at java.base/java.lang.reflect.Method.invoke(Method.java:580)
	at org.springframework.boot.devtools.restart.RestartLauncher.run(RestartLauncher.java:52)
Caused by: jakarta.persistence.PersistenceException: Unable to build Hibernate SessionFactory  [persistence unit: default] ; nested exception is org.hibernate.InstantiationException: Could not instantiate entity 'com.academy.scms.entity.CourseEntity' due to: null
	at org.springframework.orm.jpa.AbstractEntityManagerFactoryBean.buildNativeEntityManagerFactory(AbstractEntityManagerFactoryBean.java:448)
	at org.springframework.orm.jpa.AbstractEntityManagerFactoryBean.afterPropertiesSet(AbstractEntityManagerFactoryBean.java:411)
	at org.springframework.orm.jpa.LocalContainerEntityManagerFactoryBean.afterPropertiesSet(LocalContainerEntityManagerFactoryBean.java:419)
	at org.springframework.beans.factory.support.AbstractAutowireCapableBeanFactory.invokeInitMethods(AbstractAutowireCapableBeanFactory.java:1864)
	at org.springframework.beans.factory.support.AbstractAutowireCapableBeanFactory.initializeBean(AbstractAutowireCapableBeanFactory.java:1813)
	... 18 more
Caused by: org.hibernate.InstantiationException: Could not instantiate entity 'com.academy.scms.entity.CourseEntity' due to: null
	at org.hibernate.metamodel.internal.EntityInstantiatorPojoStandard.instantiate(EntityInstantiatorPojoStandard.java:101)
	at org.hibernate.engine.internal.UnsavedValueFactory.inferUnsavedIdentifierValue(UnsavedValueFactory.java:54)
	at org.hibernate.engine.internal.UnsavedValueFactory.getUnsavedIdentifierValue(UnsavedValueFactory.java:39)
	at org.hibernate.metamodel.mapping.internal.BasicEntityIdentifierMappingImpl.<init>(BasicEntityIdentifierMappingImpl.java:148)
	at org.hibernate.persister.entity.AbstractEntityPersister.generateIdentifierMapping(AbstractEntityPersister.java:5173)
	at org.hibernate.persister.entity.AbstractEntityPersister.lambda$prepareMappingModel$0(AbstractEntityPersister.java:4821)
	at org.hibernate.metamodel.mapping.internal.MappingModelCreationProcess.processSubPart(MappingModelCreationProcess.java:170)
	at org.hibernate.persister.entity.AbstractEntityPersister.prepareMappingModel(AbstractEntityPersister.java:4820)
	at org.hibernate.persister.entity.AbstractEntityPersister.initializeSpecialAttributeMappings(AbstractEntityPersister.java:4682)
	at org.hibernate.persister.entity.AbstractEntityPersister.prepareMappings(AbstractEntityPersister.java:4663)
	at org.hibernate.persister.entity.AbstractEntityPersister.prepareMappingModel(AbstractEntityPersister.java:4631)
	at org.hibernate.metamodel.mapping.internal.MappingModelCreationProcess.execute(MappingModelCreationProcess.java:88)
	at org.hibernate.metamodel.mapping.internal.MappingModelCreationProcess.process(MappingModelCreationProcess.java:43)
	at org.hibernate.metamodel.model.domain.internal.MappingMetamodelImpl.finishInitialization(MappingMetamodelImpl.java:167)
	at org.hibernate.internal.SessionFactoryImpl.<init>(SessionFactoryImpl.java:283)
	at org.hibernate.internal.SessionFactoryRegistry.instantiateSessionFactory(SessionFactoryRegistry.java:64)
	at org.hibernate.boot.internal.SessionFactoryBuilderImpl.build(SessionFactoryBuilderImpl.java:437)
	at org.hibernate.jpa.boot.internal.EntityManagerFactoryBuilderImpl.build(EntityManagerFactoryBuilderImpl.java:1456)
	at org.springframework.orm.jpa.vendor.SpringHibernateJpaPersistenceProvider.createContainerEntityManagerFactory(SpringHibernateJpaPersistenceProvider.java:93)
	at org.springframework.orm.jpa.LocalContainerEntityManagerFactoryBean.createNativeEntityManagerFactory(LocalContainerEntityManagerFactoryBean.java:443)
	at org.springframework.orm.jpa.AbstractEntityManagerFactoryBean.buildNativeEntityManagerFactory(AbstractEntityManagerFactoryBean.java:436)
	... 22 more
Caused by: java.lang.reflect.InvocationTargetException
	at java.base/jdk.internal.reflect.DirectConstructorHandleAccessor.newInstance(DirectConstructorHandleAccessor.java:74)
	at java.base/java.lang.reflect.Constructor.newInstanceWithCaller(Constructor.java:502)
	at java.base/java.lang.reflect.Constructor.newInstance(Constructor.java:486)
	at org.hibernate.metamodel.internal.EntityInstantiatorPojoStandard.instantiate(EntityInstantiatorPojoStandard.java:98)
	... 42 more
Caused by: java.lang.Error: Unresolved compilation problems: 
	EntityListeners cannot be resolved to a type
	AuditingEntityListener cannot be resolved to a type

	at com.academy.scms.entity.CourseEntity.<init>(CourseEntity.java:21)
	at java.base/jdk.internal.reflect.DirectConstructorHandleAccessor.newInstance(DirectConstructorHandleAccessor.java:62)
	... 45 more
2026-04-26 20:15:39 INFO  ScmsApplication - Starting ScmsApplication using Java 21.0.9 with PID 18920 (C:\Users\revanth.bethala\eclipse-workspace\scms\target\classes started by revanth.bethala in C:\Users\revanth.bethala\eclipse-workspace\scms)
2026-04-26 20:15:39 DEBUG ScmsApplication - Running with Spring Boot v4.0.6, Spring v7.0.7
2026-04-26 20:15:39 INFO  ScmsApplication - No active profile set, falling back to 1 default profile: "default"
2026-04-26 20:15:40 WARN  JpaBaseConfiguration$JpaWebConfiguration - spring.jpa.open-in-view is enabled by default. Therefore, database queries may be performed during view rendering. Explicitly configure spring.jpa.open-in-view to disable this warning
2026-04-26 20:15:41 INFO  ScmsApplication - Started ScmsApplication in 2.097 seconds (process running for 719.696)
2026-04-26 20:15:43 INFO  ScmsApplication - Starting ScmsApplication using Java 21.0.9 with PID 18920 (C:\Users\revanth.bethala\eclipse-workspace\scms\target\classes started by revanth.bethala in C:\Users\revanth.bethala\eclipse-workspace\scms)
2026-04-26 20:15:43 DEBUG ScmsApplication - Running with Spring Boot v4.0.6, Spring v7.0.7
2026-04-26 20:15:43 INFO  ScmsApplication - No active profile set, falling back to 1 default profile: "default"
2026-04-26 20:15:45 WARN  JpaBaseConfiguration$JpaWebConfiguration - spring.jpa.open-in-view is enabled by default. Therefore, database queries may be performed during view rendering. Explicitly configure spring.jpa.open-in-view to disable this warning
2026-04-26 20:15:45 INFO  ScmsApplication - Started ScmsApplication in 1.929 seconds (process running for 724.437)
2026-04-26 20:15:49 INFO  ScmsApplication - Starting ScmsApplication using Java 21.0.9 with PID 18920 (C:\Users\revanth.bethala\eclipse-workspace\scms\target\classes started by revanth.bethala in C:\Users\revanth.bethala\eclipse-workspace\scms)
2026-04-26 20:15:49 DEBUG ScmsApplication - Running with Spring Boot v4.0.6, Spring v7.0.7
2026-04-26 20:15:49 INFO  ScmsApplication - No active profile set, falling back to 1 default profile: "default"
2026-04-26 20:15:51 WARN  JpaBaseConfiguration$JpaWebConfiguration - spring.jpa.open-in-view is enabled by default. Therefore, database queries may be performed during view rendering. Explicitly configure spring.jpa.open-in-view to disable this warning
2026-04-26 20:15:51 INFO  ScmsApplication - Started ScmsApplication in 1.977 seconds (process running for 729.999)
2026-04-26 20:16:11 INFO  RequestLoggingAspect - Request: com.academy.scms.controller.CourseController.createCourse
2026-04-26 20:16:11 DEBUG RequestLoggingAspect - Args: [CourseDto [id=null, title=aiml, students=null], org.springframework.validation.BeanPropertyBindingResult: 0 errors]
2026-04-26 20:16:11 INFO  ExecutionTimeAspect - CourseService.createCourse(..) executed in 138 ms
2026-04-26 20:16:34 INFO  RequestLoggingAspect - Request: com.academy.scms.controller.CourseController.getAllCourses
2026-04-26 20:16:34 DEBUG RequestLoggingAspect - Args: []
2026-04-26 20:16:34 INFO  ExecutionTimeAspect - CourseService.getAllCourses() executed in 25 ms
2026-04-26 20:17:07 INFO  RequestLoggingAspect - Request: com.academy.scms.controller.CourseController.deleteCourse
2026-04-26 20:17:07 DEBUG RequestLoggingAspect - Args: [100, 3]
2026-04-26 20:17:08 ERROR ExceptionLoggingAspect - Exception occurred: 
com.academy.scms.exception.AccessDeniedException: You can't modfiy this course
	at com.academy.scms.service.CourseService.deleteCourse(CourseService.java:100)
	at java.base/jdk.internal.reflect.DirectMethodHandleAccessor.invoke(DirectMethodHandleAccessor.java:103)
	at java.base/java.lang.reflect.Method.invoke(Method.java:580)
	at org.springframework.aop.support.AopUtils.invokeJoinpointUsingReflection(AopUtils.java:359)
	at org.springframework.aop.framework.ReflectiveMethodInvocation.invokeJoinpoint(ReflectiveMethodInvocation.java:190)
	at org.springframework.aop.framework.ReflectiveMethodInvocation.proceed(ReflectiveMethodInvocation.java:158)
	at org.springframework.aop.aspectj.MethodInvocationProceedingJoinPoint.proceed(MethodInvocationProceedingJoinPoint.java:82)
	at com.academy.scms.logging.ExecutionTimeAspect.logExecutionTime(ExecutionTimeAspect.java:20)
	at java.base/jdk.internal.reflect.DirectMethodHandleAccessor.invoke(DirectMethodHandleAccessor.java:103)
	at java.base/java.lang.reflect.Method.invoke(Method.java:580)
	at org.springframework.aop.aspectj.AbstractAspectJAdvice.invokeAdviceMethodWithGivenArgs(AbstractAspectJAdvice.java:648)
	at org.springframework.aop.aspectj.AbstractAspectJAdvice.invokeAdviceMethod(AbstractAspectJAdvice.java:630)
	at org.springframework.aop.aspectj.AspectJAroundAdvice.invoke(AspectJAroundAdvice.java:70)
	at org.springframework.aop.framework.ReflectiveMethodInvocation.proceed(ReflectiveMethodInvocation.java:179)
	at org.springframework.aop.aspectj.AspectJAfterThrowingAdvice.invoke(AspectJAfterThrowingAdvice.java:63)
	at org.springframework.aop.framework.ReflectiveMethodInvocation.proceed(ReflectiveMethodInvocation.java:179)
	at org.springframework.aop.interceptor.ExposeInvocationInterceptor.invoke(ExposeInvocationInterceptor.java:96)
	at org.springframework.aop.framework.ReflectiveMethodInvocation.proceed(ReflectiveMethodInvocation.java:179)
	at org.springframework.aop.framework.CglibAopProxy$DynamicAdvisedInterceptor.intercept(CglibAopProxy.java:719)
	at com.academy.scms.service.CourseService$$SpringCGLIB$$0.deleteCourse(<generated>)
	at com.academy.scms.controller.CourseController.deleteCourse(CourseController.java:115)
	at java.base/jdk.internal.reflect.DirectMethodHandleAccessor.invoke(DirectMethodHandleAccessor.java:103)
	at java.base/java.lang.reflect.Method.invoke(Method.java:580)
	at org.springframework.aop.support.AopUtils.invokeJoinpointUsingReflection(AopUtils.java:359)
	at org.springframework.aop.framework.ReflectiveMethodInvocation.invokeJoinpoint(ReflectiveMethodInvocation.java:190)
	at org.springframework.aop.framework.ReflectiveMethodInvocation.proceed(ReflectiveMethodInvocation.java:158)
	at org.springframework.aop.framework.adapter.MethodBeforeAdviceInterceptor.invoke(MethodBeforeAdviceInterceptor.java:57)
	at org.springframework.aop.framework.ReflectiveMethodInvocation.proceed(ReflectiveMethodInvocation.java:179)
	at org.springframework.aop.aspectj.AspectJAfterThrowingAdvice.invoke(AspectJAfterThrowingAdvice.java:63)
	at org.springframework.aop.framework.ReflectiveMethodInvocation.proceed(ReflectiveMethodInvocation.java:179)
	at org.springframework.aop.interceptor.ExposeInvocationInterceptor.invoke(ExposeInvocationInterceptor.java:96)
	at org.springframework.aop.framework.ReflectiveMethodInvocation.proceed(ReflectiveMethodInvocation.java:179)
	at org.springframework.aop.framework.CglibAopProxy$DynamicAdvisedInterceptor.intercept(CglibAopProxy.java:719)
	at com.academy.scms.controller.CourseController$$SpringCGLIB$$0.deleteCourse(<generated>)
	at java.base/jdk.internal.reflect.DirectMethodHandleAccessor.invoke(DirectMethodHandleAccessor.java:103)
	at java.base/java.lang.reflect.Method.invoke(Method.java:580)
	at org.springframework.web.method.support.InvocableHandlerMethod.doInvoke(InvocableHandlerMethod.java:252)
	at org.springframework.web.method.support.InvocableHandlerMethod.invokeForRequest(InvocableHandlerMethod.java:184)
	at org.springframework.web.servlet.mvc.method.annotation.ServletInvocableHandlerMethod.invokeAndHandle(ServletInvocableHandlerMethod.java:117)
	at org.springframework.web.servlet.mvc.method.annotation.RequestMappingHandlerAdapter.invokeHandlerMethod(RequestMappingHandlerAdapter.java:934)
	at org.springframework.web.servlet.mvc.method.annotation.RequestMappingHandlerAdapter.handleInternal(RequestMappingHandlerAdapter.java:853)
	at org.springframework.web.servlet.mvc.method.AbstractHandlerMethodAdapter.handle(AbstractHandlerMethodAdapter.java:86)
	at org.springframework.web.servlet.DispatcherServlet.doDispatch(DispatcherServlet.java:963)
	at org.springframework.web.servlet.DispatcherServlet.doService(DispatcherServlet.java:866)
	at org.springframework.web.servlet.FrameworkServlet.processRequest(FrameworkServlet.java:1000)
	at org.springframework.web.servlet.FrameworkServlet.doDelete(FrameworkServlet.java:925)
	at jakarta.servlet.http.HttpServlet.service(HttpServlet.java:651)
	at org.springframework.web.servlet.FrameworkServlet.service(FrameworkServlet.java:874)
	at jakarta.servlet.http.HttpServlet.service(HttpServlet.java:710)
	at org.apache.catalina.core.ApplicationFilterChain.doFilter(ApplicationFilterChain.java:128)
	at org.apache.tomcat.websocket.server.WsFilter.doFilter(WsFilter.java:53)
	at org.apache.catalina.core.ApplicationFilterChain.doFilter(ApplicationFilterChain.java:107)
	at org.springframework.web.filter.RequestContextFilter.doFilterInternal(RequestContextFilter.java:100)
	at org.springframework.web.filter.OncePerRequestFilter.doFilter(OncePerRequestFilter.java:116)
	at org.apache.catalina.core.ApplicationFilterChain.doFilter(ApplicationFilterChain.java:107)
	at org.springframework.web.filter.FormContentFilter.doFilterInternal(FormContentFilter.java:93)
	at org.springframework.web.filter.OncePerRequestFilter.doFilter(OncePerRequestFilter.java:116)
	at org.apache.catalina.core.ApplicationFilterChain.doFilter(ApplicationFilterChain.java:107)
	at org.springframework.web.filter.CharacterEncodingFilter.doFilterInternal(CharacterEncodingFilter.java:199)
	at org.springframework.web.filter.OncePerRequestFilter.doFilter(OncePerRequestFilter.java:116)
	at org.apache.catalina.core.ApplicationFilterChain.doFilter(ApplicationFilterChain.java:107)
	at org.apache.catalina.core.StandardWrapperValve.invoke(StandardWrapperValve.java:165)
	at org.apache.catalina.core.StandardContextValve.invoke(StandardContextValve.java:77)
	at org.apache.catalina.authenticator.AuthenticatorBase.invoke(AuthenticatorBase.java:492)
	at org.apache.catalina.core.StandardHostValve.invoke(StandardHostValve.java:113)
	at org.apache.catalina.valves.ErrorReportValve.invoke(ErrorReportValve.java:83)
	at org.apache.catalina.core.StandardEngineValve.invoke(StandardEngineValve.java:72)
	at org.apache.catalina.connector.CoyoteAdapter.service(CoyoteAdapter.java:341)
	at org.apache.coyote.http11.Http11Processor.service(Http11Processor.java:397)
	at org.apache.coyote.AbstractProcessorLight.process(AbstractProcessorLight.java:63)
	at org.apache.coyote.AbstractProtocol$ConnectionHandler.process(AbstractProtocol.java:903)
	at org.apache.tomcat.util.net.NioEndpoint$SocketProcessor.doRun(NioEndpoint.java:1801)
	at org.apache.tomcat.util.net.SocketProcessorBase.run(SocketProcessorBase.java:52)
	at org.apache.tomcat.util.threads.ThreadPoolExecutor.runWorker(ThreadPoolExecutor.java:946)
	at org.apache.tomcat.util.threads.ThreadPoolExecutor$Worker.run(ThreadPoolExecutor.java:480)
	at org.apache.tomcat.util.threads.TaskThread$WrappingRunnable.run(TaskThread.java:57)
	at java.base/java.lang.Thread.run(Thread.java:1583)
2026-04-26 20:17:08 ERROR ExceptionLoggingAspect - Exception occurred: 
com.academy.scms.exception.AccessDeniedException: You can't modfiy this course
	at com.academy.scms.service.CourseService.deleteCourse(CourseService.java:100)
	at java.base/jdk.internal.reflect.DirectMethodHandleAccessor.invoke(DirectMethodHandleAccessor.java:103)
	at java.base/java.lang.reflect.Method.invoke(Method.java:580)
	at org.springframework.aop.support.AopUtils.invokeJoinpointUsingReflection(AopUtils.java:359)
	at org.springframework.aop.framework.ReflectiveMethodInvocation.invokeJoinpoint(ReflectiveMethodInvocation.java:190)
	at org.springframework.aop.framework.ReflectiveMethodInvocation.proceed(ReflectiveMethodInvocation.java:158)
	at org.springframework.aop.aspectj.MethodInvocationProceedingJoinPoint.proceed(MethodInvocationProceedingJoinPoint.java:82)
	at com.academy.scms.logging.ExecutionTimeAspect.logExecutionTime(ExecutionTimeAspect.java:20)
	at java.base/jdk.internal.reflect.DirectMethodHandleAccessor.invoke(DirectMethodHandleAccessor.java:103)
	at java.base/java.lang.reflect.Method.invoke(Method.java:580)
	at org.springframework.aop.aspectj.AbstractAspectJAdvice.invokeAdviceMethodWithGivenArgs(AbstractAspectJAdvice.java:648)
	at org.springframework.aop.aspectj.AbstractAspectJAdvice.invokeAdviceMethod(AbstractAspectJAdvice.java:630)
	at org.springframework.aop.aspectj.AspectJAroundAdvice.invoke(AspectJAroundAdvice.java:70)
	at org.springframework.aop.framework.ReflectiveMethodInvocation.proceed(ReflectiveMethodInvocation.java:179)
	at org.springframework.aop.aspectj.AspectJAfterThrowingAdvice.invoke(AspectJAfterThrowingAdvice.java:63)
	at org.springframework.aop.framework.ReflectiveMethodInvocation.proceed(ReflectiveMethodInvocation.java:179)
	at org.springframework.aop.interceptor.ExposeInvocationInterceptor.invoke(ExposeInvocationInterceptor.java:96)
	at org.springframework.aop.framework.ReflectiveMethodInvocation.proceed(ReflectiveMethodInvocation.java:179)
	at org.springframework.aop.framework.CglibAopProxy$DynamicAdvisedInterceptor.intercept(CglibAopProxy.java:719)
	at com.academy.scms.service.CourseService$$SpringCGLIB$$0.deleteCourse(<generated>)
	at com.academy.scms.controller.CourseController.deleteCourse(CourseController.java:115)
	at java.base/jdk.internal.reflect.DirectMethodHandleAccessor.invoke(DirectMethodHandleAccessor.java:103)
	at java.base/java.lang.reflect.Method.invoke(Method.java:580)
	at org.springframework.aop.support.AopUtils.invokeJoinpointUsingReflection(AopUtils.java:359)
	at org.springframework.aop.framework.ReflectiveMethodInvocation.invokeJoinpoint(ReflectiveMethodInvocation.java:190)
	at org.springframework.aop.framework.ReflectiveMethodInvocation.proceed(ReflectiveMethodInvocation.java:158)
	at org.springframework.aop.framework.adapter.MethodBeforeAdviceInterceptor.invoke(MethodBeforeAdviceInterceptor.java:57)
	at org.springframework.aop.framework.ReflectiveMethodInvocation.proceed(ReflectiveMethodInvocation.java:179)
	at org.springframework.aop.aspectj.AspectJAfterThrowingAdvice.invoke(AspectJAfterThrowingAdvice.java:63)
	at org.springframework.aop.framework.ReflectiveMethodInvocation.proceed(ReflectiveMethodInvocation.java:179)
	at org.springframework.aop.interceptor.ExposeInvocationInterceptor.invoke(ExposeInvocationInterceptor.java:96)
	at org.springframework.aop.framework.ReflectiveMethodInvocation.proceed(ReflectiveMethodInvocation.java:179)
	at org.springframework.aop.framework.CglibAopProxy$DynamicAdvisedInterceptor.intercept(CglibAopProxy.java:719)
	at com.academy.scms.controller.CourseController$$SpringCGLIB$$0.deleteCourse(<generated>)
	at java.base/jdk.internal.reflect.DirectMethodHandleAccessor.invoke(DirectMethodHandleAccessor.java:103)
	at java.base/java.lang.reflect.Method.invoke(Method.java:580)
	at org.springframework.web.method.support.InvocableHandlerMethod.doInvoke(InvocableHandlerMethod.java:252)
	at org.springframework.web.method.support.InvocableHandlerMethod.invokeForRequest(InvocableHandlerMethod.java:184)
	at org.springframework.web.servlet.mvc.method.annotation.ServletInvocableHandlerMethod.invokeAndHandle(ServletInvocableHandlerMethod.java:117)
	at org.springframework.web.servlet.mvc.method.annotation.RequestMappingHandlerAdapter.invokeHandlerMethod(RequestMappingHandlerAdapter.java:934)
	at org.springframework.web.servlet.mvc.method.annotation.RequestMappingHandlerAdapter.handleInternal(RequestMappingHandlerAdapter.java:853)
	at org.springframework.web.servlet.mvc.method.AbstractHandlerMethodAdapter.handle(AbstractHandlerMethodAdapter.java:86)
	at org.springframework.web.servlet.DispatcherServlet.doDispatch(DispatcherServlet.java:963)
	at org.springframework.web.servlet.DispatcherServlet.doService(DispatcherServlet.java:866)
	at org.springframework.web.servlet.FrameworkServlet.processRequest(FrameworkServlet.java:1000)
	at org.springframework.web.servlet.FrameworkServlet.doDelete(FrameworkServlet.java:925)
	at jakarta.servlet.http.HttpServlet.service(HttpServlet.java:651)
	at org.springframework.web.servlet.FrameworkServlet.service(FrameworkServlet.java:874)
	at jakarta.servlet.http.HttpServlet.service(HttpServlet.java:710)
	at org.apache.catalina.core.ApplicationFilterChain.doFilter(ApplicationFilterChain.java:128)
	at org.apache.tomcat.websocket.server.WsFilter.doFilter(WsFilter.java:53)
	at org.apache.catalina.core.ApplicationFilterChain.doFilter(ApplicationFilterChain.java:107)
	at org.springframework.web.filter.RequestContextFilter.doFilterInternal(RequestContextFilter.java:100)
	at org.springframework.web.filter.OncePerRequestFilter.doFilter(OncePerRequestFilter.java:116)
	at org.apache.catalina.core.ApplicationFilterChain.doFilter(ApplicationFilterChain.java:107)
	at org.springframework.web.filter.FormContentFilter.doFilterInternal(FormContentFilter.java:93)
	at org.springframework.web.filter.OncePerRequestFilter.doFilter(OncePerRequestFilter.java:116)
	at org.apache.catalina.core.ApplicationFilterChain.doFilter(ApplicationFilterChain.java:107)
	at org.springframework.web.filter.CharacterEncodingFilter.doFilterInternal(CharacterEncodingFilter.java:199)
	at org.springframework.web.filter.OncePerRequestFilter.doFilter(OncePerRequestFilter.java:116)
	at org.apache.catalina.core.ApplicationFilterChain.doFilter(ApplicationFilterChain.java:107)
	at org.apache.catalina.core.StandardWrapperValve.invoke(StandardWrapperValve.java:165)
	at org.apache.catalina.core.StandardContextValve.invoke(StandardContextValve.java:77)
	at org.apache.catalina.authenticator.AuthenticatorBase.invoke(AuthenticatorBase.java:492)
	at org.apache.catalina.core.StandardHostValve.invoke(StandardHostValve.java:113)
	at org.apache.catalina.valves.ErrorReportValve.invoke(ErrorReportValve.java:83)
	at org.apache.catalina.core.StandardEngineValve.invoke(StandardEngineValve.java:72)
	at org.apache.catalina.connector.CoyoteAdapter.service(CoyoteAdapter.java:341)
	at org.apache.coyote.http11.Http11Processor.service(Http11Processor.java:397)
	at org.apache.coyote.AbstractProcessorLight.process(AbstractProcessorLight.java:63)
	at org.apache.coyote.AbstractProtocol$ConnectionHandler.process(AbstractProtocol.java:903)
	at org.apache.tomcat.util.net.NioEndpoint$SocketProcessor.doRun(NioEndpoint.java:1801)
	at org.apache.tomcat.util.net.SocketProcessorBase.run(SocketProcessorBase.java:52)
	at org.apache.tomcat.util.threads.ThreadPoolExecutor.runWorker(ThreadPoolExecutor.java:946)
	at org.apache.tomcat.util.threads.ThreadPoolExecutor$Worker.run(ThreadPoolExecutor.java:480)
	at org.apache.tomcat.util.threads.TaskThread$WrappingRunnable.run(TaskThread.java:57)
	at java.base/java.lang.Thread.run(Thread.java:1583)
2026-04-26 20:17:08 ERROR GlobalExceptionHandler - Unhandled exception
com.academy.scms.exception.AccessDeniedException: You can't modfiy this course
	at com.academy.scms.service.CourseService.deleteCourse(CourseService.java:100)
	at java.base/jdk.internal.reflect.DirectMethodHandleAccessor.invoke(DirectMethodHandleAccessor.java:103)
	at java.base/java.lang.reflect.Method.invoke(Method.java:580)
	at org.springframework.aop.support.AopUtils.invokeJoinpointUsingReflection(AopUtils.java:359)
	at org.springframework.aop.framework.ReflectiveMethodInvocation.invokeJoinpoint(ReflectiveMethodInvocation.java:190)
	at org.springframework.aop.framework.ReflectiveMethodInvocation.proceed(ReflectiveMethodInvocation.java:158)
	at org.springframework.aop.aspectj.MethodInvocationProceedingJoinPoint.proceed(MethodInvocationProceedingJoinPoint.java:82)
	at com.academy.scms.logging.ExecutionTimeAspect.logExecutionTime(ExecutionTimeAspect.java:20)
	at java.base/jdk.internal.reflect.DirectMethodHandleAccessor.invoke(DirectMethodHandleAccessor.java:103)
	at java.base/java.lang.reflect.Method.invoke(Method.java:580)
	at org.springframework.aop.aspectj.AbstractAspectJAdvice.invokeAdviceMethodWithGivenArgs(AbstractAspectJAdvice.java:648)
	at org.springframework.aop.aspectj.AbstractAspectJAdvice.invokeAdviceMethod(AbstractAspectJAdvice.java:630)
	at org.springframework.aop.aspectj.AspectJAroundAdvice.invoke(AspectJAroundAdvice.java:70)
	at org.springframework.aop.framework.ReflectiveMethodInvocation.proceed(ReflectiveMethodInvocation.java:179)
	at org.springframework.aop.aspectj.AspectJAfterThrowingAdvice.invoke(AspectJAfterThrowingAdvice.java:63)
	at org.springframework.aop.framework.ReflectiveMethodInvocation.proceed(ReflectiveMethodInvocation.java:179)
	at org.springframework.aop.interceptor.ExposeInvocationInterceptor.invoke(ExposeInvocationInterceptor.java:96)
	at org.springframework.aop.framework.ReflectiveMethodInvocation.proceed(ReflectiveMethodInvocation.java:179)
	at org.springframework.aop.framework.CglibAopProxy$DynamicAdvisedInterceptor.intercept(CglibAopProxy.java:719)
	at com.academy.scms.service.CourseService$$SpringCGLIB$$0.deleteCourse(<generated>)
	at com.academy.scms.controller.CourseController.deleteCourse(CourseController.java:115)
	at java.base/jdk.internal.reflect.DirectMethodHandleAccessor.invoke(DirectMethodHandleAccessor.java:103)
	at java.base/java.lang.reflect.Method.invoke(Method.java:580)
	at org.springframework.aop.support.AopUtils.invokeJoinpointUsingReflection(AopUtils.java:359)
	at org.springframework.aop.framework.ReflectiveMethodInvocation.invokeJoinpoint(ReflectiveMethodInvocation.java:190)
	at org.springframework.aop.framework.ReflectiveMethodInvocation.proceed(ReflectiveMethodInvocation.java:158)
	at org.springframework.aop.framework.adapter.MethodBeforeAdviceInterceptor.invoke(MethodBeforeAdviceInterceptor.java:57)
	at org.springframework.aop.framework.ReflectiveMethodInvocation.proceed(ReflectiveMethodInvocation.java:179)
	at org.springframework.aop.aspectj.AspectJAfterThrowingAdvice.invoke(AspectJAfterThrowingAdvice.java:63)
	at org.springframework.aop.framework.ReflectiveMethodInvocation.proceed(ReflectiveMethodInvocation.java:179)
	at org.springframework.aop.interceptor.ExposeInvocationInterceptor.invoke(ExposeInvocationInterceptor.java:96)
	at org.springframework.aop.framework.ReflectiveMethodInvocation.proceed(ReflectiveMethodInvocation.java:179)
	at org.springframework.aop.framework.CglibAopProxy$DynamicAdvisedInterceptor.intercept(CglibAopProxy.java:719)
	at com.academy.scms.controller.CourseController$$SpringCGLIB$$0.deleteCourse(<generated>)
	at java.base/jdk.internal.reflect.DirectMethodHandleAccessor.invoke(DirectMethodHandleAccessor.java:103)
	at java.base/java.lang.reflect.Method.invoke(Method.java:580)
	at org.springframework.web.method.support.InvocableHandlerMethod.doInvoke(InvocableHandlerMethod.java:252)
	at org.springframework.web.method.support.InvocableHandlerMethod.invokeForRequest(InvocableHandlerMethod.java:184)
	at org.springframework.web.servlet.mvc.method.annotation.ServletInvocableHandlerMethod.invokeAndHandle(ServletInvocableHandlerMethod.java:117)
	at org.springframework.web.servlet.mvc.method.annotation.RequestMappingHandlerAdapter.invokeHandlerMethod(RequestMappingHandlerAdapter.java:934)
	at org.springframework.web.servlet.mvc.method.annotation.RequestMappingHandlerAdapter.handleInternal(RequestMappingHandlerAdapter.java:853)
	at org.springframework.web.servlet.mvc.method.AbstractHandlerMethodAdapter.handle(AbstractHandlerMethodAdapter.java:86)
	at org.springframework.web.servlet.DispatcherServlet.doDispatch(DispatcherServlet.java:963)
	at org.springframework.web.servlet.DispatcherServlet.doService(DispatcherServlet.java:866)
	at org.springframework.web.servlet.FrameworkServlet.processRequest(FrameworkServlet.java:1000)
	at org.springframework.web.servlet.FrameworkServlet.doDelete(FrameworkServlet.java:925)
	at jakarta.servlet.http.HttpServlet.service(HttpServlet.java:651)
	at org.springframework.web.servlet.FrameworkServlet.service(FrameworkServlet.java:874)
	at jakarta.servlet.http.HttpServlet.service(HttpServlet.java:710)
	at org.apache.catalina.core.ApplicationFilterChain.doFilter(ApplicationFilterChain.java:128)
	at org.apache.tomcat.websocket.server.WsFilter.doFilter(WsFilter.java:53)
	at org.apache.catalina.core.ApplicationFilterChain.doFilter(ApplicationFilterChain.java:107)
	at org.springframework.web.filter.RequestContextFilter.doFilterInternal(RequestContextFilter.java:100)
	at org.springframework.web.filter.OncePerRequestFilter.doFilter(OncePerRequestFilter.java:116)
	at org.apache.catalina.core.ApplicationFilterChain.doFilter(ApplicationFilterChain.java:107)
	at org.springframework.web.filter.FormContentFilter.doFilterInternal(FormContentFilter.java:93)
	at org.springframework.web.filter.OncePerRequestFilter.doFilter(OncePerRequestFilter.java:116)
	at org.apache.catalina.core.ApplicationFilterChain.doFilter(ApplicationFilterChain.java:107)
	at org.springframework.web.filter.CharacterEncodingFilter.doFilterInternal(CharacterEncodingFilter.java:199)
	at org.springframework.web.filter.OncePerRequestFilter.doFilter(OncePerRequestFilter.java:116)
	at org.apache.catalina.core.ApplicationFilterChain.doFilter(ApplicationFilterChain.java:107)
	at org.apache.catalina.core.StandardWrapperValve.invoke(StandardWrapperValve.java:165)
	at org.apache.catalina.core.StandardContextValve.invoke(StandardContextValve.java:77)
	at org.apache.catalina.authenticator.AuthenticatorBase.invoke(AuthenticatorBase.java:492)
	at org.apache.catalina.core.StandardHostValve.invoke(StandardHostValve.java:113)
	at org.apache.catalina.valves.ErrorReportValve.invoke(ErrorReportValve.java:83)
	at org.apache.catalina.core.StandardEngineValve.invoke(StandardEngineValve.java:72)
	at org.apache.catalina.connector.CoyoteAdapter.service(CoyoteAdapter.java:341)
	at org.apache.coyote.http11.Http11Processor.service(Http11Processor.java:397)
	at org.apache.coyote.AbstractProcessorLight.process(AbstractProcessorLight.java:63)
	at org.apache.coyote.AbstractProtocol$ConnectionHandler.process(AbstractProtocol.java:903)
	at org.apache.tomcat.util.net.NioEndpoint$SocketProcessor.doRun(NioEndpoint.java:1801)
	at org.apache.tomcat.util.net.SocketProcessorBase.run(SocketProcessorBase.java:52)
	at org.apache.tomcat.util.threads.ThreadPoolExecutor.runWorker(ThreadPoolExecutor.java:946)
	at org.apache.tomcat.util.threads.ThreadPoolExecutor$Worker.run(ThreadPoolExecutor.java:480)
	at org.apache.tomcat.util.threads.TaskThread$WrappingRunnable.run(TaskThread.java:57)
	at java.base/java.lang.Thread.run(Thread.java:1583)
2026-04-26 20:17:08 WARN  ExceptionHandlerExceptionResolver - Resolved [com.academy.scms.exception.AccessDeniedException: You can't modfiy this course]
2026-04-26 20:17:41 INFO  ScmsApplication - Starting ScmsApplication using Java 21.0.9 with PID 18920 (C:\Users\revanth.bethala\eclipse-workspace\scms\target\classes started by revanth.bethala in C:\Users\revanth.bethala\eclipse-workspace\scms)
2026-04-26 20:17:41 DEBUG ScmsApplication - Running with Spring Boot v4.0.6, Spring v7.0.7
2026-04-26 20:17:41 INFO  ScmsApplication - No active profile set, falling back to 1 default profile: "default"
2026-04-26 20:17:44 WARN  JpaBaseConfiguration$JpaWebConfiguration - spring.jpa.open-in-view is enabled by default. Therefore, database queries may be performed during view rendering. Explicitly configure spring.jpa.open-in-view to disable this warning
2026-04-26 20:17:44 INFO  ScmsApplication - Started ScmsApplication in 3.211 seconds (process running for 843.467)
2026-04-26 20:17:46 INFO  ScmsApplication - Starting ScmsApplication using Java 21.0.9 with PID 18920 (C:\Users\revanth.bethala\eclipse-workspace\scms\target\classes started by revanth.bethala in C:\Users\revanth.bethala\eclipse-workspace\scms)
2026-04-26 20:17:46 DEBUG ScmsApplication - Running with Spring Boot v4.0.6, Spring v7.0.7
2026-04-26 20:17:46 INFO  ScmsApplication - No active profile set, falling back to 1 default profile: "default"
2026-04-26 20:17:48 WARN  JpaBaseConfiguration$JpaWebConfiguration - spring.jpa.open-in-view is enabled by default. Therefore, database queries may be performed during view rendering. Explicitly configure spring.jpa.open-in-view to disable this warning
2026-04-26 20:17:48 INFO  ScmsApplication - Started ScmsApplication in 1.829 seconds (process running for 847.074)
2026-04-26 20:17:54 INFO  ScmsApplication - Starting ScmsApplication using Java 21.0.9 with PID 18920 (C:\Users\revanth.bethala\eclipse-workspace\scms\target\classes started by revanth.bethala in C:\Users\revanth.bethala\eclipse-workspace\scms)
2026-04-26 20:17:54 DEBUG ScmsApplication - Running with Spring Boot v4.0.6, Spring v7.0.7
2026-04-26 20:17:54 INFO  ScmsApplication - No active profile set, falling back to 1 default profile: "default"
2026-04-26 20:17:55 WARN  JpaBaseConfiguration$JpaWebConfiguration - spring.jpa.open-in-view is enabled by default. Therefore, database queries may be performed during view rendering. Explicitly configure spring.jpa.open-in-view to disable this warning
2026-04-26 20:17:56 INFO  ScmsApplication - Started ScmsApplication in 1.89 seconds (process running for 854.72)
2026-04-26 20:18:00 INFO  ScmsApplication - Starting ScmsApplication using Java 21.0.9 with PID 18920 (C:\Users\revanth.bethala\eclipse-workspace\scms\target\classes started by revanth.bethala in C:\Users\revanth.bethala\eclipse-workspace\scms)
2026-04-26 20:18:00 DEBUG ScmsApplication - Running with Spring Boot v4.0.6, Spring v7.0.7
2026-04-26 20:18:00 INFO  ScmsApplication - No active profile set, falling back to 1 default profile: "default"
2026-04-26 20:18:02 WARN  JpaBaseConfiguration$JpaWebConfiguration - spring.jpa.open-in-view is enabled by default. Therefore, database queries may be performed during view rendering. Explicitly configure spring.jpa.open-in-view to disable this warning
2026-04-26 20:18:02 INFO  ScmsApplication - Started ScmsApplication in 2.156 seconds (process running for 861.481)
2026-04-26 20:18:04 INFO  ScmsApplication - Starting ScmsApplication using Java 21.0.9 with PID 18920 (C:\Users\revanth.bethala\eclipse-workspace\scms\target\classes started by revanth.bethala in C:\Users\revanth.bethala\eclipse-workspace\scms)
2026-04-26 20:18:04 DEBUG ScmsApplication - Running with Spring Boot v4.0.6, Spring v7.0.7
2026-04-26 20:18:04 INFO  ScmsApplication - No active profile set, falling back to 1 default profile: "default"
2026-04-26 20:18:06 WARN  JpaBaseConfiguration$JpaWebConfiguration - spring.jpa.open-in-view is enabled by default. Therefore, database queries may be performed during view rendering. Explicitly configure spring.jpa.open-in-view to disable this warning
2026-04-26 20:18:07 INFO  ScmsApplication - Started ScmsApplication in 2.344 seconds (process running for 865.809)
2026-04-26 20:18:12 INFO  RequestLoggingAspect - Request: com.academy.scms.controller.CourseController.deleteCourse
2026-04-26 20:18:12 DEBUG RequestLoggingAspect - Args: [100, 3]
2026-04-26 20:18:12 ERROR ExceptionLoggingAspect - Exception occurred: 
com.academy.scms.exception.AccessDeniedException: You can't modfiy this course
	at com.academy.scms.service.CourseService.deleteCourse(CourseService.java:100)
	at java.base/jdk.internal.reflect.DirectMethodHandleAccessor.invoke(DirectMethodHandleAccessor.java:103)
	at java.base/java.lang.reflect.Method.invoke(Method.java:580)
	at org.springframework.aop.support.AopUtils.invokeJoinpointUsingReflection(AopUtils.java:359)
	at org.springframework.aop.framework.ReflectiveMethodInvocation.invokeJoinpoint(ReflectiveMethodInvocation.java:190)
	at org.springframework.aop.framework.ReflectiveMethodInvocation.proceed(ReflectiveMethodInvocation.java:158)
	at org.springframework.aop.aspectj.MethodInvocationProceedingJoinPoint.proceed(MethodInvocationProceedingJoinPoint.java:82)
	at com.academy.scms.logging.ExecutionTimeAspect.logExecutionTime(ExecutionTimeAspect.java:20)
	at java.base/jdk.internal.reflect.DirectMethodHandleAccessor.invoke(DirectMethodHandleAccessor.java:103)
	at java.base/java.lang.reflect.Method.invoke(Method.java:580)
	at org.springframework.aop.aspectj.AbstractAspectJAdvice.invokeAdviceMethodWithGivenArgs(AbstractAspectJAdvice.java:648)
	at org.springframework.aop.aspectj.AbstractAspectJAdvice.invokeAdviceMethod(AbstractAspectJAdvice.java:630)
	at org.springframework.aop.aspectj.AspectJAroundAdvice.invoke(AspectJAroundAdvice.java:70)
	at org.springframework.aop.framework.ReflectiveMethodInvocation.proceed(ReflectiveMethodInvocation.java:179)
	at org.springframework.aop.aspectj.AspectJAfterThrowingAdvice.invoke(AspectJAfterThrowingAdvice.java:63)
	at org.springframework.aop.framework.ReflectiveMethodInvocation.proceed(ReflectiveMethodInvocation.java:179)
	at org.springframework.aop.interceptor.ExposeInvocationInterceptor.invoke(ExposeInvocationInterceptor.java:96)
	at org.springframework.aop.framework.ReflectiveMethodInvocation.proceed(ReflectiveMethodInvocation.java:179)
	at org.springframework.aop.framework.CglibAopProxy$DynamicAdvisedInterceptor.intercept(CglibAopProxy.java:719)
	at com.academy.scms.service.CourseService$$SpringCGLIB$$0.deleteCourse(<generated>)
	at com.academy.scms.controller.CourseController.deleteCourse(CourseController.java:115)
	at java.base/jdk.internal.reflect.DirectMethodHandleAccessor.invoke(DirectMethodHandleAccessor.java:103)
	at java.base/java.lang.reflect.Method.invoke(Method.java:580)
	at org.springframework.aop.support.AopUtils.invokeJoinpointUsingReflection(AopUtils.java:359)
	at org.springframework.aop.framework.ReflectiveMethodInvocation.invokeJoinpoint(ReflectiveMethodInvocation.java:190)
	at org.springframework.aop.framework.ReflectiveMethodInvocation.proceed(ReflectiveMethodInvocation.java:158)
	at org.springframework.aop.framework.adapter.MethodBeforeAdviceInterceptor.invoke(MethodBeforeAdviceInterceptor.java:57)
	at org.springframework.aop.framework.ReflectiveMethodInvocation.proceed(ReflectiveMethodInvocation.java:179)
	at org.springframework.aop.aspectj.AspectJAfterThrowingAdvice.invoke(AspectJAfterThrowingAdvice.java:63)
	at org.springframework.aop.framework.ReflectiveMethodInvocation.proceed(ReflectiveMethodInvocation.java:179)
	at org.springframework.aop.interceptor.ExposeInvocationInterceptor.invoke(ExposeInvocationInterceptor.java:96)
	at org.springframework.aop.framework.ReflectiveMethodInvocation.proceed(ReflectiveMethodInvocation.java:179)
	at org.springframework.aop.framework.CglibAopProxy$DynamicAdvisedInterceptor.intercept(CglibAopProxy.java:719)
	at com.academy.scms.controller.CourseController$$SpringCGLIB$$0.deleteCourse(<generated>)
	at java.base/jdk.internal.reflect.DirectMethodHandleAccessor.invoke(DirectMethodHandleAccessor.java:103)
	at java.base/java.lang.reflect.Method.invoke(Method.java:580)
	at org.springframework.web.method.support.InvocableHandlerMethod.doInvoke(InvocableHandlerMethod.java:252)
	at org.springframework.web.method.support.InvocableHandlerMethod.invokeForRequest(InvocableHandlerMethod.java:184)
	at org.springframework.web.servlet.mvc.method.annotation.ServletInvocableHandlerMethod.invokeAndHandle(ServletInvocableHandlerMethod.java:117)
	at org.springframework.web.servlet.mvc.method.annotation.RequestMappingHandlerAdapter.invokeHandlerMethod(RequestMappingHandlerAdapter.java:934)
	at org.springframework.web.servlet.mvc.method.annotation.RequestMappingHandlerAdapter.handleInternal(RequestMappingHandlerAdapter.java:853)
	at org.springframework.web.servlet.mvc.method.AbstractHandlerMethodAdapter.handle(AbstractHandlerMethodAdapter.java:86)
	at org.springframework.web.servlet.DispatcherServlet.doDispatch(DispatcherServlet.java:963)
	at org.springframework.web.servlet.DispatcherServlet.doService(DispatcherServlet.java:866)
	at org.springframework.web.servlet.FrameworkServlet.processRequest(FrameworkServlet.java:1000)
	at org.springframework.web.servlet.FrameworkServlet.doDelete(FrameworkServlet.java:925)
	at jakarta.servlet.http.HttpServlet.service(HttpServlet.java:651)
	at org.springframework.web.servlet.FrameworkServlet.service(FrameworkServlet.java:874)
	at jakarta.servlet.http.HttpServlet.service(HttpServlet.java:710)
	at org.apache.catalina.core.ApplicationFilterChain.doFilter(ApplicationFilterChain.java:128)
	at org.apache.tomcat.websocket.server.WsFilter.doFilter(WsFilter.java:53)
	at org.apache.catalina.core.ApplicationFilterChain.doFilter(ApplicationFilterChain.java:107)
	at org.springframework.web.filter.RequestContextFilter.doFilterInternal(RequestContextFilter.java:100)
	at org.springframework.web.filter.OncePerRequestFilter.doFilter(OncePerRequestFilter.java:116)
	at org.apache.catalina.core.ApplicationFilterChain.doFilter(ApplicationFilterChain.java:107)
	at org.springframework.web.filter.FormContentFilter.doFilterInternal(FormContentFilter.java:93)
	at org.springframework.web.filter.OncePerRequestFilter.doFilter(OncePerRequestFilter.java:116)
	at org.apache.catalina.core.ApplicationFilterChain.doFilter(ApplicationFilterChain.java:107)
	at org.springframework.web.filter.CharacterEncodingFilter.doFilterInternal(CharacterEncodingFilter.java:199)
	at org.springframework.web.filter.OncePerRequestFilter.doFilter(OncePerRequestFilter.java:116)
	at org.apache.catalina.core.ApplicationFilterChain.doFilter(ApplicationFilterChain.java:107)
	at org.apache.catalina.core.StandardWrapperValve.invoke(StandardWrapperValve.java:165)
	at org.apache.catalina.core.StandardContextValve.invoke(StandardContextValve.java:77)
	at org.apache.catalina.authenticator.AuthenticatorBase.invoke(AuthenticatorBase.java:492)
	at org.apache.catalina.core.StandardHostValve.invoke(StandardHostValve.java:113)
	at org.apache.catalina.valves.ErrorReportValve.invoke(ErrorReportValve.java:83)
	at org.apache.catalina.core.StandardEngineValve.invoke(StandardEngineValve.java:72)
	at org.apache.catalina.connector.CoyoteAdapter.service(CoyoteAdapter.java:341)
	at org.apache.coyote.http11.Http11Processor.service(Http11Processor.java:397)
	at org.apache.coyote.AbstractProcessorLight.process(AbstractProcessorLight.java:63)
	at org.apache.coyote.AbstractProtocol$ConnectionHandler.process(AbstractProtocol.java:903)
	at org.apache.tomcat.util.net.NioEndpoint$SocketProcessor.doRun(NioEndpoint.java:1801)
	at org.apache.tomcat.util.net.SocketProcessorBase.run(SocketProcessorBase.java:52)
	at org.apache.tomcat.util.threads.ThreadPoolExecutor.runWorker(ThreadPoolExecutor.java:946)
	at org.apache.tomcat.util.threads.ThreadPoolExecutor$Worker.run(ThreadPoolExecutor.java:480)
	at org.apache.tomcat.util.threads.TaskThread$WrappingRunnable.run(TaskThread.java:57)
	at java.base/java.lang.Thread.run(Thread.java:1583)
2026-04-26 20:18:12 ERROR ExceptionLoggingAspect - Exception occurred: 
com.academy.scms.exception.AccessDeniedException: You can't modfiy this course
	at com.academy.scms.service.CourseService.deleteCourse(CourseService.java:100)
	at java.base/jdk.internal.reflect.DirectMethodHandleAccessor.invoke(DirectMethodHandleAccessor.java:103)
	at java.base/java.lang.reflect.Method.invoke(Method.java:580)
	at org.springframework.aop.support.AopUtils.invokeJoinpointUsingReflection(AopUtils.java:359)
	at org.springframework.aop.framework.ReflectiveMethodInvocation.invokeJoinpoint(ReflectiveMethodInvocation.java:190)
	at org.springframework.aop.framework.ReflectiveMethodInvocation.proceed(ReflectiveMethodInvocation.java:158)
	at org.springframework.aop.aspectj.MethodInvocationProceedingJoinPoint.proceed(MethodInvocationProceedingJoinPoint.java:82)
	at com.academy.scms.logging.ExecutionTimeAspect.logExecutionTime(ExecutionTimeAspect.java:20)
	at java.base/jdk.internal.reflect.DirectMethodHandleAccessor.invoke(DirectMethodHandleAccessor.java:103)
	at java.base/java.lang.reflect.Method.invoke(Method.java:580)
	at org.springframework.aop.aspectj.AbstractAspectJAdvice.invokeAdviceMethodWithGivenArgs(AbstractAspectJAdvice.java:648)
	at org.springframework.aop.aspectj.AbstractAspectJAdvice.invokeAdviceMethod(AbstractAspectJAdvice.java:630)
	at org.springframework.aop.aspectj.AspectJAroundAdvice.invoke(AspectJAroundAdvice.java:70)
	at org.springframework.aop.framework.ReflectiveMethodInvocation.proceed(ReflectiveMethodInvocation.java:179)
	at org.springframework.aop.aspectj.AspectJAfterThrowingAdvice.invoke(AspectJAfterThrowingAdvice.java:63)
	at org.springframework.aop.framework.ReflectiveMethodInvocation.proceed(ReflectiveMethodInvocation.java:179)
	at org.springframework.aop.interceptor.ExposeInvocationInterceptor.invoke(ExposeInvocationInterceptor.java:96)
	at org.springframework.aop.framework.ReflectiveMethodInvocation.proceed(ReflectiveMethodInvocation.java:179)
	at org.springframework.aop.framework.CglibAopProxy$DynamicAdvisedInterceptor.intercept(CglibAopProxy.java:719)
	at com.academy.scms.service.CourseService$$SpringCGLIB$$0.deleteCourse(<generated>)
	at com.academy.scms.controller.CourseController.deleteCourse(CourseController.java:115)
	at java.base/jdk.internal.reflect.DirectMethodHandleAccessor.invoke(DirectMethodHandleAccessor.java:103)
	at java.base/java.lang.reflect.Method.invoke(Method.java:580)
	at org.springframework.aop.support.AopUtils.invokeJoinpointUsingReflection(AopUtils.java:359)
	at org.springframework.aop.framework.ReflectiveMethodInvocation.invokeJoinpoint(ReflectiveMethodInvocation.java:190)
	at org.springframework.aop.framework.ReflectiveMethodInvocation.proceed(ReflectiveMethodInvocation.java:158)
	at org.springframework.aop.framework.adapter.MethodBeforeAdviceInterceptor.invoke(MethodBeforeAdviceInterceptor.java:57)
	at org.springframework.aop.framework.ReflectiveMethodInvocation.proceed(ReflectiveMethodInvocation.java:179)
	at org.springframework.aop.aspectj.AspectJAfterThrowingAdvice.invoke(AspectJAfterThrowingAdvice.java:63)
	at org.springframework.aop.framework.ReflectiveMethodInvocation.proceed(ReflectiveMethodInvocation.java:179)
	at org.springframework.aop.interceptor.ExposeInvocationInterceptor.invoke(ExposeInvocationInterceptor.java:96)
	at org.springframework.aop.framework.ReflectiveMethodInvocation.proceed(ReflectiveMethodInvocation.java:179)
	at org.springframework.aop.framework.CglibAopProxy$DynamicAdvisedInterceptor.intercept(CglibAopProxy.java:719)
	at com.academy.scms.controller.CourseController$$SpringCGLIB$$0.deleteCourse(<generated>)
	at java.base/jdk.internal.reflect.DirectMethodHandleAccessor.invoke(DirectMethodHandleAccessor.java:103)
	at java.base/java.lang.reflect.Method.invoke(Method.java:580)
	at org.springframework.web.method.support.InvocableHandlerMethod.doInvoke(InvocableHandlerMethod.java:252)
	at org.springframework.web.method.support.InvocableHandlerMethod.invokeForRequest(InvocableHandlerMethod.java:184)
	at org.springframework.web.servlet.mvc.method.annotation.ServletInvocableHandlerMethod.invokeAndHandle(ServletInvocableHandlerMethod.java:117)
	at org.springframework.web.servlet.mvc.method.annotation.RequestMappingHandlerAdapter.invokeHandlerMethod(RequestMappingHandlerAdapter.java:934)
	at org.springframework.web.servlet.mvc.method.annotation.RequestMappingHandlerAdapter.handleInternal(RequestMappingHandlerAdapter.java:853)
	at org.springframework.web.servlet.mvc.method.AbstractHandlerMethodAdapter.handle(AbstractHandlerMethodAdapter.java:86)
	at org.springframework.web.servlet.DispatcherServlet.doDispatch(DispatcherServlet.java:963)
	at org.springframework.web.servlet.DispatcherServlet.doService(DispatcherServlet.java:866)
	at org.springframework.web.servlet.FrameworkServlet.processRequest(FrameworkServlet.java:1000)
	at org.springframework.web.servlet.FrameworkServlet.doDelete(FrameworkServlet.java:925)
	at jakarta.servlet.http.HttpServlet.service(HttpServlet.java:651)
	at org.springframework.web.servlet.FrameworkServlet.service(FrameworkServlet.java:874)
	at jakarta.servlet.http.HttpServlet.service(HttpServlet.java:710)
	at org.apache.catalina.core.ApplicationFilterChain.doFilter(ApplicationFilterChain.java:128)
	at org.apache.tomcat.websocket.server.WsFilter.doFilter(WsFilter.java:53)
	at org.apache.catalina.core.ApplicationFilterChain.doFilter(ApplicationFilterChain.java:107)
	at org.springframework.web.filter.RequestContextFilter.doFilterInternal(RequestContextFilter.java:100)
	at org.springframework.web.filter.OncePerRequestFilter.doFilter(OncePerRequestFilter.java:116)
	at org.apache.catalina.core.ApplicationFilterChain.doFilter(ApplicationFilterChain.java:107)
	at org.springframework.web.filter.FormContentFilter.doFilterInternal(FormContentFilter.java:93)
	at org.springframework.web.filter.OncePerRequestFilter.doFilter(OncePerRequestFilter.java:116)
	at org.apache.catalina.core.ApplicationFilterChain.doFilter(ApplicationFilterChain.java:107)
	at org.springframework.web.filter.CharacterEncodingFilter.doFilterInternal(CharacterEncodingFilter.java:199)
	at org.springframework.web.filter.OncePerRequestFilter.doFilter(OncePerRequestFilter.java:116)
	at org.apache.catalina.core.ApplicationFilterChain.doFilter(ApplicationFilterChain.java:107)
	at org.apache.catalina.core.StandardWrapperValve.invoke(StandardWrapperValve.java:165)
	at org.apache.catalina.core.StandardContextValve.invoke(StandardContextValve.java:77)
	at org.apache.catalina.authenticator.AuthenticatorBase.invoke(AuthenticatorBase.java:492)
	at org.apache.catalina.core.StandardHostValve.invoke(StandardHostValve.java:113)
	at org.apache.catalina.valves.ErrorReportValve.invoke(ErrorReportValve.java:83)
	at org.apache.catalina.core.StandardEngineValve.invoke(StandardEngineValve.java:72)
	at org.apache.catalina.connector.CoyoteAdapter.service(CoyoteAdapter.java:341)
	at org.apache.coyote.http11.Http11Processor.service(Http11Processor.java:397)
	at org.apache.coyote.AbstractProcessorLight.process(AbstractProcessorLight.java:63)
	at org.apache.coyote.AbstractProtocol$ConnectionHandler.process(AbstractProtocol.java:903)
	at org.apache.tomcat.util.net.NioEndpoint$SocketProcessor.doRun(NioEndpoint.java:1801)
	at org.apache.tomcat.util.net.SocketProcessorBase.run(SocketProcessorBase.java:52)
	at org.apache.tomcat.util.threads.ThreadPoolExecutor.runWorker(ThreadPoolExecutor.java:946)
	at org.apache.tomcat.util.threads.ThreadPoolExecutor$Worker.run(ThreadPoolExecutor.java:480)
	at org.apache.tomcat.util.threads.TaskThread$WrappingRunnable.run(TaskThread.java:57)
	at java.base/java.lang.Thread.run(Thread.java:1583)
2026-04-26 20:18:12 WARN  GlobalExceptionHandler - Invalid args recieve: You can't modfiy this course
2026-04-26 20:18:12 WARN  ExceptionHandlerExceptionResolver - Resolved [com.academy.scms.exception.AccessDeniedException: You can't modfiy this course]
2026-04-27 08:39:09 INFO  ScmsApplication - Starting ScmsApplication using Java 21.0.9 with PID 7696 (C:\Users\revanth.bethala\eclipse-workspace\scms\target\classes started by revanth.bethala in C:\Users\revanth.bethala\eclipse-workspace\scms)
2026-04-27 08:39:09 DEBUG ScmsApplication - Running with Spring Boot v4.0.6, Spring v7.0.7
2026-04-27 08:39:09 INFO  ScmsApplication - No active profile set, falling back to 1 default profile: "default"
2026-04-27 08:39:17 WARN  JpaBaseConfiguration$JpaWebConfiguration - spring.jpa.open-in-view is enabled by default. Therefore, database queries may be performed during view rendering. Explicitly configure spring.jpa.open-in-view to disable this warning
2026-04-27 08:39:17 INFO  ScmsApplication - Started ScmsApplication in 8.178 seconds (process running for 9.186)
2026-04-27 08:39:44 INFO  ScmsApplication - Starting ScmsApplication using Java 21.0.9 with PID 7696 (C:\Users\revanth.bethala\eclipse-workspace\scms\target\classes started by revanth.bethala in C:\Users\revanth.bethala\eclipse-workspace\scms)
2026-04-27 08:39:44 DEBUG ScmsApplication - Running with Spring Boot v4.0.6, Spring v7.0.7
2026-04-27 08:39:44 INFO  ScmsApplication - No active profile set, falling back to 1 default profile: "default"
2026-04-27 08:39:47 WARN  JpaBaseConfiguration$JpaWebConfiguration - spring.jpa.open-in-view is enabled by default. Therefore, database queries may be performed during view rendering. Explicitly configure spring.jpa.open-in-view to disable this warning
2026-04-27 08:39:48 INFO  ScmsApplication - Started ScmsApplication in 3.534 seconds (process running for 39.994)
2026-04-27 08:39:49 INFO  ScmsApplication - Starting ScmsApplication using Java 21.0.9 with PID 7696 (C:\Users\revanth.bethala\eclipse-workspace\scms\target\classes started by revanth.bethala in C:\Users\revanth.bethala\eclipse-workspace\scms)
2026-04-27 08:39:49 DEBUG ScmsApplication - Running with Spring Boot v4.0.6, Spring v7.0.7
2026-04-27 08:39:49 INFO  ScmsApplication - No active profile set, falling back to 1 default profile: "default"
2026-04-27 08:39:53 WARN  JpaBaseConfiguration$JpaWebConfiguration - spring.jpa.open-in-view is enabled by default. Therefore, database queries may be performed during view rendering. Explicitly configure spring.jpa.open-in-view to disable this warning
2026-04-27 08:39:53 INFO  ScmsApplication - Started ScmsApplication in 3.45 seconds (process running for 45.274)
2026-04-27 08:40:15 INFO  RequestLoggingAspect - Request: com.academy.scms.controller.CourseController.getAllCourses
2026-04-27 08:40:16 DEBUG RequestLoggingAspect - Args: []
2026-04-27 08:40:16 INFO  ExecutionTimeAspect - CourseService.getAllCourses() executed in 501 ms
2026-04-27 08:40:48 INFO  RequestLoggingAspect - Request: com.academy.scms.controller.AuthController.sayHello
2026-04-27 08:40:48 DEBUG RequestLoggingAspect - Args: []
2026-04-27 08:41:07 INFO  RequestLoggingAspect - Request: com.academy.scms.controller.AuthController.loginUser
2026-04-27 08:41:07 DEBUG RequestLoggingAspect - Args: [com.academy.scms.dto.LoginDto@773014fc, org.springframework.validation.BeanPropertyBindingResult: 0 errors]
2026-04-27 08:41:08 INFO  ExecutionTimeAspect - AuthService.loginService(..) executed in 806 ms
2026-04-27 08:41:24 INFO  RequestLoggingAspect - Request: com.academy.scms.controller.StudentController.getAllStudents
2026-04-27 08:41:24 DEBUG RequestLoggingAspect - Args: []
2026-04-27 08:41:24 INFO  ExecutionTimeAspect - StudentService.getAllStudents() executed in 39 ms
2026-04-27 08:42:21 INFO  ScmsApplication - Starting ScmsApplication using Java 21.0.9 with PID 7696 (C:\Users\revanth.bethala\eclipse-workspace\scms\target\classes started by revanth.bethala in C:\Users\revanth.bethala\eclipse-workspace\scms)
2026-04-27 08:42:21 DEBUG ScmsApplication - Running with Spring Boot v4.0.6, Spring v7.0.7
2026-04-27 08:42:21 INFO  ScmsApplication - No active profile set, falling back to 1 default profile: "default"
2026-04-27 08:42:24 WARN  JpaBaseConfiguration$JpaWebConfiguration - spring.jpa.open-in-view is enabled by default. Therefore, database queries may be performed during view rendering. Explicitly configure spring.jpa.open-in-view to disable this warning
2026-04-27 08:42:24 INFO  ScmsApplication - Started ScmsApplication in 3.517 seconds (process running for 198.183)
2026-04-27 08:42:33 INFO  ScmsApplication - Starting ScmsApplication using Java 21.0.9 with PID 7696 (C:\Users\revanth.bethala\eclipse-workspace\scms\target\classes started by revanth.bethala in C:\Users\revanth.bethala\eclipse-workspace\scms)
2026-04-27 08:42:33 DEBUG ScmsApplication - Running with Spring Boot v4.0.6, Spring v7.0.7
2026-04-27 08:42:33 INFO  ScmsApplication - No active profile set, falling back to 1 default profile: "default"
2026-04-27 08:42:38 WARN  JpaBaseConfiguration$JpaWebConfiguration - spring.jpa.open-in-view is enabled by default. Therefore, database queries may be performed during view rendering. Explicitly configure spring.jpa.open-in-view to disable this warning
2026-04-27 08:42:38 INFO  ScmsApplication - Started ScmsApplication in 4.967 seconds (process running for 211.88)
2026-04-27 08:42:50 INFO  ScmsApplication - Starting ScmsApplication using Java 21.0.9 with PID 7696 (C:\Users\revanth.bethala\eclipse-workspace\scms\target\classes started by revanth.bethala in C:\Users\revanth.bethala\eclipse-workspace\scms)
2026-04-27 08:42:50 DEBUG ScmsApplication - Running with Spring Boot v4.0.6, Spring v7.0.7
2026-04-27 08:42:50 INFO  ScmsApplication - No active profile set, falling back to 1 default profile: "default"
2026-04-27 08:42:53 WARN  JpaBaseConfiguration$JpaWebConfiguration - spring.jpa.open-in-view is enabled by default. Therefore, database queries may be performed during view rendering. Explicitly configure spring.jpa.open-in-view to disable this warning
2026-04-27 08:42:53 INFO  ScmsApplication - Started ScmsApplication in 3.246 seconds (process running for 226.981)
2026-04-27 08:43:24 INFO  ScmsApplication - Starting ScmsApplication using Java 21.0.9 with PID 7696 (C:\Users\revanth.bethala\eclipse-workspace\scms\target\classes started by revanth.bethala in C:\Users\revanth.bethala\eclipse-workspace\scms)
2026-04-27 08:43:24 DEBUG ScmsApplication - Running with Spring Boot v4.0.6, Spring v7.0.7
2026-04-27 08:43:24 INFO  ScmsApplication - No active profile set, falling back to 1 default profile: "default"
2026-04-27 08:43:27 WARN  JpaBaseConfiguration$JpaWebConfiguration - spring.jpa.open-in-view is enabled by default. Therefore, database queries may be performed during view rendering. Explicitly configure spring.jpa.open-in-view to disable this warning
2026-04-27 08:43:28 INFO  ScmsApplication - Started ScmsApplication in 3.287 seconds (process running for 262.031)
2026-04-27 08:43:29 INFO  ScmsApplication - Starting ScmsApplication using Java 21.0.9 with PID 7696 (C:\Users\revanth.bethala\eclipse-workspace\scms\target\classes started by revanth.bethala in C:\Users\revanth.bethala\eclipse-workspace\scms)
2026-04-27 08:43:29 DEBUG ScmsApplication - Running with Spring Boot v4.0.6, Spring v7.0.7
2026-04-27 08:43:29 INFO  ScmsApplication - No active profile set, falling back to 1 default profile: "default"
2026-04-27 08:43:33 WARN  JpaBaseConfiguration$JpaWebConfiguration - spring.jpa.open-in-view is enabled by default. Therefore, database queries may be performed during view rendering. Explicitly configure spring.jpa.open-in-view to disable this warning
2026-04-27 08:43:34 INFO  ScmsApplication - Started ScmsApplication in 4.945 seconds (process running for 268.525)
2026-04-27 08:43:34 ERROR GlobalExceptionHandler - Unhandled exception
jakarta.servlet.ServletException: Handler dispatch failed: java.lang.Error: Unresolved compilation problem: 
	List cannot be resolved

	at org.springframework.web.servlet.DispatcherServlet.doDispatch(DispatcherServlet.java:978)
	at org.springframework.web.servlet.DispatcherServlet.doService(DispatcherServlet.java:866)
	at org.springframework.web.servlet.FrameworkServlet.processRequest(FrameworkServlet.java:1000)
	at org.springframework.web.servlet.FrameworkServlet.doGet(FrameworkServlet.java:892)
	at jakarta.servlet.http.HttpServlet.service(HttpServlet.java:622)
	at org.springframework.web.servlet.FrameworkServlet.service(FrameworkServlet.java:874)
	at jakarta.servlet.http.HttpServlet.service(HttpServlet.java:710)
	at org.apache.catalina.core.ApplicationFilterChain.doFilter(ApplicationFilterChain.java:128)
	at org.apache.tomcat.websocket.server.WsFilter.doFilter(WsFilter.java:53)
	at org.apache.catalina.core.ApplicationFilterChain.doFilter(ApplicationFilterChain.java:107)
	at org.springframework.web.filter.RequestContextFilter.doFilterInternal(RequestContextFilter.java:100)
	at org.springframework.web.filter.OncePerRequestFilter.doFilter(OncePerRequestFilter.java:116)
	at org.apache.catalina.core.ApplicationFilterChain.doFilter(ApplicationFilterChain.java:107)
	at org.springframework.web.filter.FormContentFilter.doFilterInternal(FormContentFilter.java:93)
	at org.springframework.web.filter.OncePerRequestFilter.doFilter(OncePerRequestFilter.java:116)
	at org.apache.catalina.core.ApplicationFilterChain.doFilter(ApplicationFilterChain.java:107)
	at org.springframework.web.filter.CharacterEncodingFilter.doFilterInternal(CharacterEncodingFilter.java:199)
	at org.springframework.web.filter.OncePerRequestFilter.doFilter(OncePerRequestFilter.java:116)
	at org.apache.catalina.core.ApplicationFilterChain.doFilter(ApplicationFilterChain.java:107)
	at org.apache.catalina.core.StandardWrapperValve.invoke(StandardWrapperValve.java:165)
	at org.apache.catalina.core.StandardContextValve.invoke(StandardContextValve.java:77)
	at org.apache.catalina.authenticator.AuthenticatorBase.invoke(AuthenticatorBase.java:492)
	at org.apache.catalina.core.StandardHostValve.invoke(StandardHostValve.java:113)
	at org.apache.catalina.valves.ErrorReportValve.invoke(ErrorReportValve.java:83)
	at org.apache.catalina.core.StandardEngineValve.invoke(StandardEngineValve.java:72)
	at org.apache.catalina.connector.CoyoteAdapter.service(CoyoteAdapter.java:341)
	at org.apache.coyote.http11.Http11Processor.service(Http11Processor.java:397)
	at org.apache.coyote.AbstractProcessorLight.process(AbstractProcessorLight.java:63)
	at org.apache.coyote.AbstractProtocol$ConnectionHandler.process(AbstractProtocol.java:903)
	at org.apache.tomcat.util.net.NioEndpoint$SocketProcessor.doRun(NioEndpoint.java:1801)
	at org.apache.tomcat.util.net.SocketProcessorBase.run(SocketProcessorBase.java:52)
	at org.apache.tomcat.util.threads.ThreadPoolExecutor.runWorker(ThreadPoolExecutor.java:946)
	at org.apache.tomcat.util.threads.ThreadPoolExecutor$Worker.run(ThreadPoolExecutor.java:480)
	at org.apache.tomcat.util.threads.TaskThread$WrappingRunnable.run(TaskThread.java:57)
	at java.base/java.lang.Thread.run(Thread.java:1583)
Caused by: java.lang.Error: Unresolved compilation problem: 
	List cannot be resolved

	at com.academy.scms.security.AuthInterceptor.preHandle(AuthInterceptor.java:52)
	at java.base/jdk.internal.reflect.DirectMethodHandleAccessor.invoke(DirectMethodHandleAccessor.java:103)
	at java.base/java.lang.reflect.Method.invoke(Method.java:580)
	at org.springframework.aop.support.AopUtils.invokeJoinpointUsingReflection(AopUtils.java:359)
	at org.springframework.aop.framework.ReflectiveMethodInvocation.invokeJoinpoint(ReflectiveMethodInvocation.java:190)
	at org.springframework.aop.framework.ReflectiveMethodInvocation.proceed(ReflectiveMethodInvocation.java:158)
	at org.springframework.aop.aspectj.AspectJAfterThrowingAdvice.invoke(AspectJAfterThrowingAdvice.java:63)
	at org.springframework.aop.framework.ReflectiveMethodInvocation.proceed(ReflectiveMethodInvocation.java:179)
	at org.springframework.aop.interceptor.ExposeInvocationInterceptor.invoke(ExposeInvocationInterceptor.java:96)
	at org.springframework.aop.framework.ReflectiveMethodInvocation.proceed(ReflectiveMethodInvocation.java:179)
	at org.springframework.aop.framework.CglibAopProxy$DynamicAdvisedInterceptor.intercept(CglibAopProxy.java:719)
	at com.academy.scms.security.AuthInterceptor$$SpringCGLIB$$0.preHandle(<generated>)
	at org.springframework.web.servlet.HandlerExecutionChain.applyPreHandle(HandlerExecutionChain.java:145)
	at org.springframework.web.servlet.DispatcherServlet.doDispatch(DispatcherServlet.java:957)
	... 34 more
2026-04-27 08:43:34 WARN  ExceptionHandlerExceptionResolver - Resolved [jakarta.servlet.ServletException: Handler dispatch failed: java.lang.Error: Unresolved compilation problem: <EOL>?List cannot be resolved<EOL>]
2026-04-27 08:43:36 INFO  ScmsApplication - Starting ScmsApplication using Java 21.0.9 with PID 7696 (C:\Users\revanth.bethala\eclipse-workspace\scms\target\classes started by revanth.bethala in C:\Users\revanth.bethala\eclipse-workspace\scms)
2026-04-27 08:43:36 DEBUG ScmsApplication - Running with Spring Boot v4.0.6, Spring v7.0.7
2026-04-27 08:43:36 INFO  ScmsApplication - No active profile set, falling back to 1 default profile: "default"
2026-04-27 08:43:38 WARN  JpaBaseConfiguration$JpaWebConfiguration - spring.jpa.open-in-view is enabled by default. Therefore, database queries may be performed during view rendering. Explicitly configure spring.jpa.open-in-view to disable this warning
2026-04-27 08:43:39 INFO  ScmsApplication - Started ScmsApplication in 3.074 seconds (process running for 273.052)
2026-04-27 08:43:44 INFO  RequestLoggingAspect - Request: com.academy.scms.controller.StudentController.getStudentById
2026-04-27 08:43:44 DEBUG RequestLoggingAspect - Args: [1]
2026-04-27 08:43:44 INFO  ExecutionTimeAspect - StudentService.getStudentById(..) executed in 49 ms
2026-04-27 08:44:10 INFO  ScmsApplication - Starting ScmsApplication using Java 21.0.9 with PID 7696 (C:\Users\revanth.bethala\eclipse-workspace\scms\target\classes started by revanth.bethala in C:\Users\revanth.bethala\eclipse-workspace\scms)
2026-04-27 08:44:10 DEBUG ScmsApplication - Running with Spring Boot v4.0.6, Spring v7.0.7
2026-04-27 08:44:10 INFO  ScmsApplication - No active profile set, falling back to 1 default profile: "default"
2026-04-27 08:44:13 WARN  JpaBaseConfiguration$JpaWebConfiguration - spring.jpa.open-in-view is enabled by default. Therefore, database queries may be performed during view rendering. Explicitly configure spring.jpa.open-in-view to disable this warning
2026-04-27 08:44:13 INFO  ScmsApplication - Started ScmsApplication in 3.181 seconds (process running for 307.726)
2026-04-27 08:44:15 INFO  ScmsApplication - Starting ScmsApplication using Java 21.0.9 with PID 7696 (C:\Users\revanth.bethala\eclipse-workspace\scms\target\classes started by revanth.bethala in C:\Users\revanth.bethala\eclipse-workspace\scms)
2026-04-27 08:44:15 DEBUG ScmsApplication - Running with Spring Boot v4.0.6, Spring v7.0.7
2026-04-27 08:44:15 INFO  ScmsApplication - No active profile set, falling back to 1 default profile: "default"
2026-04-27 08:44:19 WARN  JpaBaseConfiguration$JpaWebConfiguration - spring.jpa.open-in-view is enabled by default. Therefore, database queries may be performed during view rendering. Explicitly configure spring.jpa.open-in-view to disable this warning
2026-04-27 08:44:20 INFO  ScmsApplication - Started ScmsApplication in 4.852 seconds (process running for 314.489)
2026-04-27 08:44:21 INFO  ScmsApplication - Starting ScmsApplication using Java 21.0.9 with PID 7696 (C:\Users\revanth.bethala\eclipse-workspace\scms\target\classes started by revanth.bethala in C:\Users\revanth.bethala\eclipse-workspace\scms)
2026-04-27 08:44:21 DEBUG ScmsApplication - Running with Spring Boot v4.0.6, Spring v7.0.7
2026-04-27 08:44:21 INFO  ScmsApplication - No active profile set, falling back to 1 default profile: "default"
2026-04-27 08:44:26 WARN  JpaBaseConfiguration$JpaWebConfiguration - spring.jpa.open-in-view is enabled by default. Therefore, database queries may be performed during view rendering. Explicitly configure spring.jpa.open-in-view to disable this warning
2026-04-27 08:44:27 INFO  ScmsApplication - Started ScmsApplication in 5.5 seconds (process running for 321.434)
2026-04-27 08:46:17 INFO  ScmsApplication - Starting ScmsApplication using Java 21.0.9 with PID 7696 (C:\Users\revanth.bethala\eclipse-workspace\scms\target\classes started by revanth.bethala in C:\Users\revanth.bethala\eclipse-workspace\scms)
2026-04-27 08:46:17 DEBUG ScmsApplication - Running with Spring Boot v4.0.6, Spring v7.0.7
2026-04-27 08:46:17 INFO  ScmsApplication - No active profile set, falling back to 1 default profile: "default"
2026-04-27 08:46:20 WARN  AnnotationConfigServletWebServerApplicationContext - Exception encountered during context initialization - cancelling refresh attempt: org.springframework.beans.factory.UnsatisfiedDependencyException: Error creating bean with name 'authController' defined in file [C:\Users\revanth.bethala\eclipse-workspace\scms\target\classes\com\academy\scms\controller\AuthController.class]: Unsatisfied dependency expressed through constructor parameter 0: Error creating bean with name 'authService' defined in file [C:\Users\revanth.bethala\eclipse-workspace\scms\target\classes\com\academy\scms\service\AuthService.class]: Unsatisfied dependency expressed through constructor parameter 2: No qualifying bean of type 'com.academy.scms.mapper.StudentMapper' available: expected at least 1 bean which qualifies as autowire candidate. Dependency annotations: {}
2026-04-27 08:46:20 ERROR LoggingFailureAnalysisReporter - 

***************************
APPLICATION FAILED TO START
***************************

Description:

Parameter 2 of constructor in com.academy.scms.service.AuthService required a bean of type 'com.academy.scms.mapper.StudentMapper' that could not be found.


Action:

Consider defining a bean of type 'com.academy.scms.mapper.StudentMapper' in your configuration.

2026-04-27 08:46:21 INFO  ScmsApplication - Starting ScmsApplication using Java 21.0.9 with PID 7696 (C:\Users\revanth.bethala\eclipse-workspace\scms\target\classes started by revanth.bethala in C:\Users\revanth.bethala\eclipse-workspace\scms)
2026-04-27 08:46:21 DEBUG ScmsApplication - Running with Spring Boot v4.0.6, Spring v7.0.7
2026-04-27 08:46:21 INFO  ScmsApplication - No active profile set, falling back to 1 default profile: "default"
2026-04-27 08:46:25 WARN  JpaBaseConfiguration$JpaWebConfiguration - spring.jpa.open-in-view is enabled by default. Therefore, database queries may be performed during view rendering. Explicitly configure spring.jpa.open-in-view to disable this warning
2026-04-27 08:46:25 INFO  ScmsApplication - Started ScmsApplication in 3.625 seconds (process running for 439.667)
2026-04-27 08:46:32 INFO  ScmsApplication - Starting ScmsApplication using Java 21.0.9 with PID 7696 (C:\Users\revanth.bethala\eclipse-workspace\scms\target\classes started by revanth.bethala in C:\Users\revanth.bethala\eclipse-workspace\scms)
2026-04-27 08:46:32 DEBUG ScmsApplication - Running with Spring Boot v4.0.6, Spring v7.0.7
2026-04-27 08:46:32 INFO  ScmsApplication - No active profile set, falling back to 1 default profile: "default"
2026-04-27 08:46:35 WARN  AnnotationConfigServletWebServerApplicationContext - Exception encountered during context initialization - cancelling refresh attempt: org.springframework.beans.factory.UnsatisfiedDependencyException: Error creating bean with name 'authController' defined in file [C:\Users\revanth.bethala\eclipse-workspace\scms\target\classes\com\academy\scms\controller\AuthController.class]: Unsatisfied dependency expressed through constructor parameter 0: Error creating bean with name 'authService' defined in file [C:\Users\revanth.bethala\eclipse-workspace\scms\target\classes\com\academy\scms\service\AuthService.class]: Unsatisfied dependency expressed through constructor parameter 2: No qualifying bean of type 'com.academy.scms.mapper.StudentMapper' available: expected at least 1 bean which qualifies as autowire candidate. Dependency annotations: {}
2026-04-27 08:46:35 ERROR LoggingFailureAnalysisReporter - 

***************************
APPLICATION FAILED TO START
***************************

Description:

Parameter 2 of constructor in com.academy.scms.service.AuthService required a bean of type 'com.academy.scms.mapper.StudentMapper' that could not be found.


Action:

Consider defining a bean of type 'com.academy.scms.mapper.StudentMapper' in your configuration.

2026-04-27 08:46:41 INFO  ScmsApplication - Starting ScmsApplication using Java 21.0.9 with PID 7696 (C:\Users\revanth.bethala\eclipse-workspace\scms\target\classes started by revanth.bethala in C:\Users\revanth.bethala\eclipse-workspace\scms)
2026-04-27 08:46:41 DEBUG ScmsApplication - Running with Spring Boot v4.0.6, Spring v7.0.7
2026-04-27 08:46:41 INFO  ScmsApplication - No active profile set, falling back to 1 default profile: "default"
2026-04-27 08:46:44 WARN  JpaBaseConfiguration$JpaWebConfiguration - spring.jpa.open-in-view is enabled by default. Therefore, database queries may be performed during view rendering. Explicitly configure spring.jpa.open-in-view to disable this warning
2026-04-27 08:46:44 INFO  ScmsApplication - Started ScmsApplication in 3.297 seconds (process running for 458.443)
2026-04-27 08:46:56 INFO  ScmsApplication - Starting ScmsApplication using Java 21.0.9 with PID 7696 (C:\Users\revanth.bethala\eclipse-workspace\scms\target\classes started by revanth.bethala in C:\Users\revanth.bethala\eclipse-workspace\scms)
2026-04-27 08:46:56 DEBUG ScmsApplication - Running with Spring Boot v4.0.6, Spring v7.0.7
2026-04-27 08:46:56 INFO  ScmsApplication - No active profile set, falling back to 1 default profile: "default"
2026-04-27 08:46:59 WARN  JpaBaseConfiguration$JpaWebConfiguration - spring.jpa.open-in-view is enabled by default. Therefore, database queries may be performed during view rendering. Explicitly configure spring.jpa.open-in-view to disable this warning
2026-04-27 08:46:59 INFO  ScmsApplication - Started ScmsApplication in 3.265 seconds (process running for 473.528)
2026-04-27 08:49:46 INFO  ScmsApplication - Starting ScmsApplication using Java 21.0.9 with PID 7696 (C:\Users\revanth.bethala\eclipse-workspace\scms\target\classes started by revanth.bethala in C:\Users\revanth.bethala\eclipse-workspace\scms)
2026-04-27 08:49:46 DEBUG ScmsApplication - Running with Spring Boot v4.0.6, Spring v7.0.7
2026-04-27 08:49:46 INFO  ScmsApplication - No active profile set, falling back to 1 default profile: "default"
2026-04-27 08:49:49 WARN  JpaBaseConfiguration$JpaWebConfiguration - spring.jpa.open-in-view is enabled by default. Therefore, database queries may be performed during view rendering. Explicitly configure spring.jpa.open-in-view to disable this warning
2026-04-27 08:49:49 INFO  ScmsApplication - Started ScmsApplication in 3.419 seconds (process running for 643.578)
2026-04-27 08:50:14 INFO  ScmsApplication - Starting ScmsApplication using Java 21.0.9 with PID 7696 (C:\Users\revanth.bethala\eclipse-workspace\scms\target\classes started by revanth.bethala in C:\Users\revanth.bethala\eclipse-workspace\scms)
2026-04-27 08:50:14 DEBUG ScmsApplication - Running with Spring Boot v4.0.6, Spring v7.0.7
2026-04-27 08:50:14 INFO  ScmsApplication - No active profile set, falling back to 1 default profile: "default"
2026-04-27 08:50:21 WARN  JpaBaseConfiguration$JpaWebConfiguration - spring.jpa.open-in-view is enabled by default. Therefore, database queries may be performed during view rendering. Explicitly configure spring.jpa.open-in-view to disable this warning
2026-04-27 08:50:22 INFO  ScmsApplication - Started ScmsApplication in 7.25 seconds (process running for 676.283)
2026-04-27 08:50:27 INFO  ScmsApplication - Starting ScmsApplication using Java 21.0.9 with PID 7696 (C:\Users\revanth.bethala\eclipse-workspace\scms\target\classes started by revanth.bethala in C:\Users\revanth.bethala\eclipse-workspace\scms)
2026-04-27 08:50:27 DEBUG ScmsApplication - Running with Spring Boot v4.0.6, Spring v7.0.7
2026-04-27 08:50:27 INFO  ScmsApplication - No active profile set, falling back to 1 default profile: "default"
2026-04-27 08:50:32 WARN  JpaBaseConfiguration$JpaWebConfiguration - spring.jpa.open-in-view is enabled by default. Therefore, database queries may be performed during view rendering. Explicitly configure spring.jpa.open-in-view to disable this warning
2026-04-27 08:50:33 INFO  ScmsApplication - Started ScmsApplication in 5.773 seconds (process running for 687.608)
2026-04-27 08:52:21 INFO  ScmsApplication - Starting ScmsApplication using Java 21.0.9 with PID 7696 (C:\Users\revanth.bethala\eclipse-workspace\scms\target\classes started by revanth.bethala in C:\Users\revanth.bethala\eclipse-workspace\scms)
2026-04-27 08:52:21 DEBUG ScmsApplication - Running with Spring Boot v4.0.6, Spring v7.0.7
2026-04-27 08:52:21 INFO  ScmsApplication - No active profile set, falling back to 1 default profile: "default"
2026-04-27 08:52:24 WARN  JpaBaseConfiguration$JpaWebConfiguration - spring.jpa.open-in-view is enabled by default. Therefore, database queries may be performed during view rendering. Explicitly configure spring.jpa.open-in-view to disable this warning
2026-04-27 08:52:25 INFO  ScmsApplication - Started ScmsApplication in 3.253 seconds (process running for 799.188)
2026-04-27 08:52:31 INFO  ScmsApplication - Starting ScmsApplication using Java 21.0.9 with PID 7696 (C:\Users\revanth.bethala\eclipse-workspace\scms\target\classes started by revanth.bethala in C:\Users\revanth.bethala\eclipse-workspace\scms)
2026-04-27 08:52:31 DEBUG ScmsApplication - Running with Spring Boot v4.0.6, Spring v7.0.7
2026-04-27 08:52:31 INFO  ScmsApplication - No active profile set, falling back to 1 default profile: "default"
2026-04-27 08:52:36 WARN  JpaBaseConfiguration$JpaWebConfiguration - spring.jpa.open-in-view is enabled by default. Therefore, database queries may be performed during view rendering. Explicitly configure spring.jpa.open-in-view to disable this warning
2026-04-27 08:52:36 INFO  ScmsApplication - Started ScmsApplication in 4.611 seconds (process running for 810.437)
2026-04-27 08:52:40 INFO  ScmsApplication - Starting ScmsApplication using Java 21.0.9 with PID 7696 (C:\Users\revanth.bethala\eclipse-workspace\scms\target\classes started by revanth.bethala in C:\Users\revanth.bethala\eclipse-workspace\scms)
2026-04-27 08:52:40 DEBUG ScmsApplication - Running with Spring Boot v4.0.6, Spring v7.0.7
2026-04-27 08:52:40 INFO  ScmsApplication - No active profile set, falling back to 1 default profile: "default"
2026-04-27 08:52:43 WARN  JpaBaseConfiguration$JpaWebConfiguration - spring.jpa.open-in-view is enabled by default. Therefore, database queries may be performed during view rendering. Explicitly configure spring.jpa.open-in-view to disable this warning
2026-04-27 08:52:44 INFO  ScmsApplication - Started ScmsApplication in 3.377 seconds (process running for 818.424)
2026-04-27 08:52:58 INFO  ScmsApplication - Starting ScmsApplication using Java 21.0.9 with PID 7696 (C:\Users\revanth.bethala\eclipse-workspace\scms\target\classes started by revanth.bethala in C:\Users\revanth.bethala\eclipse-workspace\scms)
2026-04-27 08:52:58 DEBUG ScmsApplication - Running with Spring Boot v4.0.6, Spring v7.0.7
2026-04-27 08:52:58 INFO  ScmsApplication - No active profile set, falling back to 1 default profile: "default"
2026-04-27 08:53:01 WARN  JpaBaseConfiguration$JpaWebConfiguration - spring.jpa.open-in-view is enabled by default. Therefore, database queries may be performed during view rendering. Explicitly configure spring.jpa.open-in-view to disable this warning
2026-04-27 08:53:01 INFO  ScmsApplication - Started ScmsApplication in 3.505 seconds (process running for 835.745)
2026-04-27 08:53:03 INFO  ScmsApplication - Starting ScmsApplication using Java 21.0.9 with PID 7696 (C:\Users\revanth.bethala\eclipse-workspace\scms\target\classes started by revanth.bethala in C:\Users\revanth.bethala\eclipse-workspace\scms)
2026-04-27 08:53:03 DEBUG ScmsApplication - Running with Spring Boot v4.0.6, Spring v7.0.7
2026-04-27 08:53:03 INFO  ScmsApplication - No active profile set, falling back to 1 default profile: "default"
2026-04-27 08:53:06 WARN  JpaBaseConfiguration$JpaWebConfiguration - spring.jpa.open-in-view is enabled by default. Therefore, database queries may be performed during view rendering. Explicitly configure spring.jpa.open-in-view to disable this warning
2026-04-27 08:53:06 INFO  ScmsApplication - Started ScmsApplication in 3.328 seconds (process running for 840.515)
2026-04-27 08:53:08 INFO  ScmsApplication - Starting ScmsApplication using Java 21.0.9 with PID 7696 (C:\Users\revanth.bethala\eclipse-workspace\scms\target\classes started by revanth.bethala in C:\Users\revanth.bethala\eclipse-workspace\scms)
2026-04-27 08:53:08 DEBUG ScmsApplication - Running with Spring Boot v4.0.6, Spring v7.0.7
2026-04-27 08:53:08 INFO  ScmsApplication - No active profile set, falling back to 1 default profile: "default"
2026-04-27 08:53:11 WARN  JpaBaseConfiguration$JpaWebConfiguration - spring.jpa.open-in-view is enabled by default. Therefore, database queries may be performed during view rendering. Explicitly configure spring.jpa.open-in-view to disable this warning
2026-04-27 08:53:11 INFO  ScmsApplication - Started ScmsApplication in 3.229 seconds (process running for 845.401)
2026-04-27 08:53:24 INFO  ScmsApplication - Starting ScmsApplication using Java 21.0.9 with PID 7696 (C:\Users\revanth.bethala\eclipse-workspace\scms\target\classes started by revanth.bethala in C:\Users\revanth.bethala\eclipse-workspace\scms)
2026-04-27 08:53:24 DEBUG ScmsApplication - Running with Spring Boot v4.0.6, Spring v7.0.7
2026-04-27 08:53:24 INFO  ScmsApplication - No active profile set, falling back to 1 default profile: "default"
2026-04-27 08:53:27 WARN  JpaBaseConfiguration$JpaWebConfiguration - spring.jpa.open-in-view is enabled by default. Therefore, database queries may be performed during view rendering. Explicitly configure spring.jpa.open-in-view to disable this warning
2026-04-27 08:53:28 INFO  ScmsApplication - Started ScmsApplication in 3.884 seconds (process running for 862.24)
2026-04-27 08:59:25 INFO  ScmsApplication - Starting ScmsApplication using Java 21.0.9 with PID 23176 (C:\Users\revanth.bethala\eclipse-workspace\scms\target\classes started by revanth.bethala in C:\Users\revanth.bethala\eclipse-workspace\scms)
2026-04-27 08:59:25 DEBUG ScmsApplication - Running with Spring Boot v4.0.6, Spring v7.0.7
2026-04-27 08:59:25 INFO  ScmsApplication - No active profile set, falling back to 1 default profile: "default"
2026-04-27 08:59:34 WARN  AnnotationConfigServletWebServerApplicationContext - Exception encountered during context initialization - cancelling refresh attempt: org.springframework.beans.factory.UnsatisfiedDependencyException: Error creating bean with name 'studentController' defined in file [C:\Users\revanth.bethala\eclipse-workspace\scms\target\classes\com\academy\scms\controller\StudentController.class]: Unsatisfied dependency expressed through constructor parameter 0: Error creating bean with name 'studentService' defined in file [C:\Users\revanth.bethala\eclipse-workspace\scms\target\classes\com\academy\scms\service\StudentService.class]: Unsatisfied dependency expressed through constructor parameter 2: No qualifying bean of type 'com.academy.scms.service.StudentService$StudentMapper' available: expected at least 1 bean which qualifies as autowire candidate. Dependency annotations: {}
2026-04-27 08:59:34 ERROR LoggingFailureAnalysisReporter - 

***************************
APPLICATION FAILED TO START
***************************

Description:

Parameter 2 of constructor in com.academy.scms.service.StudentService required a bean of type 'com.academy.scms.service.StudentService$StudentMapper' that could not be found.


Action:

Consider defining a bean of type 'com.academy.scms.service.StudentService$StudentMapper' in your configuration.

2026-04-27 09:00:36 INFO  ScmsApplication - Starting ScmsApplication using Java 21.0.9 with PID 21720 (C:\Users\revanth.bethala\eclipse-workspace\scms\target\classes started by revanth.bethala in C:\Users\revanth.bethala\eclipse-workspace\scms)
2026-04-27 09:00:36 DEBUG ScmsApplication - Running with Spring Boot v4.0.6, Spring v7.0.7
2026-04-27 09:00:36 INFO  ScmsApplication - No active profile set, falling back to 1 default profile: "default"
2026-04-27 09:00:43 WARN  JpaBaseConfiguration$JpaWebConfiguration - spring.jpa.open-in-view is enabled by default. Therefore, database queries may be performed during view rendering. Explicitly configure spring.jpa.open-in-view to disable this warning
2026-04-27 09:00:44 INFO  ScmsApplication - Started ScmsApplication in 8.882 seconds (process running for 10.001)
2026-04-27 09:00:53 INFO  RequestLoggingAspect - Request: com.academy.scms.controller.StudentController.getStudentById
2026-04-27 09:00:53 DEBUG RequestLoggingAspect - Args: [1, 3]
2026-04-27 09:00:53 INFO  ExecutionTimeAspect - StudentService.getStudentById(..) executed in 257 ms
2026-04-27 09:01:04 INFO  RequestLoggingAspect - Request: com.academy.scms.controller.StudentController.getAllStudents
2026-04-27 09:01:04 DEBUG RequestLoggingAspect - Args: [3]
2026-04-27 09:01:05 INFO  ExecutionTimeAspect - StudentService.getAllStudents(..) executed in 362 ms
2026-04-27 09:07:47 WARN  GlobalExceptionHandler - Route not found: No static resource api/v1/students%60 for request '/api/v1/students%60'.
2026-04-27 09:07:47 WARN  ExceptionHandlerExceptionResolver - Resolved [org.springframework.web.servlet.resource.NoResourceFoundException: No static resource api/v1/students%60 for request '/api/v1/students%60'.]
2026-04-27 09:07:50 INFO  RequestLoggingAspect - Request: com.academy.scms.controller.StudentController.getAllStudents
2026-04-27 09:07:50 DEBUG RequestLoggingAspect - Args: [3]
2026-04-27 09:07:50 INFO  ExecutionTimeAspect - StudentService.getAllStudents(..) executed in 30 ms
2026-04-27 09:10:41 INFO  ScmsApplication - Starting ScmsApplication using Java 21.0.9 with PID 21720 (C:\Users\revanth.bethala\eclipse-workspace\scms\target\classes started by revanth.bethala in C:\Users\revanth.bethala\eclipse-workspace\scms)
2026-04-27 09:10:41 DEBUG ScmsApplication - Running with Spring Boot v4.0.6, Spring v7.0.7
2026-04-27 09:10:41 INFO  ScmsApplication - No active profile set, falling back to 1 default profile: "default"
2026-04-27 09:10:45 WARN  JpaBaseConfiguration$JpaWebConfiguration - spring.jpa.open-in-view is enabled by default. Therefore, database queries may be performed during view rendering. Explicitly configure spring.jpa.open-in-view to disable this warning
2026-04-27 09:10:45 INFO  ScmsApplication - Started ScmsApplication in 3.589 seconds (process running for 610.907)
2026-04-27 09:10:47 INFO  ScmsApplication - Starting ScmsApplication using Java 21.0.9 with PID 21720 (C:\Users\revanth.bethala\eclipse-workspace\scms\target\classes started by revanth.bethala in C:\Users\revanth.bethala\eclipse-workspace\scms)
2026-04-27 09:10:47 DEBUG ScmsApplication - Running with Spring Boot v4.0.6, Spring v7.0.7
2026-04-27 09:10:47 INFO  ScmsApplication - No active profile set, falling back to 1 default profile: "default"
2026-04-27 09:10:50 WARN  JpaBaseConfiguration$JpaWebConfiguration - spring.jpa.open-in-view is enabled by default. Therefore, database queries may be performed during view rendering. Explicitly configure spring.jpa.open-in-view to disable this warning
2026-04-27 09:10:50 INFO  ScmsApplication - Started ScmsApplication in 3.624 seconds (process running for 616.168)
2026-04-27 09:13:39 INFO  ScmsApplication - Starting ScmsApplication using Java 21.0.9 with PID 21720 (C:\Users\revanth.bethala\eclipse-workspace\scms\target\classes started by revanth.bethala in C:\Users\revanth.bethala\eclipse-workspace\scms)
2026-04-27 09:13:39 DEBUG ScmsApplication - Running with Spring Boot v4.0.6, Spring v7.0.7
2026-04-27 09:13:39 INFO  ScmsApplication - No active profile set, falling back to 1 default profile: "default"
2026-04-27 09:13:43 WARN  AnnotationConfigServletWebServerApplicationContext - Exception encountered during context initialization - cancelling refresh attempt: org.springframework.beans.factory.BeanCreationException: Error creating bean with name 'webConfig' defined in file [C:\Users\revanth.bethala\eclipse-workspace\scms\target\classes\com\academy\scms\config\WebConfig.class]: Failed to instantiate [com.academy.scms.config.WebConfig$$SpringCGLIB$$0]: Constructor threw exception
2026-04-27 09:13:43 ERROR SpringApplication - Application run failed
org.springframework.beans.factory.BeanCreationException: Error creating bean with name 'webConfig' defined in file [C:\Users\revanth.bethala\eclipse-workspace\scms\target\classes\com\academy\scms\config\WebConfig.class]: Failed to instantiate [com.academy.scms.config.WebConfig$$SpringCGLIB$$0]: Constructor threw exception
	at org.springframework.beans.factory.support.AbstractAutowireCapableBeanFactory.instantiateBean(AbstractAutowireCapableBeanFactory.java:1344)
	at org.springframework.beans.factory.support.AbstractAutowireCapableBeanFactory.createBeanInstance(AbstractAutowireCapableBeanFactory.java:1231)
	at org.springframework.beans.factory.support.AbstractAutowireCapableBeanFactory.doCreateBean(AbstractAutowireCapableBeanFactory.java:565)
	at org.springframework.beans.factory.support.AbstractAutowireCapableBeanFactory.createBean(AbstractAutowireCapableBeanFactory.java:525)
	at org.springframework.beans.factory.support.AbstractBeanFactory.lambda$doGetBean$0(AbstractBeanFactory.java:333)
	at org.springframework.beans.factory.support.DefaultSingletonBeanRegistry.getSingleton(DefaultSingletonBeanRegistry.java:371)
	at org.springframework.beans.factory.support.AbstractBeanFactory.doGetBean(AbstractBeanFactory.java:331)
	at org.springframework.beans.factory.support.AbstractBeanFactory.getBean(AbstractBeanFactory.java:196)
	at org.springframework.beans.factory.support.DefaultListableBeanFactory.instantiateSingleton(DefaultListableBeanFactory.java:1218)
	at org.springframework.beans.factory.support.DefaultListableBeanFactory.preInstantiateSingleton(DefaultListableBeanFactory.java:1184)
	at org.springframework.beans.factory.support.DefaultListableBeanFactory.preInstantiateSingletons(DefaultListableBeanFactory.java:1121)
	at org.springframework.context.support.AbstractApplicationContext.finishBeanFactoryInitialization(AbstractApplicationContext.java:994)
	at org.springframework.context.support.AbstractApplicationContext.refresh(AbstractApplicationContext.java:621)
	at org.springframework.boot.web.server.servlet.context.ServletWebServerApplicationContext.refresh(ServletWebServerApplicationContext.java:143)
	at org.springframework.boot.SpringApplication.refresh(SpringApplication.java:756)
	at org.springframework.boot.SpringApplication.refreshContext(SpringApplication.java:445)
	at org.springframework.boot.SpringApplication.run(SpringApplication.java:321)
	at org.springframework.boot.SpringApplication.run(SpringApplication.java:1365)
	at org.springframework.boot.SpringApplication.run(SpringApplication.java:1354)
	at com.academy.scms.ScmsApplication.main(ScmsApplication.java:10)
	at java.base/jdk.internal.reflect.DirectMethodHandleAccessor.invoke(DirectMethodHandleAccessor.java:103)
	at java.base/java.lang.reflect.Method.invoke(Method.java:580)
	at org.springframework.boot.devtools.restart.RestartLauncher.run(RestartLauncher.java:52)
Caused by: org.springframework.beans.BeanInstantiationException: Failed to instantiate [com.academy.scms.config.WebConfig$$SpringCGLIB$$0]: Constructor threw exception
	at org.springframework.beans.BeanUtils.instantiateClass(BeanUtils.java:220)
	at org.springframework.beans.factory.support.SimpleInstantiationStrategy.instantiate(SimpleInstantiationStrategy.java:106)
	at org.springframework.beans.factory.support.AbstractAutowireCapableBeanFactory.instantiateBean(AbstractAutowireCapableBeanFactory.java:1338)
	... 22 more
Caused by: java.lang.Error: Unresolved compilation problems: 
	request cannot be resolved
	Duplicate local variable subject

	at com.academy.scms.config.WebConfig.<init>(WebConfig.java:34)
	at com.academy.scms.config.WebConfig$$SpringCGLIB$$0.<init>(<generated>)
	at java.base/jdk.internal.reflect.DirectConstructorHandleAccessor.newInstance(DirectConstructorHandleAccessor.java:62)
	at java.base/java.lang.reflect.Constructor.newInstanceWithCaller(Constructor.java:502)
	at java.base/java.lang.reflect.Constructor.newInstance(Constructor.java:486)
	at org.springframework.beans.BeanUtils.instantiateClass(BeanUtils.java:194)
	... 24 more
2026-04-27 09:13:49 INFO  ScmsApplication - Starting ScmsApplication using Java 21.0.9 with PID 21720 (C:\Users\revanth.bethala\eclipse-workspace\scms\target\classes started by revanth.bethala in C:\Users\revanth.bethala\eclipse-workspace\scms)
2026-04-27 09:13:49 DEBUG ScmsApplication - Running with Spring Boot v4.0.6, Spring v7.0.7
2026-04-27 09:13:49 INFO  ScmsApplication - No active profile set, falling back to 1 default profile: "default"
2026-04-27 09:13:52 WARN  AnnotationConfigServletWebServerApplicationContext - Exception encountered during context initialization - cancelling refresh attempt: org.springframework.beans.factory.BeanCreationException: Error creating bean with name 'webConfig' defined in file [C:\Users\revanth.bethala\eclipse-workspace\scms\target\classes\com\academy\scms\config\WebConfig.class]: Failed to instantiate [com.academy.scms.config.WebConfig$$SpringCGLIB$$0]: Constructor threw exception
2026-04-27 09:13:52 ERROR SpringApplication - Application run failed
org.springframework.beans.factory.BeanCreationException: Error creating bean with name 'webConfig' defined in file [C:\Users\revanth.bethala\eclipse-workspace\scms\target\classes\com\academy\scms\config\WebConfig.class]: Failed to instantiate [com.academy.scms.config.WebConfig$$SpringCGLIB$$0]: Constructor threw exception
	at org.springframework.beans.factory.support.AbstractAutowireCapableBeanFactory.instantiateBean(AbstractAutowireCapableBeanFactory.java:1344)
	at org.springframework.beans.factory.support.AbstractAutowireCapableBeanFactory.createBeanInstance(AbstractAutowireCapableBeanFactory.java:1231)
	at org.springframework.beans.factory.support.AbstractAutowireCapableBeanFactory.doCreateBean(AbstractAutowireCapableBeanFactory.java:565)
	at org.springframework.beans.factory.support.AbstractAutowireCapableBeanFactory.createBean(AbstractAutowireCapableBeanFactory.java:525)
	at org.springframework.beans.factory.support.AbstractBeanFactory.lambda$doGetBean$0(AbstractBeanFactory.java:333)
	at org.springframework.beans.factory.support.DefaultSingletonBeanRegistry.getSingleton(DefaultSingletonBeanRegistry.java:371)
	at org.springframework.beans.factory.support.AbstractBeanFactory.doGetBean(AbstractBeanFactory.java:331)
	at org.springframework.beans.factory.support.AbstractBeanFactory.getBean(AbstractBeanFactory.java:196)
	at org.springframework.beans.factory.support.DefaultListableBeanFactory.instantiateSingleton(DefaultListableBeanFactory.java:1218)
	at org.springframework.beans.factory.support.DefaultListableBeanFactory.preInstantiateSingleton(DefaultListableBeanFactory.java:1184)
	at org.springframework.beans.factory.support.DefaultListableBeanFactory.preInstantiateSingletons(DefaultListableBeanFactory.java:1121)
	at org.springframework.context.support.AbstractApplicationContext.finishBeanFactoryInitialization(AbstractApplicationContext.java:994)
	at org.springframework.context.support.AbstractApplicationContext.refresh(AbstractApplicationContext.java:621)
	at org.springframework.boot.web.server.servlet.context.ServletWebServerApplicationContext.refresh(ServletWebServerApplicationContext.java:143)
	at org.springframework.boot.SpringApplication.refresh(SpringApplication.java:756)
	at org.springframework.boot.SpringApplication.refreshContext(SpringApplication.java:445)
	at org.springframework.boot.SpringApplication.run(SpringApplication.java:321)
	at org.springframework.boot.SpringApplication.run(SpringApplication.java:1365)
	at org.springframework.boot.SpringApplication.run(SpringApplication.java:1354)
	at com.academy.scms.ScmsApplication.main(ScmsApplication.java:10)
	at java.base/jdk.internal.reflect.DirectMethodHandleAccessor.invoke(DirectMethodHandleAccessor.java:103)
	at java.base/java.lang.reflect.Method.invoke(Method.java:580)
	at org.springframework.boot.devtools.restart.RestartLauncher.run(RestartLauncher.java:52)
Caused by: org.springframework.beans.BeanInstantiationException: Failed to instantiate [com.academy.scms.config.WebConfig$$SpringCGLIB$$0]: Constructor threw exception
	at org.springframework.beans.BeanUtils.instantiateClass(BeanUtils.java:220)
	at org.springframework.beans.factory.support.SimpleInstantiationStrategy.instantiate(SimpleInstantiationStrategy.java:106)
	at org.springframework.beans.factory.support.AbstractAutowireCapableBeanFactory.instantiateBean(AbstractAutowireCapableBeanFactory.java:1338)
	... 22 more
Caused by: java.lang.Error: Unresolved compilation problems: 
	request cannot be resolved
	attributes cannot be resolved to a variable
	Duplicate local variable subject
	attributes cannot be resolved

	at com.academy.scms.config.WebConfig.<init>(WebConfig.java:34)
	at com.academy.scms.config.WebConfig$$SpringCGLIB$$0.<init>(<generated>)
	at java.base/jdk.internal.reflect.DirectConstructorHandleAccessor.newInstance(DirectConstructorHandleAccessor.java:62)
	at java.base/java.lang.reflect.Constructor.newInstanceWithCaller(Constructor.java:502)
	at java.base/java.lang.reflect.Constructor.newInstance(Constructor.java:486)
	at org.springframework.beans.BeanUtils.instantiateClass(BeanUtils.java:194)
	... 24 more
2026-04-27 09:14:01 INFO  ScmsApplication - Starting ScmsApplication using Java 21.0.9 with PID 21720 (C:\Users\revanth.bethala\eclipse-workspace\scms\target\classes started by revanth.bethala in C:\Users\revanth.bethala\eclipse-workspace\scms)
2026-04-27 09:14:01 DEBUG ScmsApplication - Running with Spring Boot v4.0.6, Spring v7.0.7
2026-04-27 09:14:01 INFO  ScmsApplication - No active profile set, falling back to 1 default profile: "default"
2026-04-27 09:14:04 WARN  AnnotationConfigServletWebServerApplicationContext - Exception encountered during context initialization - cancelling refresh attempt: org.springframework.beans.factory.BeanCreationException: Error creating bean with name 'webConfig' defined in file [C:\Users\revanth.bethala\eclipse-workspace\scms\target\classes\com\academy\scms\config\WebConfig.class]: Failed to instantiate [com.academy.scms.config.WebConfig$$SpringCGLIB$$0]: Constructor threw exception
2026-04-27 09:14:04 ERROR SpringApplication - Application run failed
org.springframework.beans.factory.BeanCreationException: Error creating bean with name 'webConfig' defined in file [C:\Users\revanth.bethala\eclipse-workspace\scms\target\classes\com\academy\scms\config\WebConfig.class]: Failed to instantiate [com.academy.scms.config.WebConfig$$SpringCGLIB$$0]: Constructor threw exception
	at org.springframework.beans.factory.support.AbstractAutowireCapableBeanFactory.instantiateBean(AbstractAutowireCapableBeanFactory.java:1344)
	at org.springframework.beans.factory.support.AbstractAutowireCapableBeanFactory.createBeanInstance(AbstractAutowireCapableBeanFactory.java:1231)
	at org.springframework.beans.factory.support.AbstractAutowireCapableBeanFactory.doCreateBean(AbstractAutowireCapableBeanFactory.java:565)
	at org.springframework.beans.factory.support.AbstractAutowireCapableBeanFactory.createBean(AbstractAutowireCapableBeanFactory.java:525)
	at org.springframework.beans.factory.support.AbstractBeanFactory.lambda$doGetBean$0(AbstractBeanFactory.java:333)
	at org.springframework.beans.factory.support.DefaultSingletonBeanRegistry.getSingleton(DefaultSingletonBeanRegistry.java:371)
	at org.springframework.beans.factory.support.AbstractBeanFactory.doGetBean(AbstractBeanFactory.java:331)
	at org.springframework.beans.factory.support.AbstractBeanFactory.getBean(AbstractBeanFactory.java:196)
	at org.springframework.beans.factory.support.DefaultListableBeanFactory.instantiateSingleton(DefaultListableBeanFactory.java:1218)
	at org.springframework.beans.factory.support.DefaultListableBeanFactory.preInstantiateSingleton(DefaultListableBeanFactory.java:1184)
	at org.springframework.beans.factory.support.DefaultListableBeanFactory.preInstantiateSingletons(DefaultListableBeanFactory.java:1121)
	at org.springframework.context.support.AbstractApplicationContext.finishBeanFactoryInitialization(AbstractApplicationContext.java:994)
	at org.springframework.context.support.AbstractApplicationContext.refresh(AbstractApplicationContext.java:621)
	at org.springframework.boot.web.server.servlet.context.ServletWebServerApplicationContext.refresh(ServletWebServerApplicationContext.java:143)
	at org.springframework.boot.SpringApplication.refresh(SpringApplication.java:756)
	at org.springframework.boot.SpringApplication.refreshContext(SpringApplication.java:445)
	at org.springframework.boot.SpringApplication.run(SpringApplication.java:321)
	at org.springframework.boot.SpringApplication.run(SpringApplication.java:1365)
	at org.springframework.boot.SpringApplication.run(SpringApplication.java:1354)
	at com.academy.scms.ScmsApplication.main(ScmsApplication.java:10)
	at java.base/jdk.internal.reflect.DirectMethodHandleAccessor.invoke(DirectMethodHandleAccessor.java:103)
	at java.base/java.lang.reflect.Method.invoke(Method.java:580)
	at org.springframework.boot.devtools.restart.RestartLauncher.run(RestartLauncher.java:52)
Caused by: org.springframework.beans.BeanInstantiationException: Failed to instantiate [com.academy.scms.config.WebConfig$$SpringCGLIB$$0]: Constructor threw exception
	at org.springframework.beans.BeanUtils.instantiateClass(BeanUtils.java:220)
	at org.springframework.beans.factory.support.SimpleInstantiationStrategy.instantiate(SimpleInstantiationStrategy.java:106)
	at org.springframework.beans.factory.support.AbstractAutowireCapableBeanFactory.instantiateBean(AbstractAutowireCapableBeanFactory.java:1338)
	... 22 more
Caused by: java.lang.Error: Unresolved compilation problems: 
	HttpServletRequest cannot be resolved to a type
	HttpServletRequest cannot be resolved to a type

	at com.academy.scms.config.WebConfig.<init>(WebConfig.java:29)
	at com.academy.scms.config.WebConfig$$SpringCGLIB$$0.<init>(<generated>)
	at java.base/jdk.internal.reflect.DirectConstructorHandleAccessor.newInstance(DirectConstructorHandleAccessor.java:62)
	at java.base/java.lang.reflect.Constructor.newInstanceWithCaller(Constructor.java:502)
	at java.base/java.lang.reflect.Constructor.newInstance(Constructor.java:486)
	at org.springframework.beans.BeanUtils.instantiateClass(BeanUtils.java:194)
	... 24 more
2026-04-27 09:14:47 INFO  ScmsApplication - Starting ScmsApplication using Java 21.0.9 with PID 21720 (C:\Users\revanth.bethala\eclipse-workspace\scms\target\classes started by revanth.bethala in C:\Users\revanth.bethala\eclipse-workspace\scms)
2026-04-27 09:14:47 DEBUG ScmsApplication - Running with Spring Boot v4.0.6, Spring v7.0.7
2026-04-27 09:14:47 INFO  ScmsApplication - No active profile set, falling back to 1 default profile: "default"
2026-04-27 09:14:50 WARN  AnnotationConfigServletWebServerApplicationContext - Exception encountered during context initialization - cancelling refresh attempt: org.springframework.beans.factory.BeanCreationException: Error creating bean with name 'webConfig' defined in file [C:\Users\revanth.bethala\eclipse-workspace\scms\target\classes\com\academy\scms\config\WebConfig.class]: Failed to instantiate [com.academy.scms.config.WebConfig$$SpringCGLIB$$0]: Constructor threw exception
2026-04-27 09:14:50 ERROR SpringApplication - Application run failed
org.springframework.beans.factory.BeanCreationException: Error creating bean with name 'webConfig' defined in file [C:\Users\revanth.bethala\eclipse-workspace\scms\target\classes\com\academy\scms\config\WebConfig.class]: Failed to instantiate [com.academy.scms.config.WebConfig$$SpringCGLIB$$0]: Constructor threw exception
	at org.springframework.beans.factory.support.AbstractAutowireCapableBeanFactory.instantiateBean(AbstractAutowireCapableBeanFactory.java:1344)
	at org.springframework.beans.factory.support.AbstractAutowireCapableBeanFactory.createBeanInstance(AbstractAutowireCapableBeanFactory.java:1231)
	at org.springframework.beans.factory.support.AbstractAutowireCapableBeanFactory.doCreateBean(AbstractAutowireCapableBeanFactory.java:565)
	at org.springframework.beans.factory.support.AbstractAutowireCapableBeanFactory.createBean(AbstractAutowireCapableBeanFactory.java:525)
	at org.springframework.beans.factory.support.AbstractBeanFactory.lambda$doGetBean$0(AbstractBeanFactory.java:333)
	at org.springframework.beans.factory.support.DefaultSingletonBeanRegistry.getSingleton(DefaultSingletonBeanRegistry.java:371)
	at org.springframework.beans.factory.support.AbstractBeanFactory.doGetBean(AbstractBeanFactory.java:331)
	at org.springframework.beans.factory.support.AbstractBeanFactory.getBean(AbstractBeanFactory.java:196)
	at org.springframework.beans.factory.support.DefaultListableBeanFactory.instantiateSingleton(DefaultListableBeanFactory.java:1218)
	at org.springframework.beans.factory.support.DefaultListableBeanFactory.preInstantiateSingleton(DefaultListableBeanFactory.java:1184)
	at org.springframework.beans.factory.support.DefaultListableBeanFactory.preInstantiateSingletons(DefaultListableBeanFactory.java:1121)
	at org.springframework.context.support.AbstractApplicationContext.finishBeanFactoryInitialization(AbstractApplicationContext.java:994)
	at org.springframework.context.support.AbstractApplicationContext.refresh(AbstractApplicationContext.java:621)
	at org.springframework.boot.web.server.servlet.context.ServletWebServerApplicationContext.refresh(ServletWebServerApplicationContext.java:143)
	at org.springframework.boot.SpringApplication.refresh(SpringApplication.java:756)
	at org.springframework.boot.SpringApplication.refreshContext(SpringApplication.java:445)
	at org.springframework.boot.SpringApplication.run(SpringApplication.java:321)
	at org.springframework.boot.SpringApplication.run(SpringApplication.java:1365)
	at org.springframework.boot.SpringApplication.run(SpringApplication.java:1354)
	at com.academy.scms.ScmsApplication.main(ScmsApplication.java:10)
	at java.base/jdk.internal.reflect.DirectMethodHandleAccessor.invoke(DirectMethodHandleAccessor.java:103)
	at java.base/java.lang.reflect.Method.invoke(Method.java:580)
	at org.springframework.boot.devtools.restart.RestartLauncher.run(RestartLauncher.java:52)
Caused by: org.springframework.beans.BeanInstantiationException: Failed to instantiate [com.academy.scms.config.WebConfig$$SpringCGLIB$$0]: Constructor threw exception
	at org.springframework.beans.BeanUtils.instantiateClass(BeanUtils.java:220)
	at org.springframework.beans.factory.support.SimpleInstantiationStrategy.instantiate(SimpleInstantiationStrategy.java:106)
	at org.springframework.beans.factory.support.AbstractAutowireCapableBeanFactory.instantiateBean(AbstractAutowireCapableBeanFactory.java:1338)
	... 22 more
Caused by: java.lang.Error: Unresolved compilation problem: 
	request cannot be resolved

	at com.academy.scms.config.WebConfig.<init>(WebConfig.java:32)
	at com.academy.scms.config.WebConfig$$SpringCGLIB$$0.<init>(<generated>)
	at java.base/jdk.internal.reflect.DirectConstructorHandleAccessor.newInstance(DirectConstructorHandleAccessor.java:62)
	at java.base/java.lang.reflect.Constructor.newInstanceWithCaller(Constructor.java:502)
	at java.base/java.lang.reflect.Constructor.newInstance(Constructor.java:486)
	at org.springframework.beans.BeanUtils.instantiateClass(BeanUtils.java:194)
	... 24 more
2026-04-27 09:14:52 INFO  ScmsApplication - Starting ScmsApplication using Java 21.0.9 with PID 21720 (C:\Users\revanth.bethala\eclipse-workspace\scms\target\classes started by revanth.bethala in C:\Users\revanth.bethala\eclipse-workspace\scms)
2026-04-27 09:14:52 DEBUG ScmsApplication - Running with Spring Boot v4.0.6, Spring v7.0.7
2026-04-27 09:14:52 INFO  ScmsApplication - No active profile set, falling back to 1 default profile: "default"
2026-04-27 09:14:56 WARN  AnnotationConfigServletWebServerApplicationContext - Exception encountered during context initialization - cancelling refresh attempt: org.springframework.beans.factory.BeanCreationException: Error creating bean with name 'webConfig' defined in file [C:\Users\revanth.bethala\eclipse-workspace\scms\target\classes\com\academy\scms\config\WebConfig.class]: Failed to instantiate [com.academy.scms.config.WebConfig$$SpringCGLIB$$0]: Constructor threw exception
2026-04-27 09:14:56 ERROR SpringApplication - Application run failed
org.springframework.beans.factory.BeanCreationException: Error creating bean with name 'webConfig' defined in file [C:\Users\revanth.bethala\eclipse-workspace\scms\target\classes\com\academy\scms\config\WebConfig.class]: Failed to instantiate [com.academy.scms.config.WebConfig$$SpringCGLIB$$0]: Constructor threw exception
	at org.springframework.beans.factory.support.AbstractAutowireCapableBeanFactory.instantiateBean(AbstractAutowireCapableBeanFactory.java:1344)
	at org.springframework.beans.factory.support.AbstractAutowireCapableBeanFactory.createBeanInstance(AbstractAutowireCapableBeanFactory.java:1231)
	at org.springframework.beans.factory.support.AbstractAutowireCapableBeanFactory.doCreateBean(AbstractAutowireCapableBeanFactory.java:565)
	at org.springframework.beans.factory.support.AbstractAutowireCapableBeanFactory.createBean(AbstractAutowireCapableBeanFactory.java:525)
	at org.springframework.beans.factory.support.AbstractBeanFactory.lambda$doGetBean$0(AbstractBeanFactory.java:333)
	at org.springframework.beans.factory.support.DefaultSingletonBeanRegistry.getSingleton(DefaultSingletonBeanRegistry.java:371)
	at org.springframework.beans.factory.support.AbstractBeanFactory.doGetBean(AbstractBeanFactory.java:331)
	at org.springframework.beans.factory.support.AbstractBeanFactory.getBean(AbstractBeanFactory.java:196)
	at org.springframework.beans.factory.support.DefaultListableBeanFactory.instantiateSingleton(DefaultListableBeanFactory.java:1218)
	at org.springframework.beans.factory.support.DefaultListableBeanFactory.preInstantiateSingleton(DefaultListableBeanFactory.java:1184)
	at org.springframework.beans.factory.support.DefaultListableBeanFactory.preInstantiateSingletons(DefaultListableBeanFactory.java:1121)
	at org.springframework.context.support.AbstractApplicationContext.finishBeanFactoryInitialization(AbstractApplicationContext.java:994)
	at org.springframework.context.support.AbstractApplicationContext.refresh(AbstractApplicationContext.java:621)
	at org.springframework.boot.web.server.servlet.context.ServletWebServerApplicationContext.refresh(ServletWebServerApplicationContext.java:143)
	at org.springframework.boot.SpringApplication.refresh(SpringApplication.java:756)
	at org.springframework.boot.SpringApplication.refreshContext(SpringApplication.java:445)
	at org.springframework.boot.SpringApplication.run(SpringApplication.java:321)
	at org.springframework.boot.SpringApplication.run(SpringApplication.java:1365)
	at org.springframework.boot.SpringApplication.run(SpringApplication.java:1354)
	at com.academy.scms.ScmsApplication.main(ScmsApplication.java:10)
	at java.base/jdk.internal.reflect.DirectMethodHandleAccessor.invoke(DirectMethodHandleAccessor.java:103)
	at java.base/java.lang.reflect.Method.invoke(Method.java:580)
	at org.springframework.boot.devtools.restart.RestartLauncher.run(RestartLauncher.java:52)
Caused by: org.springframework.beans.BeanInstantiationException: Failed to instantiate [com.academy.scms.config.WebConfig$$SpringCGLIB$$0]: Constructor threw exception
	at org.springframework.beans.BeanUtils.instantiateClass(BeanUtils.java:220)
	at org.springframework.beans.factory.support.SimpleInstantiationStrategy.instantiate(SimpleInstantiationStrategy.java:106)
	at org.springframework.beans.factory.support.AbstractAutowireCapableBeanFactory.instantiateBean(AbstractAutowireCapableBeanFactory.java:1338)
	... 22 more
Caused by: java.lang.Error: Unresolved compilation problem: 
	request cannot be resolved

	at com.academy.scms.config.WebConfig.<init>(WebConfig.java:29)
	at com.academy.scms.config.WebConfig$$SpringCGLIB$$0.<init>(<generated>)
	at java.base/jdk.internal.reflect.DirectConstructorHandleAccessor.newInstance(DirectConstructorHandleAccessor.java:62)
	at java.base/java.lang.reflect.Constructor.newInstanceWithCaller(Constructor.java:502)
	at java.base/java.lang.reflect.Constructor.newInstance(Constructor.java:486)
	at org.springframework.beans.BeanUtils.instantiateClass(BeanUtils.java:194)
	... 24 more
2026-04-27 09:15:08 INFO  ScmsApplication - Starting ScmsApplication using Java 21.0.9 with PID 21720 (C:\Users\revanth.bethala\eclipse-workspace\scms\target\classes started by revanth.bethala in C:\Users\revanth.bethala\eclipse-workspace\scms)
2026-04-27 09:15:08 DEBUG ScmsApplication - Running with Spring Boot v4.0.6, Spring v7.0.7
2026-04-27 09:15:08 INFO  ScmsApplication - No active profile set, falling back to 1 default profile: "default"
2026-04-27 09:15:11 WARN  AnnotationConfigServletWebServerApplicationContext - Exception encountered during context initialization - cancelling refresh attempt: org.springframework.beans.factory.BeanCreationException: Error creating bean with name 'webConfig' defined in file [C:\Users\revanth.bethala\eclipse-workspace\scms\target\classes\com\academy\scms\config\WebConfig.class]: Failed to instantiate [com.academy.scms.config.WebConfig$$SpringCGLIB$$0]: Constructor threw exception
2026-04-27 09:15:12 ERROR SpringApplication - Application run failed
org.springframework.beans.factory.BeanCreationException: Error creating bean with name 'webConfig' defined in file [C:\Users\revanth.bethala\eclipse-workspace\scms\target\classes\com\academy\scms\config\WebConfig.class]: Failed to instantiate [com.academy.scms.config.WebConfig$$SpringCGLIB$$0]: Constructor threw exception
	at org.springframework.beans.factory.support.AbstractAutowireCapableBeanFactory.instantiateBean(AbstractAutowireCapableBeanFactory.java:1344)
	at org.springframework.beans.factory.support.AbstractAutowireCapableBeanFactory.createBeanInstance(AbstractAutowireCapableBeanFactory.java:1231)
	at org.springframework.beans.factory.support.AbstractAutowireCapableBeanFactory.doCreateBean(AbstractAutowireCapableBeanFactory.java:565)
	at org.springframework.beans.factory.support.AbstractAutowireCapableBeanFactory.createBean(AbstractAutowireCapableBeanFactory.java:525)
	at org.springframework.beans.factory.support.AbstractBeanFactory.lambda$doGetBean$0(AbstractBeanFactory.java:333)
	at org.springframework.beans.factory.support.DefaultSingletonBeanRegistry.getSingleton(DefaultSingletonBeanRegistry.java:371)
	at org.springframework.beans.factory.support.AbstractBeanFactory.doGetBean(AbstractBeanFactory.java:331)
	at org.springframework.beans.factory.support.AbstractBeanFactory.getBean(AbstractBeanFactory.java:196)
	at org.springframework.beans.factory.support.DefaultListableBeanFactory.instantiateSingleton(DefaultListableBeanFactory.java:1218)
	at org.springframework.beans.factory.support.DefaultListableBeanFactory.preInstantiateSingleton(DefaultListableBeanFactory.java:1184)
	at org.springframework.beans.factory.support.DefaultListableBeanFactory.preInstantiateSingletons(DefaultListableBeanFactory.java:1121)
	at org.springframework.context.support.AbstractApplicationContext.finishBeanFactoryInitialization(AbstractApplicationContext.java:994)
	at org.springframework.context.support.AbstractApplicationContext.refresh(AbstractApplicationContext.java:621)
	at org.springframework.boot.web.server.servlet.context.ServletWebServerApplicationContext.refresh(ServletWebServerApplicationContext.java:143)
	at org.springframework.boot.SpringApplication.refresh(SpringApplication.java:756)
	at org.springframework.boot.SpringApplication.refreshContext(SpringApplication.java:445)
	at org.springframework.boot.SpringApplication.run(SpringApplication.java:321)
	at org.springframework.boot.SpringApplication.run(SpringApplication.java:1365)
	at org.springframework.boot.SpringApplication.run(SpringApplication.java:1354)
	at com.academy.scms.ScmsApplication.main(ScmsApplication.java:10)
	at java.base/jdk.internal.reflect.DirectMethodHandleAccessor.invoke(DirectMethodHandleAccessor.java:103)
	at java.base/java.lang.reflect.Method.invoke(Method.java:580)
	at org.springframework.boot.devtools.restart.RestartLauncher.run(RestartLauncher.java:52)
Caused by: org.springframework.beans.BeanInstantiationException: Failed to instantiate [com.academy.scms.config.WebConfig$$SpringCGLIB$$0]: Constructor threw exception
	at org.springframework.beans.BeanUtils.instantiateClass(BeanUtils.java:220)
	at org.springframework.beans.factory.support.SimpleInstantiationStrategy.instantiate(SimpleInstantiationStrategy.java:106)
	at org.springframework.beans.factory.support.AbstractAutowireCapableBeanFactory.instantiateBean(AbstractAutowireCapableBeanFactory.java:1338)
	... 22 more
Caused by: java.lang.Error: Unresolved compilation problems: 
	HttpServletRequest cannot be resolved to a type
	HttpServletRequest cannot be resolved to a type

	at com.academy.scms.config.WebConfig.<init>(WebConfig.java:27)
	at com.academy.scms.config.WebConfig$$SpringCGLIB$$0.<init>(<generated>)
	at java.base/jdk.internal.reflect.DirectConstructorHandleAccessor.newInstance(DirectConstructorHandleAccessor.java:62)
	at java.base/java.lang.reflect.Constructor.newInstanceWithCaller(Constructor.java:502)
	at java.base/java.lang.reflect.Constructor.newInstance(Constructor.java:486)
	at org.springframework.beans.BeanUtils.instantiateClass(BeanUtils.java:194)
	... 24 more
2026-04-27 09:15:15 INFO  ScmsApplication - Starting ScmsApplication using Java 21.0.9 with PID 21720 (C:\Users\revanth.bethala\eclipse-workspace\scms\target\classes started by revanth.bethala in C:\Users\revanth.bethala\eclipse-workspace\scms)
2026-04-27 09:15:15 DEBUG ScmsApplication - Running with Spring Boot v4.0.6, Spring v7.0.7
2026-04-27 09:15:15 INFO  ScmsApplication - No active profile set, falling back to 1 default profile: "default"
2026-04-27 09:15:18 WARN  JpaBaseConfiguration$JpaWebConfiguration - spring.jpa.open-in-view is enabled by default. Therefore, database queries may be performed during view rendering. Explicitly configure spring.jpa.open-in-view to disable this warning
2026-04-27 09:15:18 INFO  ScmsApplication - Started ScmsApplication in 3.436 seconds (process running for 883.924)
2026-04-27 09:15:20 INFO  ScmsApplication - Starting ScmsApplication using Java 21.0.9 with PID 21720 (C:\Users\revanth.bethala\eclipse-workspace\scms\target\classes started by revanth.bethala in C:\Users\revanth.bethala\eclipse-workspace\scms)
2026-04-27 09:15:20 DEBUG ScmsApplication - Running with Spring Boot v4.0.6, Spring v7.0.7
2026-04-27 09:15:20 INFO  ScmsApplication - No active profile set, falling back to 1 default profile: "default"
2026-04-27 09:15:23 WARN  JpaBaseConfiguration$JpaWebConfiguration - spring.jpa.open-in-view is enabled by default. Therefore, database queries may be performed during view rendering. Explicitly configure spring.jpa.open-in-view to disable this warning
2026-04-27 09:15:23 INFO  ScmsApplication - Started ScmsApplication in 3.175 seconds (process running for 888.928)
2026-04-27 09:16:42 INFO  RequestLoggingAspect - Request: com.academy.scms.controller.AuthController.sayHello
2026-04-27 09:16:42 DEBUG RequestLoggingAspect - Args: []
2026-04-27 09:16:46 INFO  RequestLoggingAspect - Request: com.academy.scms.controller.AuthController.loginUser
2026-04-27 09:16:46 DEBUG RequestLoggingAspect - Args: [com.academy.scms.dto.LoginDto@576a70dd, org.springframework.validation.BeanPropertyBindingResult: 0 errors]
2026-04-27 09:16:46 INFO  ExecutionTimeAspect - AuthService.loginService(..) executed in 818 ms
2026-04-27 09:17:12 INFO  RequestLoggingAspect - Request: com.academy.scms.controller.CourseController.createCourse
2026-04-27 09:17:12 DEBUG RequestLoggingAspect - Args: [CourseDto [id=null, title=python, students=null], org.springframework.validation.BeanPropertyBindingResult: 0 errors]
2026-04-27 09:17:12 INFO  ExecutionTimeAspect - CourseService.createCourse(..) executed in 149 ms
2026-04-27 09:17:25 INFO  RequestLoggingAspect - Request: com.academy.scms.controller.CourseController.createCourse
2026-04-27 09:17:25 DEBUG RequestLoggingAspect - Args: [CourseDto [id=null, title=py, students=null], org.springframework.validation.BeanPropertyBindingResult: 1 errors
Field error in object 'courseDto' on field 'title': rejected value [py]; codes [Size.courseDto.title,Size.title,Size.java.lang.String,Size]; arguments [org.springframework.context.support.DefaultMessageSourceResolvable: codes [courseDto.title,title]; arguments []; default message [title],2147483647,3]; default message [Atleast 3 chras needed]]
2026-04-27 09:17:32 INFO  RequestLoggingAspect - Request: com.academy.scms.controller.CourseController.createCourse
2026-04-27 09:17:32 DEBUG RequestLoggingAspect - Args: [CourseDto [id=null, title=python, students=null], org.springframework.validation.BeanPropertyBindingResult: 2 errors
Field error in object 'courseDto' on field 'description': rejected value []; codes [Size.courseDto.description,Size.description,Size.java.lang.String,Size]; arguments [org.springframework.context.support.DefaultMessageSourceResolvable: codes [courseDto.description,description]; arguments []; default message [description],2147483647,10]; default message [atleast 10 chars needed]
Field error in object 'courseDto' on field 'description': rejected value []; codes [NotBlank.courseDto.description,NotBlank.description,NotBlank.java.lang.String,NotBlank]; arguments [org.springframework.context.support.DefaultMessageSourceResolvable: codes [courseDto.description,description]; arguments []; default message [description]]; default message [must not be blank]]
2026-04-27 09:17:36 WARN  GlobalExceptionHandler - Invalid JSON received: Unexpected character ('}' (code 125)): was expecting double-quote to start property name
 at [Source: REDACTED (`StreamReadFeature.INCLUDE_SOURCE_IN_LOCATION` disabled); byte offset: #26]
2026-04-27 09:17:36 WARN  ExceptionHandlerExceptionResolver - Resolved [org.springframework.http.converter.HttpMessageNotReadableException: JSON parse error: Unexpected character ('}' (code 125)): was expecting double-quote to start property name]
2026-04-27 09:17:56 INFO  RequestLoggingAspect - Request: com.academy.scms.controller.CourseController.createCourse
2026-04-27 09:17:56 DEBUG RequestLoggingAspect - Args: [CourseDto [id=null, title=python, students=null], org.springframework.validation.BeanPropertyBindingResult: 1 errors
Field error in object 'courseDto' on field 'description': rejected value [null]; codes [NotBlank.courseDto.description,NotBlank.description,NotBlank.java.lang.String,NotBlank]; arguments [org.springframework.context.support.DefaultMessageSourceResolvable: codes [courseDto.description,description]; arguments []; default message [description]]; default message [must not be blank]]
2026-04-27 09:20:34 INFO  RequestLoggingAspect - Request: com.academy.scms.controller.StudentController.createStudent
2026-04-27 09:20:34 DEBUG RequestLoggingAspect - Args: [StudentDto [id=null, name=null, email=null, courses=null], org.springframework.validation.BeanPropertyBindingResult: 3 errors
Field error in object 'studentDto' on field 'password': rejected value [null]; codes [NotBlank.studentDto.password,NotBlank.password,NotBlank.java.lang.String,NotBlank]; arguments [org.springframework.context.support.DefaultMessageSourceResolvable: codes [studentDto.password,password]; arguments []; default message [password]]; default message [must not be blank]
Field error in object 'studentDto' on field 'email': rejected value [null]; codes [NotBlank.studentDto.email,NotBlank.email,NotBlank.java.lang.String,NotBlank]; arguments [org.springframework.context.support.DefaultMessageSourceResolvable: codes [studentDto.email,email]; arguments []; default message [email]]; default message [must not be blank]
Field error in object 'studentDto' on field 'name': rejected value [null]; codes [NotBlank.studentDto.name,NotBlank.name,NotBlank.java.lang.String,NotBlank]; arguments [org.springframework.context.support.DefaultMessageSourceResolvable: codes [studentDto.name,name]; arguments []; default message [name]]; default message [must not be blank]]
2026-04-27 09:20:38 INFO  RequestLoggingAspect - Request: com.academy.scms.controller.StudentController.getAllStudents
2026-04-27 09:20:38 DEBUG RequestLoggingAspect - Args: [3]
2026-04-27 09:20:38 INFO  ExecutionTimeAspect - StudentService.getAllStudents(..) executed in 51 ms
2026-04-27 09:20:55 WARN  GlobalExceptionHandler - 405 Method Not Allowed: GET {}
2026-04-27 09:20:55 WARN  ExceptionHandlerExceptionResolver - Resolved [org.springframework.web.HttpRequestMethodNotSupportedException: Request method 'GET' is not supported]
2026-04-27 09:21:10 INFO  RequestLoggingAspect - Request: com.academy.scms.controller.StudentController.enrollCourse
2026-04-27 09:21:10 DEBUG RequestLoggingAspect - Args: [3, 100]
2026-04-27 09:21:10 INFO  ExecutionTimeAspect - StudentService.enrollCourse(..) executed in 90 ms
2026-04-27 09:21:15 INFO  RequestLoggingAspect - Request: com.academy.scms.controller.StudentController.enrollCourse
2026-04-27 09:21:15 DEBUG RequestLoggingAspect - Args: [3, 103]
2026-04-27 09:21:15 INFO  ExecutionTimeAspect - StudentService.enrollCourse(..) executed in 48 ms
2026-04-27 09:21:18 INFO  RequestLoggingAspect - Request: com.academy.scms.controller.StudentController.enrollCourse
2026-04-27 09:21:18 DEBUG RequestLoggingAspect - Args: [3, 104]
2026-04-27 09:21:18 INFO  ExecutionTimeAspect - StudentService.enrollCourse(..) executed in 19 ms
2026-04-27 09:21:31 INFO  RequestLoggingAspect - Request: com.academy.scms.controller.CourseController.getAllCourses
2026-04-27 09:21:31 DEBUG RequestLoggingAspect - Args: []
2026-04-27 09:21:31 INFO  ExecutionTimeAspect - CourseService.getAllCourses() executed in 16 ms
2026-04-27 09:22:03 INFO  RequestLoggingAspect - Request: com.academy.scms.controller.StudentController.searchByName
2026-04-27 09:22:03 DEBUG RequestLoggingAspect - Args: [ken]
2026-04-27 09:22:03 INFO  ExecutionTimeAspect - StudentService.searchByName(..) executed in 48 ms
2026-04-27 09:22:15 INFO  RequestLoggingAspect - Request: com.academy.scms.controller.StudentController.searchByName
2026-04-27 09:22:15 DEBUG RequestLoggingAspect - Args: [ben]
2026-04-27 09:22:15 INFO  ExecutionTimeAspect - StudentService.searchByName(..) executed in 14 ms
2026-04-27 09:22:48 INFO  ScmsApplication - Starting ScmsApplication using Java 21.0.9 with PID 21720 (C:\Users\revanth.bethala\eclipse-workspace\scms\target\classes started by revanth.bethala in C:\Users\revanth.bethala\eclipse-workspace\scms)
2026-04-27 09:22:48 DEBUG ScmsApplication - Running with Spring Boot v4.0.6, Spring v7.0.7
2026-04-27 09:22:48 INFO  ScmsApplication - No active profile set, falling back to 1 default profile: "default"
2026-04-27 09:22:52 WARN  JpaBaseConfiguration$JpaWebConfiguration - spring.jpa.open-in-view is enabled by default. Therefore, database queries may be performed during view rendering. Explicitly configure spring.jpa.open-in-view to disable this warning
2026-04-27 09:22:52 INFO  ScmsApplication - Started ScmsApplication in 3.909 seconds (process running for 1338.119)
2026-04-27 09:24:15 INFO  ScmsApplication - Starting ScmsApplication using Java 21.0.9 with PID 21720 (C:\Users\revanth.bethala\eclipse-workspace\scms\target\classes started by revanth.bethala in C:\Users\revanth.bethala\eclipse-workspace\scms)
2026-04-27 09:24:15 DEBUG ScmsApplication - Running with Spring Boot v4.0.6, Spring v7.0.7
2026-04-27 09:24:15 INFO  ScmsApplication - No active profile set, falling back to 1 default profile: "default"
2026-04-27 09:24:19 WARN  JpaBaseConfiguration$JpaWebConfiguration - spring.jpa.open-in-view is enabled by default. Therefore, database queries may be performed during view rendering. Explicitly configure spring.jpa.open-in-view to disable this warning
2026-04-27 09:24:19 INFO  ScmsApplication - Started ScmsApplication in 4.079 seconds (process running for 1424.819)
2026-04-27 09:24:30 INFO  ScmsApplication - Starting ScmsApplication using Java 21.0.9 with PID 21720 (C:\Users\revanth.bethala\eclipse-workspace\scms\target\classes started by revanth.bethala in C:\Users\revanth.bethala\eclipse-workspace\scms)
2026-04-27 09:24:30 DEBUG ScmsApplication - Running with Spring Boot v4.0.6, Spring v7.0.7
2026-04-27 09:24:30 INFO  ScmsApplication - No active profile set, falling back to 1 default profile: "default"
2026-04-27 09:24:33 WARN  JpaBaseConfiguration$JpaWebConfiguration - spring.jpa.open-in-view is enabled by default. Therefore, database queries may be performed during view rendering. Explicitly configure spring.jpa.open-in-view to disable this warning
2026-04-27 09:24:34 INFO  ScmsApplication - Started ScmsApplication in 3.662 seconds (process running for 1439.466)
2026-04-27 09:24:35 INFO  ScmsApplication - Starting ScmsApplication using Java 21.0.9 with PID 21720 (C:\Users\revanth.bethala\eclipse-workspace\scms\target\classes started by revanth.bethala in C:\Users\revanth.bethala\eclipse-workspace\scms)
2026-04-27 09:24:35 DEBUG ScmsApplication - Running with Spring Boot v4.0.6, Spring v7.0.7
2026-04-27 09:24:35 INFO  ScmsApplication - No active profile set, falling back to 1 default profile: "default"
2026-04-27 09:24:38 WARN  JpaBaseConfiguration$JpaWebConfiguration - spring.jpa.open-in-view is enabled by default. Therefore, database queries may be performed during view rendering. Explicitly configure spring.jpa.open-in-view to disable this warning
2026-04-27 09:24:39 INFO  ScmsApplication - Started ScmsApplication in 3.229 seconds (process running for 1444.511)
2026-04-27 09:24:52 INFO  ScmsApplication - Starting ScmsApplication using Java 21.0.9 with PID 21720 (C:\Users\revanth.bethala\eclipse-workspace\scms\target\classes started by revanth.bethala in C:\Users\revanth.bethala\eclipse-workspace\scms)
2026-04-27 09:24:52 DEBUG ScmsApplication - Running with Spring Boot v4.0.6, Spring v7.0.7
2026-04-27 09:24:52 INFO  ScmsApplication - No active profile set, falling back to 1 default profile: "default"
2026-04-27 09:24:55 WARN  JpaBaseConfiguration$JpaWebConfiguration - spring.jpa.open-in-view is enabled by default. Therefore, database queries may be performed during view rendering. Explicitly configure spring.jpa.open-in-view to disable this warning
2026-04-27 09:24:55 INFO  ScmsApplication - Started ScmsApplication in 3.439 seconds (process running for 1460.967)
2026-04-27 09:25:03 INFO  ScmsApplication - Starting ScmsApplication using Java 21.0.9 with PID 21720 (C:\Users\revanth.bethala\eclipse-workspace\scms\target\classes started by revanth.bethala in C:\Users\revanth.bethala\eclipse-workspace\scms)
2026-04-27 09:25:03 DEBUG ScmsApplication - Running with Spring Boot v4.0.6, Spring v7.0.7
2026-04-27 09:25:03 INFO  ScmsApplication - No active profile set, falling back to 1 default profile: "default"
2026-04-27 09:25:06 WARN  JpaBaseConfiguration$JpaWebConfiguration - spring.jpa.open-in-view is enabled by default. Therefore, database queries may be performed during view rendering. Explicitly configure spring.jpa.open-in-view to disable this warning
2026-04-27 09:25:06 INFO  ScmsApplication - Started ScmsApplication in 3.263 seconds (process running for 1472.011)
2026-04-27 09:25:29 INFO  ScmsApplication - Starting ScmsApplication using Java 21.0.9 with PID 21720 (C:\Users\revanth.bethala\eclipse-workspace\scms\target\classes started by revanth.bethala in C:\Users\revanth.bethala\eclipse-workspace\scms)
2026-04-27 09:25:29 DEBUG ScmsApplication - Running with Spring Boot v4.0.6, Spring v7.0.7
2026-04-27 09:25:29 INFO  ScmsApplication - No active profile set, falling back to 1 default profile: "default"
2026-04-27 09:25:32 WARN  JpaBaseConfiguration$JpaWebConfiguration - spring.jpa.open-in-view is enabled by default. Therefore, database queries may be performed during view rendering. Explicitly configure spring.jpa.open-in-view to disable this warning
2026-04-27 09:25:32 INFO  ScmsApplication - Started ScmsApplication in 3.448 seconds (process running for 1497.86)
2026-04-27 09:25:34 INFO  ScmsApplication - Starting ScmsApplication using Java 21.0.9 with PID 21720 (C:\Users\revanth.bethala\eclipse-workspace\scms\target\classes started by revanth.bethala in C:\Users\revanth.bethala\eclipse-workspace\scms)
2026-04-27 09:25:34 DEBUG ScmsApplication - Running with Spring Boot v4.0.6, Spring v7.0.7
2026-04-27 09:25:34 INFO  ScmsApplication - No active profile set, falling back to 1 default profile: "default"
2026-04-27 09:25:37 WARN  JpaBaseConfiguration$JpaWebConfiguration - spring.jpa.open-in-view is enabled by default. Therefore, database queries may be performed during view rendering. Explicitly configure spring.jpa.open-in-view to disable this warning
2026-04-27 09:25:37 INFO  ScmsApplication - Started ScmsApplication in 3.257 seconds (process running for 1502.898)
2026-04-27 09:25:43 INFO  RequestLoggingAspect - Request: com.academy.scms.controller.StudentController.searchByName
2026-04-27 09:25:43 DEBUG RequestLoggingAspect - Args: [ben, 3]
2026-04-27 09:25:43 ERROR ExceptionLoggingAspect - Exception occurred: 
com.academy.scms.exception.StudentNotFoundException: No students found with name: ben
	at com.academy.scms.service.StudentService.searchByName(StudentService.java:61)
	at java.base/jdk.internal.reflect.DirectMethodHandleAccessor.invoke(DirectMethodHandleAccessor.java:103)
	at java.base/java.lang.reflect.Method.invoke(Method.java:580)
	at org.springframework.aop.support.AopUtils.invokeJoinpointUsingReflection(AopUtils.java:359)
	at org.springframework.aop.framework.ReflectiveMethodInvocation.invokeJoinpoint(ReflectiveMethodInvocation.java:190)
	at org.springframework.aop.framework.ReflectiveMethodInvocation.proceed(ReflectiveMethodInvocation.java:158)
	at org.springframework.aop.aspectj.MethodInvocationProceedingJoinPoint.proceed(MethodInvocationProceedingJoinPoint.java:82)
	at com.academy.scms.logging.ExecutionTimeAspect.logExecutionTime(ExecutionTimeAspect.java:20)
	at java.base/jdk.internal.reflect.DirectMethodHandleAccessor.invoke(DirectMethodHandleAccessor.java:103)
	at java.base/java.lang.reflect.Method.invoke(Method.java:580)
	at org.springframework.aop.aspectj.AbstractAspectJAdvice.invokeAdviceMethodWithGivenArgs(AbstractAspectJAdvice.java:648)
	at org.springframework.aop.aspectj.AbstractAspectJAdvice.invokeAdviceMethod(AbstractAspectJAdvice.java:630)
	at org.springframework.aop.aspectj.AspectJAroundAdvice.invoke(AspectJAroundAdvice.java:70)
	at org.springframework.aop.framework.ReflectiveMethodInvocation.proceed(ReflectiveMethodInvocation.java:179)
	at org.springframework.aop.aspectj.AspectJAfterThrowingAdvice.invoke(AspectJAfterThrowingAdvice.java:63)
	at org.springframework.aop.framework.ReflectiveMethodInvocation.proceed(ReflectiveMethodInvocation.java:179)
	at org.springframework.aop.interceptor.ExposeInvocationInterceptor.invoke(ExposeInvocationInterceptor.java:96)
	at org.springframework.aop.framework.ReflectiveMethodInvocation.proceed(ReflectiveMethodInvocation.java:179)
	at org.springframework.aop.framework.CglibAopProxy$DynamicAdvisedInterceptor.intercept(CglibAopProxy.java:719)
	at com.academy.scms.service.StudentService$$SpringCGLIB$$0.searchByName(<generated>)
	at com.academy.scms.controller.StudentController.searchByName(StudentController.java:56)
	at java.base/jdk.internal.reflect.DirectMethodHandleAccessor.invoke(DirectMethodHandleAccessor.java:103)
	at java.base/java.lang.reflect.Method.invoke(Method.java:580)
	at org.springframework.aop.support.AopUtils.invokeJoinpointUsingReflection(AopUtils.java:359)
	at org.springframework.aop.framework.ReflectiveMethodInvocation.invokeJoinpoint(ReflectiveMethodInvocation.java:190)
	at org.springframework.aop.framework.ReflectiveMethodInvocation.proceed(ReflectiveMethodInvocation.java:158)
	at org.springframework.aop.framework.adapter.MethodBeforeAdviceInterceptor.invoke(MethodBeforeAdviceInterceptor.java:57)
	at org.springframework.aop.framework.ReflectiveMethodInvocation.proceed(ReflectiveMethodInvocation.java:179)
	at org.springframework.aop.aspectj.AspectJAfterThrowingAdvice.invoke(AspectJAfterThrowingAdvice.java:63)
	at org.springframework.aop.framework.ReflectiveMethodInvocation.proceed(ReflectiveMethodInvocation.java:179)
	at org.springframework.aop.interceptor.ExposeInvocationInterceptor.invoke(ExposeInvocationInterceptor.java:96)
	at org.springframework.aop.framework.ReflectiveMethodInvocation.proceed(ReflectiveMethodInvocation.java:179)
	at org.springframework.aop.framework.CglibAopProxy$DynamicAdvisedInterceptor.intercept(CglibAopProxy.java:719)
	at com.academy.scms.controller.StudentController$$SpringCGLIB$$0.searchByName(<generated>)
	at java.base/jdk.internal.reflect.DirectMethodHandleAccessor.invoke(DirectMethodHandleAccessor.java:103)
	at java.base/java.lang.reflect.Method.invoke(Method.java:580)
	at org.springframework.web.method.support.InvocableHandlerMethod.doInvoke(InvocableHandlerMethod.java:252)
	at org.springframework.web.method.support.InvocableHandlerMethod.invokeForRequest(InvocableHandlerMethod.java:184)
	at org.springframework.web.servlet.mvc.method.annotation.ServletInvocableHandlerMethod.invokeAndHandle(ServletInvocableHandlerMethod.java:117)
	at org.springframework.web.servlet.mvc.method.annotation.RequestMappingHandlerAdapter.invokeHandlerMethod(RequestMappingHandlerAdapter.java:934)
	at org.springframework.web.servlet.mvc.method.annotation.RequestMappingHandlerAdapter.handleInternal(RequestMappingHandlerAdapter.java:853)
	at org.springframework.web.servlet.mvc.method.AbstractHandlerMethodAdapter.handle(AbstractHandlerMethodAdapter.java:86)
	at org.springframework.web.servlet.DispatcherServlet.doDispatch(DispatcherServlet.java:963)
	at org.springframework.web.servlet.DispatcherServlet.doService(DispatcherServlet.java:866)
	at org.springframework.web.servlet.FrameworkServlet.processRequest(FrameworkServlet.java:1000)
	at org.springframework.web.servlet.FrameworkServlet.doGet(FrameworkServlet.java:892)
	at jakarta.servlet.http.HttpServlet.service(HttpServlet.java:622)
	at org.springframework.web.servlet.FrameworkServlet.service(FrameworkServlet.java:874)
	at jakarta.servlet.http.HttpServlet.service(HttpServlet.java:710)
	at org.apache.catalina.core.ApplicationFilterChain.doFilter(ApplicationFilterChain.java:128)
	at org.apache.tomcat.websocket.server.WsFilter.doFilter(WsFilter.java:53)
	at org.apache.catalina.core.ApplicationFilterChain.doFilter(ApplicationFilterChain.java:107)
	at org.springframework.web.filter.RequestContextFilter.doFilterInternal(RequestContextFilter.java:100)
	at org.springframework.web.filter.OncePerRequestFilter.doFilter(OncePerRequestFilter.java:116)
	at org.apache.catalina.core.ApplicationFilterChain.doFilter(ApplicationFilterChain.java:107)
	at org.springframework.web.filter.FormContentFilter.doFilterInternal(FormContentFilter.java:93)
	at org.springframework.web.filter.OncePerRequestFilter.doFilter(OncePerRequestFilter.java:116)
	at org.apache.catalina.core.ApplicationFilterChain.doFilter(ApplicationFilterChain.java:107)
	at org.springframework.web.filter.CharacterEncodingFilter.doFilterInternal(CharacterEncodingFilter.java:199)
	at org.springframework.web.filter.OncePerRequestFilter.doFilter(OncePerRequestFilter.java:116)
	at org.apache.catalina.core.ApplicationFilterChain.doFilter(ApplicationFilterChain.java:107)
	at org.apache.catalina.core.StandardWrapperValve.invoke(StandardWrapperValve.java:165)
	at org.apache.catalina.core.StandardContextValve.invoke(StandardContextValve.java:77)
	at org.apache.catalina.authenticator.AuthenticatorBase.invoke(AuthenticatorBase.java:492)
	at org.apache.catalina.core.StandardHostValve.invoke(StandardHostValve.java:113)
	at org.apache.catalina.valves.ErrorReportValve.invoke(ErrorReportValve.java:83)
	at org.apache.catalina.core.StandardEngineValve.invoke(StandardEngineValve.java:72)
	at org.apache.catalina.connector.CoyoteAdapter.service(CoyoteAdapter.java:341)
	at org.apache.coyote.http11.Http11Processor.service(Http11Processor.java:397)
	at org.apache.coyote.AbstractProcessorLight.process(AbstractProcessorLight.java:63)
	at org.apache.coyote.AbstractProtocol$ConnectionHandler.process(AbstractProtocol.java:903)
	at org.apache.tomcat.util.net.NioEndpoint$SocketProcessor.doRun(NioEndpoint.java:1801)
	at org.apache.tomcat.util.net.SocketProcessorBase.run(SocketProcessorBase.java:52)
	at org.apache.tomcat.util.threads.ThreadPoolExecutor.runWorker(ThreadPoolExecutor.java:946)
	at org.apache.tomcat.util.threads.ThreadPoolExecutor$Worker.run(ThreadPoolExecutor.java:480)
	at org.apache.tomcat.util.threads.TaskThread$WrappingRunnable.run(TaskThread.java:57)
	at java.base/java.lang.Thread.run(Thread.java:1583)
2026-04-27 09:25:43 ERROR ExceptionLoggingAspect - Exception occurred: 
com.academy.scms.exception.StudentNotFoundException: No students found with name: ben
	at com.academy.scms.service.StudentService.searchByName(StudentService.java:61)
	at java.base/jdk.internal.reflect.DirectMethodHandleAccessor.invoke(DirectMethodHandleAccessor.java:103)
	at java.base/java.lang.reflect.Method.invoke(Method.java:580)
	at org.springframework.aop.support.AopUtils.invokeJoinpointUsingReflection(AopUtils.java:359)
	at org.springframework.aop.framework.ReflectiveMethodInvocation.invokeJoinpoint(ReflectiveMethodInvocation.java:190)
	at org.springframework.aop.framework.ReflectiveMethodInvocation.proceed(ReflectiveMethodInvocation.java:158)
	at org.springframework.aop.aspectj.MethodInvocationProceedingJoinPoint.proceed(MethodInvocationProceedingJoinPoint.java:82)
	at com.academy.scms.logging.ExecutionTimeAspect.logExecutionTime(ExecutionTimeAspect.java:20)
	at java.base/jdk.internal.reflect.DirectMethodHandleAccessor.invoke(DirectMethodHandleAccessor.java:103)
	at java.base/java.lang.reflect.Method.invoke(Method.java:580)
	at org.springframework.aop.aspectj.AbstractAspectJAdvice.invokeAdviceMethodWithGivenArgs(AbstractAspectJAdvice.java:648)
	at org.springframework.aop.aspectj.AbstractAspectJAdvice.invokeAdviceMethod(AbstractAspectJAdvice.java:630)
	at org.springframework.aop.aspectj.AspectJAroundAdvice.invoke(AspectJAroundAdvice.java:70)
	at org.springframework.aop.framework.ReflectiveMethodInvocation.proceed(ReflectiveMethodInvocation.java:179)
	at org.springframework.aop.aspectj.AspectJAfterThrowingAdvice.invoke(AspectJAfterThrowingAdvice.java:63)
	at org.springframework.aop.framework.ReflectiveMethodInvocation.proceed(ReflectiveMethodInvocation.java:179)
	at org.springframework.aop.interceptor.ExposeInvocationInterceptor.invoke(ExposeInvocationInterceptor.java:96)
	at org.springframework.aop.framework.ReflectiveMethodInvocation.proceed(ReflectiveMethodInvocation.java:179)
	at org.springframework.aop.framework.CglibAopProxy$DynamicAdvisedInterceptor.intercept(CglibAopProxy.java:719)
	at com.academy.scms.service.StudentService$$SpringCGLIB$$0.searchByName(<generated>)
	at com.academy.scms.controller.StudentController.searchByName(StudentController.java:56)
	at java.base/jdk.internal.reflect.DirectMethodHandleAccessor.invoke(DirectMethodHandleAccessor.java:103)
	at java.base/java.lang.reflect.Method.invoke(Method.java:580)
	at org.springframework.aop.support.AopUtils.invokeJoinpointUsingReflection(AopUtils.java:359)
	at org.springframework.aop.framework.ReflectiveMethodInvocation.invokeJoinpoint(ReflectiveMethodInvocation.java:190)
	at org.springframework.aop.framework.ReflectiveMethodInvocation.proceed(ReflectiveMethodInvocation.java:158)
	at org.springframework.aop.framework.adapter.MethodBeforeAdviceInterceptor.invoke(MethodBeforeAdviceInterceptor.java:57)
	at org.springframework.aop.framework.ReflectiveMethodInvocation.proceed(ReflectiveMethodInvocation.java:179)
	at org.springframework.aop.aspectj.AspectJAfterThrowingAdvice.invoke(AspectJAfterThrowingAdvice.java:63)
	at org.springframework.aop.framework.ReflectiveMethodInvocation.proceed(ReflectiveMethodInvocation.java:179)
	at org.springframework.aop.interceptor.ExposeInvocationInterceptor.invoke(ExposeInvocationInterceptor.java:96)
	at org.springframework.aop.framework.ReflectiveMethodInvocation.proceed(ReflectiveMethodInvocation.java:179)
	at org.springframework.aop.framework.CglibAopProxy$DynamicAdvisedInterceptor.intercept(CglibAopProxy.java:719)
	at com.academy.scms.controller.StudentController$$SpringCGLIB$$0.searchByName(<generated>)
	at java.base/jdk.internal.reflect.DirectMethodHandleAccessor.invoke(DirectMethodHandleAccessor.java:103)
	at java.base/java.lang.reflect.Method.invoke(Method.java:580)
	at org.springframework.web.method.support.InvocableHandlerMethod.doInvoke(InvocableHandlerMethod.java:252)
	at org.springframework.web.method.support.InvocableHandlerMethod.invokeForRequest(InvocableHandlerMethod.java:184)
	at org.springframework.web.servlet.mvc.method.annotation.ServletInvocableHandlerMethod.invokeAndHandle(ServletInvocableHandlerMethod.java:117)
	at org.springframework.web.servlet.mvc.method.annotation.RequestMappingHandlerAdapter.invokeHandlerMethod(RequestMappingHandlerAdapter.java:934)
	at org.springframework.web.servlet.mvc.method.annotation.RequestMappingHandlerAdapter.handleInternal(RequestMappingHandlerAdapter.java:853)
	at org.springframework.web.servlet.mvc.method.AbstractHandlerMethodAdapter.handle(AbstractHandlerMethodAdapter.java:86)
	at org.springframework.web.servlet.DispatcherServlet.doDispatch(DispatcherServlet.java:963)
	at org.springframework.web.servlet.DispatcherServlet.doService(DispatcherServlet.java:866)
	at org.springframework.web.servlet.FrameworkServlet.processRequest(FrameworkServlet.java:1000)
	at org.springframework.web.servlet.FrameworkServlet.doGet(FrameworkServlet.java:892)
	at jakarta.servlet.http.HttpServlet.service(HttpServlet.java:622)
	at org.springframework.web.servlet.FrameworkServlet.service(FrameworkServlet.java:874)
	at jakarta.servlet.http.HttpServlet.service(HttpServlet.java:710)
	at org.apache.catalina.core.ApplicationFilterChain.doFilter(ApplicationFilterChain.java:128)
	at org.apache.tomcat.websocket.server.WsFilter.doFilter(WsFilter.java:53)
	at org.apache.catalina.core.ApplicationFilterChain.doFilter(ApplicationFilterChain.java:107)
	at org.springframework.web.filter.RequestContextFilter.doFilterInternal(RequestContextFilter.java:100)
	at org.springframework.web.filter.OncePerRequestFilter.doFilter(OncePerRequestFilter.java:116)
	at org.apache.catalina.core.ApplicationFilterChain.doFilter(ApplicationFilterChain.java:107)
	at org.springframework.web.filter.FormContentFilter.doFilterInternal(FormContentFilter.java:93)
	at org.springframework.web.filter.OncePerRequestFilter.doFilter(OncePerRequestFilter.java:116)
	at org.apache.catalina.core.ApplicationFilterChain.doFilter(ApplicationFilterChain.java:107)
	at org.springframework.web.filter.CharacterEncodingFilter.doFilterInternal(CharacterEncodingFilter.java:199)
	at org.springframework.web.filter.OncePerRequestFilter.doFilter(OncePerRequestFilter.java:116)
	at org.apache.catalina.core.ApplicationFilterChain.doFilter(ApplicationFilterChain.java:107)
	at org.apache.catalina.core.StandardWrapperValve.invoke(StandardWrapperValve.java:165)
	at org.apache.catalina.core.StandardContextValve.invoke(StandardContextValve.java:77)
	at org.apache.catalina.authenticator.AuthenticatorBase.invoke(AuthenticatorBase.java:492)
	at org.apache.catalina.core.StandardHostValve.invoke(StandardHostValve.java:113)
	at org.apache.catalina.valves.ErrorReportValve.invoke(ErrorReportValve.java:83)
	at org.apache.catalina.core.StandardEngineValve.invoke(StandardEngineValve.java:72)
	at org.apache.catalina.connector.CoyoteAdapter.service(CoyoteAdapter.java:341)
	at org.apache.coyote.http11.Http11Processor.service(Http11Processor.java:397)
	at org.apache.coyote.AbstractProcessorLight.process(AbstractProcessorLight.java:63)
	at org.apache.coyote.AbstractProtocol$ConnectionHandler.process(AbstractProtocol.java:903)
	at org.apache.tomcat.util.net.NioEndpoint$SocketProcessor.doRun(NioEndpoint.java:1801)
	at org.apache.tomcat.util.net.SocketProcessorBase.run(SocketProcessorBase.java:52)
	at org.apache.tomcat.util.threads.ThreadPoolExecutor.runWorker(ThreadPoolExecutor.java:946)
	at org.apache.tomcat.util.threads.ThreadPoolExecutor$Worker.run(ThreadPoolExecutor.java:480)
	at org.apache.tomcat.util.threads.TaskThread$WrappingRunnable.run(TaskThread.java:57)
	at java.base/java.lang.Thread.run(Thread.java:1583)
2026-04-27 09:25:43 INFO  RequestLoggingAspect - Request: com.academy.scms.controller.StudentController.handleStudentNotFound
2026-04-27 09:25:43 DEBUG RequestLoggingAspect - Args: [com.academy.scms.exception.StudentNotFoundException: No students found with name: ben]
2026-04-27 09:25:43 WARN  ExceptionHandlerExceptionResolver - Resolved [com.academy.scms.exception.StudentNotFoundException: No students found with name: ben]
2026-04-27 09:26:27 INFO  ScmsApplication - Starting ScmsApplication using Java 21.0.9 with PID 21720 (C:\Users\revanth.bethala\eclipse-workspace\scms\target\classes started by revanth.bethala in C:\Users\revanth.bethala\eclipse-workspace\scms)
2026-04-27 09:26:27 DEBUG ScmsApplication - Running with Spring Boot v4.0.6, Spring v7.0.7
2026-04-27 09:26:27 INFO  ScmsApplication - No active profile set, falling back to 1 default profile: "default"
2026-04-27 09:26:30 WARN  JpaBaseConfiguration$JpaWebConfiguration - spring.jpa.open-in-view is enabled by default. Therefore, database queries may be performed during view rendering. Explicitly configure spring.jpa.open-in-view to disable this warning
2026-04-27 09:26:30 INFO  ScmsApplication - Started ScmsApplication in 3.396 seconds (process running for 1555.813)
2026-04-27 09:26:44 INFO  ScmsApplication - Starting ScmsApplication using Java 21.0.9 with PID 21720 (C:\Users\revanth.bethala\eclipse-workspace\scms\target\classes started by revanth.bethala in C:\Users\revanth.bethala\eclipse-workspace\scms)
2026-04-27 09:26:44 DEBUG ScmsApplication - Running with Spring Boot v4.0.6, Spring v7.0.7
2026-04-27 09:26:44 INFO  ScmsApplication - No active profile set, falling back to 1 default profile: "default"
2026-04-27 09:26:47 WARN  JpaBaseConfiguration$JpaWebConfiguration - spring.jpa.open-in-view is enabled by default. Therefore, database queries may be performed during view rendering. Explicitly configure spring.jpa.open-in-view to disable this warning
2026-04-27 09:26:48 INFO  ScmsApplication - Started ScmsApplication in 3.73 seconds (process running for 1573.51)
2026-04-27 09:26:49 INFO  ScmsApplication - Starting ScmsApplication using Java 21.0.9 with PID 21720 (C:\Users\revanth.bethala\eclipse-workspace\scms\target\classes started by revanth.bethala in C:\Users\revanth.bethala\eclipse-workspace\scms)
2026-04-27 09:26:49 DEBUG ScmsApplication - Running with Spring Boot v4.0.6, Spring v7.0.7
2026-04-27 09:26:49 INFO  ScmsApplication - No active profile set, falling back to 1 default profile: "default"
2026-04-27 09:26:52 WARN  JpaBaseConfiguration$JpaWebConfiguration - spring.jpa.open-in-view is enabled by default. Therefore, database queries may be performed during view rendering. Explicitly configure spring.jpa.open-in-view to disable this warning
2026-04-27 09:26:53 INFO  ScmsApplication - Started ScmsApplication in 3.382 seconds (process running for 1578.683)
2026-04-27 09:27:45 INFO  ScmsApplication - Starting ScmsApplication using Java 21.0.9 with PID 21720 (C:\Users\revanth.bethala\eclipse-workspace\scms\target\classes started by revanth.bethala in C:\Users\revanth.bethala\eclipse-workspace\scms)
2026-04-27 09:27:45 DEBUG ScmsApplication - Running with Spring Boot v4.0.6, Spring v7.0.7
2026-04-27 09:27:45 INFO  ScmsApplication - No active profile set, falling back to 1 default profile: "default"
2026-04-27 09:27:48 WARN  JpaBaseConfiguration$JpaWebConfiguration - spring.jpa.open-in-view is enabled by default. Therefore, database queries may be performed during view rendering. Explicitly configure spring.jpa.open-in-view to disable this warning
2026-04-27 09:27:49 INFO  ScmsApplication - Started ScmsApplication in 3.606 seconds (process running for 1634.566)
2026-04-27 09:28:01 INFO  ScmsApplication - Starting ScmsApplication using Java 21.0.9 with PID 21720 (C:\Users\revanth.bethala\eclipse-workspace\scms\target\classes started by revanth.bethala in C:\Users\revanth.bethala\eclipse-workspace\scms)
2026-04-27 09:28:01 DEBUG ScmsApplication - Running with Spring Boot v4.0.6, Spring v7.0.7
2026-04-27 09:28:01 INFO  ScmsApplication - No active profile set, falling back to 1 default profile: "default"
2026-04-27 09:28:04 WARN  JpaBaseConfiguration$JpaWebConfiguration - spring.jpa.open-in-view is enabled by default. Therefore, database queries may be performed during view rendering. Explicitly configure spring.jpa.open-in-view to disable this warning
2026-04-27 09:28:04 INFO  ScmsApplication - Started ScmsApplication in 3.364 seconds (process running for 1649.909)
2026-04-27 09:28:08 INFO  ScmsApplication - Starting ScmsApplication using Java 21.0.9 with PID 21720 (C:\Users\revanth.bethala\eclipse-workspace\scms\target\classes started by revanth.bethala in C:\Users\revanth.bethala\eclipse-workspace\scms)
2026-04-27 09:28:08 DEBUG ScmsApplication - Running with Spring Boot v4.0.6, Spring v7.0.7
2026-04-27 09:28:08 INFO  ScmsApplication - No active profile set, falling back to 1 default profile: "default"
2026-04-27 09:28:11 WARN  JpaBaseConfiguration$JpaWebConfiguration - spring.jpa.open-in-view is enabled by default. Therefore, database queries may be performed during view rendering. Explicitly configure spring.jpa.open-in-view to disable this warning
2026-04-27 09:28:11 INFO  ScmsApplication - Started ScmsApplication in 3.181 seconds (process running for 1656.776)
2026-04-27 09:28:14 INFO  ScmsApplication - Starting ScmsApplication using Java 21.0.9 with PID 21720 (C:\Users\revanth.bethala\eclipse-workspace\scms\target\classes started by revanth.bethala in C:\Users\revanth.bethala\eclipse-workspace\scms)
2026-04-27 09:28:14 DEBUG ScmsApplication - Running with Spring Boot v4.0.6, Spring v7.0.7
2026-04-27 09:28:14 INFO  ScmsApplication - No active profile set, falling back to 1 default profile: "default"
2026-04-27 09:28:18 WARN  JpaBaseConfiguration$JpaWebConfiguration - spring.jpa.open-in-view is enabled by default. Therefore, database queries may be performed during view rendering. Explicitly configure spring.jpa.open-in-view to disable this warning
2026-04-27 09:28:18 INFO  ScmsApplication - Started ScmsApplication in 3.473 seconds (process running for 1663.892)
2026-04-27 09:28:20 INFO  ScmsApplication - Starting ScmsApplication using Java 21.0.9 with PID 21720 (C:\Users\revanth.bethala\eclipse-workspace\scms\target\classes started by revanth.bethala in C:\Users\revanth.bethala\eclipse-workspace\scms)
2026-04-27 09:28:20 DEBUG ScmsApplication - Running with Spring Boot v4.0.6, Spring v7.0.7
2026-04-27 09:28:20 INFO  ScmsApplication - No active profile set, falling back to 1 default profile: "default"
2026-04-27 09:28:23 WARN  JpaBaseConfiguration$JpaWebConfiguration - spring.jpa.open-in-view is enabled by default. Therefore, database queries may be performed during view rendering. Explicitly configure spring.jpa.open-in-view to disable this warning
2026-04-27 09:28:23 INFO  ScmsApplication - Started ScmsApplication in 3.458 seconds (process running for 1669.237)
2026-04-27 09:28:25 INFO  RequestLoggingAspect - Request: com.academy.scms.controller.StudentController.searchByName
2026-04-27 09:28:25 DEBUG RequestLoggingAspect - Args: [ben, 3]
2026-04-27 09:28:25 ERROR ExceptionLoggingAspect - Exception occurred: 
com.academy.scms.exception.StudentNotFoundException: No students found with name: ben
	at com.academy.scms.service.StudentService.searchByName(StudentService.java:64)
	at java.base/jdk.internal.reflect.DirectMethodHandleAccessor.invoke(DirectMethodHandleAccessor.java:103)
	at java.base/java.lang.reflect.Method.invoke(Method.java:580)
	at org.springframework.aop.support.AopUtils.invokeJoinpointUsingReflection(AopUtils.java:359)
	at org.springframework.aop.framework.ReflectiveMethodInvocation.invokeJoinpoint(ReflectiveMethodInvocation.java:190)
	at org.springframework.aop.framework.ReflectiveMethodInvocation.proceed(ReflectiveMethodInvocation.java:158)
	at org.springframework.aop.aspectj.MethodInvocationProceedingJoinPoint.proceed(MethodInvocationProceedingJoinPoint.java:82)
	at com.academy.scms.logging.ExecutionTimeAspect.logExecutionTime(ExecutionTimeAspect.java:20)
	at java.base/jdk.internal.reflect.DirectMethodHandleAccessor.invoke(DirectMethodHandleAccessor.java:103)
	at java.base/java.lang.reflect.Method.invoke(Method.java:580)
	at org.springframework.aop.aspectj.AbstractAspectJAdvice.invokeAdviceMethodWithGivenArgs(AbstractAspectJAdvice.java:648)
	at org.springframework.aop.aspectj.AbstractAspectJAdvice.invokeAdviceMethod(AbstractAspectJAdvice.java:630)
	at org.springframework.aop.aspectj.AspectJAroundAdvice.invoke(AspectJAroundAdvice.java:70)
	at org.springframework.aop.framework.ReflectiveMethodInvocation.proceed(ReflectiveMethodInvocation.java:179)
	at org.springframework.aop.aspectj.AspectJAfterThrowingAdvice.invoke(AspectJAfterThrowingAdvice.java:63)
	at org.springframework.aop.framework.ReflectiveMethodInvocation.proceed(ReflectiveMethodInvocation.java:179)
	at org.springframework.aop.interceptor.ExposeInvocationInterceptor.invoke(ExposeInvocationInterceptor.java:96)
	at org.springframework.aop.framework.ReflectiveMethodInvocation.proceed(ReflectiveMethodInvocation.java:179)
	at org.springframework.aop.framework.CglibAopProxy$DynamicAdvisedInterceptor.intercept(CglibAopProxy.java:719)
	at com.academy.scms.service.StudentService$$SpringCGLIB$$0.searchByName(<generated>)
	at com.academy.scms.controller.StudentController.searchByName(StudentController.java:56)
	at java.base/jdk.internal.reflect.DirectMethodHandleAccessor.invoke(DirectMethodHandleAccessor.java:103)
	at java.base/java.lang.reflect.Method.invoke(Method.java:580)
	at org.springframework.aop.support.AopUtils.invokeJoinpointUsingReflection(AopUtils.java:359)
	at org.springframework.aop.framework.ReflectiveMethodInvocation.invokeJoinpoint(ReflectiveMethodInvocation.java:190)
	at org.springframework.aop.framework.ReflectiveMethodInvocation.proceed(ReflectiveMethodInvocation.java:158)
	at org.springframework.aop.framework.adapter.MethodBeforeAdviceInterceptor.invoke(MethodBeforeAdviceInterceptor.java:57)
	at org.springframework.aop.framework.ReflectiveMethodInvocation.proceed(ReflectiveMethodInvocation.java:179)
	at org.springframework.aop.aspectj.AspectJAfterThrowingAdvice.invoke(AspectJAfterThrowingAdvice.java:63)
	at org.springframework.aop.framework.ReflectiveMethodInvocation.proceed(ReflectiveMethodInvocation.java:179)
	at org.springframework.aop.interceptor.ExposeInvocationInterceptor.invoke(ExposeInvocationInterceptor.java:96)
	at org.springframework.aop.framework.ReflectiveMethodInvocation.proceed(ReflectiveMethodInvocation.java:179)
	at org.springframework.aop.framework.CglibAopProxy$DynamicAdvisedInterceptor.intercept(CglibAopProxy.java:719)
	at com.academy.scms.controller.StudentController$$SpringCGLIB$$0.searchByName(<generated>)
	at java.base/jdk.internal.reflect.DirectMethodHandleAccessor.invoke(DirectMethodHandleAccessor.java:103)
	at java.base/java.lang.reflect.Method.invoke(Method.java:580)
	at org.springframework.web.method.support.InvocableHandlerMethod.doInvoke(InvocableHandlerMethod.java:252)
	at org.springframework.web.method.support.InvocableHandlerMethod.invokeForRequest(InvocableHandlerMethod.java:184)
	at org.springframework.web.servlet.mvc.method.annotation.ServletInvocableHandlerMethod.invokeAndHandle(ServletInvocableHandlerMethod.java:117)
	at org.springframework.web.servlet.mvc.method.annotation.RequestMappingHandlerAdapter.invokeHandlerMethod(RequestMappingHandlerAdapter.java:934)
	at org.springframework.web.servlet.mvc.method.annotation.RequestMappingHandlerAdapter.handleInternal(RequestMappingHandlerAdapter.java:853)
	at org.springframework.web.servlet.mvc.method.AbstractHandlerMethodAdapter.handle(AbstractHandlerMethodAdapter.java:86)
	at org.springframework.web.servlet.DispatcherServlet.doDispatch(DispatcherServlet.java:963)
	at org.springframework.web.servlet.DispatcherServlet.doService(DispatcherServlet.java:866)
	at org.springframework.web.servlet.FrameworkServlet.processRequest(FrameworkServlet.java:1000)
	at org.springframework.web.servlet.FrameworkServlet.doGet(FrameworkServlet.java:892)
	at jakarta.servlet.http.HttpServlet.service(HttpServlet.java:622)
	at org.springframework.web.servlet.FrameworkServlet.service(FrameworkServlet.java:874)
	at jakarta.servlet.http.HttpServlet.service(HttpServlet.java:710)
	at org.apache.catalina.core.ApplicationFilterChain.doFilter(ApplicationFilterChain.java:128)
	at org.apache.tomcat.websocket.server.WsFilter.doFilter(WsFilter.java:53)
	at org.apache.catalina.core.ApplicationFilterChain.doFilter(ApplicationFilterChain.java:107)
	at org.springframework.web.filter.RequestContextFilter.doFilterInternal(RequestContextFilter.java:100)
	at org.springframework.web.filter.OncePerRequestFilter.doFilter(OncePerRequestFilter.java:116)
	at org.apache.catalina.core.ApplicationFilterChain.doFilter(ApplicationFilterChain.java:107)
	at org.springframework.web.filter.FormContentFilter.doFilterInternal(FormContentFilter.java:93)
	at org.springframework.web.filter.OncePerRequestFilter.doFilter(OncePerRequestFilter.java:116)
	at org.apache.catalina.core.ApplicationFilterChain.doFilter(ApplicationFilterChain.java:107)
	at org.springframework.web.filter.CharacterEncodingFilter.doFilterInternal(CharacterEncodingFilter.java:199)
	at org.springframework.web.filter.OncePerRequestFilter.doFilter(OncePerRequestFilter.java:116)
	at org.apache.catalina.core.ApplicationFilterChain.doFilter(ApplicationFilterChain.java:107)
	at org.apache.catalina.core.StandardWrapperValve.invoke(StandardWrapperValve.java:165)
	at org.apache.catalina.core.StandardContextValve.invoke(StandardContextValve.java:77)
	at org.apache.catalina.authenticator.AuthenticatorBase.invoke(AuthenticatorBase.java:492)
	at org.apache.catalina.core.StandardHostValve.invoke(StandardHostValve.java:113)
	at org.apache.catalina.valves.ErrorReportValve.invoke(ErrorReportValve.java:83)
	at org.apache.catalina.core.StandardEngineValve.invoke(StandardEngineValve.java:72)
	at org.apache.catalina.connector.CoyoteAdapter.service(CoyoteAdapter.java:341)
	at org.apache.coyote.http11.Http11Processor.service(Http11Processor.java:397)
	at org.apache.coyote.AbstractProcessorLight.process(AbstractProcessorLight.java:63)
	at org.apache.coyote.AbstractProtocol$ConnectionHandler.process(AbstractProtocol.java:903)
	at org.apache.tomcat.util.net.NioEndpoint$SocketProcessor.doRun(NioEndpoint.java:1801)
	at org.apache.tomcat.util.net.SocketProcessorBase.run(SocketProcessorBase.java:52)
	at org.apache.tomcat.util.threads.ThreadPoolExecutor.runWorker(ThreadPoolExecutor.java:946)
	at org.apache.tomcat.util.threads.ThreadPoolExecutor$Worker.run(ThreadPoolExecutor.java:480)
	at org.apache.tomcat.util.threads.TaskThread$WrappingRunnable.run(TaskThread.java:57)
	at java.base/java.lang.Thread.run(Thread.java:1583)
2026-04-27 09:28:25 ERROR ExceptionLoggingAspect - Exception occurred: 
com.academy.scms.exception.StudentNotFoundException: No students found with name: ben
	at com.academy.scms.service.StudentService.searchByName(StudentService.java:64)
	at java.base/jdk.internal.reflect.DirectMethodHandleAccessor.invoke(DirectMethodHandleAccessor.java:103)
	at java.base/java.lang.reflect.Method.invoke(Method.java:580)
	at org.springframework.aop.support.AopUtils.invokeJoinpointUsingReflection(AopUtils.java:359)
	at org.springframework.aop.framework.ReflectiveMethodInvocation.invokeJoinpoint(ReflectiveMethodInvocation.java:190)
	at org.springframework.aop.framework.ReflectiveMethodInvocation.proceed(ReflectiveMethodInvocation.java:158)
	at org.springframework.aop.aspectj.MethodInvocationProceedingJoinPoint.proceed(MethodInvocationProceedingJoinPoint.java:82)
	at com.academy.scms.logging.ExecutionTimeAspect.logExecutionTime(ExecutionTimeAspect.java:20)
	at java.base/jdk.internal.reflect.DirectMethodHandleAccessor.invoke(DirectMethodHandleAccessor.java:103)
	at java.base/java.lang.reflect.Method.invoke(Method.java:580)
	at org.springframework.aop.aspectj.AbstractAspectJAdvice.invokeAdviceMethodWithGivenArgs(AbstractAspectJAdvice.java:648)
	at org.springframework.aop.aspectj.AbstractAspectJAdvice.invokeAdviceMethod(AbstractAspectJAdvice.java:630)
	at org.springframework.aop.aspectj.AspectJAroundAdvice.invoke(AspectJAroundAdvice.java:70)
	at org.springframework.aop.framework.ReflectiveMethodInvocation.proceed(ReflectiveMethodInvocation.java:179)
	at org.springframework.aop.aspectj.AspectJAfterThrowingAdvice.invoke(AspectJAfterThrowingAdvice.java:63)
	at org.springframework.aop.framework.ReflectiveMethodInvocation.proceed(ReflectiveMethodInvocation.java:179)
	at org.springframework.aop.interceptor.ExposeInvocationInterceptor.invoke(ExposeInvocationInterceptor.java:96)
	at org.springframework.aop.framework.ReflectiveMethodInvocation.proceed(ReflectiveMethodInvocation.java:179)
	at org.springframework.aop.framework.CglibAopProxy$DynamicAdvisedInterceptor.intercept(CglibAopProxy.java:719)
	at com.academy.scms.service.StudentService$$SpringCGLIB$$0.searchByName(<generated>)
	at com.academy.scms.controller.StudentController.searchByName(StudentController.java:56)
	at java.base/jdk.internal.reflect.DirectMethodHandleAccessor.invoke(DirectMethodHandleAccessor.java:103)
	at java.base/java.lang.reflect.Method.invoke(Method.java:580)
	at org.springframework.aop.support.AopUtils.invokeJoinpointUsingReflection(AopUtils.java:359)
	at org.springframework.aop.framework.ReflectiveMethodInvocation.invokeJoinpoint(ReflectiveMethodInvocation.java:190)
	at org.springframework.aop.framework.ReflectiveMethodInvocation.proceed(ReflectiveMethodInvocation.java:158)
	at org.springframework.aop.framework.adapter.MethodBeforeAdviceInterceptor.invoke(MethodBeforeAdviceInterceptor.java:57)
	at org.springframework.aop.framework.ReflectiveMethodInvocation.proceed(ReflectiveMethodInvocation.java:179)
	at org.springframework.aop.aspectj.AspectJAfterThrowingAdvice.invoke(AspectJAfterThrowingAdvice.java:63)
	at org.springframework.aop.framework.ReflectiveMethodInvocation.proceed(ReflectiveMethodInvocation.java:179)
	at org.springframework.aop.interceptor.ExposeInvocationInterceptor.invoke(ExposeInvocationInterceptor.java:96)
	at org.springframework.aop.framework.ReflectiveMethodInvocation.proceed(ReflectiveMethodInvocation.java:179)
	at org.springframework.aop.framework.CglibAopProxy$DynamicAdvisedInterceptor.intercept(CglibAopProxy.java:719)
	at com.academy.scms.controller.StudentController$$SpringCGLIB$$0.searchByName(<generated>)
	at java.base/jdk.internal.reflect.DirectMethodHandleAccessor.invoke(DirectMethodHandleAccessor.java:103)
	at java.base/java.lang.reflect.Method.invoke(Method.java:580)
	at org.springframework.web.method.support.InvocableHandlerMethod.doInvoke(InvocableHandlerMethod.java:252)
	at org.springframework.web.method.support.InvocableHandlerMethod.invokeForRequest(InvocableHandlerMethod.java:184)
	at org.springframework.web.servlet.mvc.method.annotation.ServletInvocableHandlerMethod.invokeAndHandle(ServletInvocableHandlerMethod.java:117)
	at org.springframework.web.servlet.mvc.method.annotation.RequestMappingHandlerAdapter.invokeHandlerMethod(RequestMappingHandlerAdapter.java:934)
	at org.springframework.web.servlet.mvc.method.annotation.RequestMappingHandlerAdapter.handleInternal(RequestMappingHandlerAdapter.java:853)
	at org.springframework.web.servlet.mvc.method.AbstractHandlerMethodAdapter.handle(AbstractHandlerMethodAdapter.java:86)
	at org.springframework.web.servlet.DispatcherServlet.doDispatch(DispatcherServlet.java:963)
	at org.springframework.web.servlet.DispatcherServlet.doService(DispatcherServlet.java:866)
	at org.springframework.web.servlet.FrameworkServlet.processRequest(FrameworkServlet.java:1000)
	at org.springframework.web.servlet.FrameworkServlet.doGet(FrameworkServlet.java:892)
	at jakarta.servlet.http.HttpServlet.service(HttpServlet.java:622)
	at org.springframework.web.servlet.FrameworkServlet.service(FrameworkServlet.java:874)
	at jakarta.servlet.http.HttpServlet.service(HttpServlet.java:710)
	at org.apache.catalina.core.ApplicationFilterChain.doFilter(ApplicationFilterChain.java:128)
	at org.apache.tomcat.websocket.server.WsFilter.doFilter(WsFilter.java:53)
	at org.apache.catalina.core.ApplicationFilterChain.doFilter(ApplicationFilterChain.java:107)
	at org.springframework.web.filter.RequestContextFilter.doFilterInternal(RequestContextFilter.java:100)
	at org.springframework.web.filter.OncePerRequestFilter.doFilter(OncePerRequestFilter.java:116)
	at org.apache.catalina.core.ApplicationFilterChain.doFilter(ApplicationFilterChain.java:107)
	at org.springframework.web.filter.FormContentFilter.doFilterInternal(FormContentFilter.java:93)
	at org.springframework.web.filter.OncePerRequestFilter.doFilter(OncePerRequestFilter.java:116)
	at org.apache.catalina.core.ApplicationFilterChain.doFilter(ApplicationFilterChain.java:107)
	at org.springframework.web.filter.CharacterEncodingFilter.doFilterInternal(CharacterEncodingFilter.java:199)
	at org.springframework.web.filter.OncePerRequestFilter.doFilter(OncePerRequestFilter.java:116)
	at org.apache.catalina.core.ApplicationFilterChain.doFilter(ApplicationFilterChain.java:107)
	at org.apache.catalina.core.StandardWrapperValve.invoke(StandardWrapperValve.java:165)
	at org.apache.catalina.core.StandardContextValve.invoke(StandardContextValve.java:77)
	at org.apache.catalina.authenticator.AuthenticatorBase.invoke(AuthenticatorBase.java:492)
	at org.apache.catalina.core.StandardHostValve.invoke(StandardHostValve.java:113)
	at org.apache.catalina.valves.ErrorReportValve.invoke(ErrorReportValve.java:83)
	at org.apache.catalina.core.StandardEngineValve.invoke(StandardEngineValve.java:72)
	at org.apache.catalina.connector.CoyoteAdapter.service(CoyoteAdapter.java:341)
	at org.apache.coyote.http11.Http11Processor.service(Http11Processor.java:397)
	at org.apache.coyote.AbstractProcessorLight.process(AbstractProcessorLight.java:63)
	at org.apache.coyote.AbstractProtocol$ConnectionHandler.process(AbstractProtocol.java:903)
	at org.apache.tomcat.util.net.NioEndpoint$SocketProcessor.doRun(NioEndpoint.java:1801)
	at org.apache.tomcat.util.net.SocketProcessorBase.run(SocketProcessorBase.java:52)
	at org.apache.tomcat.util.threads.ThreadPoolExecutor.runWorker(ThreadPoolExecutor.java:946)
	at org.apache.tomcat.util.threads.ThreadPoolExecutor$Worker.run(ThreadPoolExecutor.java:480)
	at org.apache.tomcat.util.threads.TaskThread$WrappingRunnable.run(TaskThread.java:57)
	at java.base/java.lang.Thread.run(Thread.java:1583)
2026-04-27 09:28:25 INFO  RequestLoggingAspect - Request: com.academy.scms.controller.StudentController.handleStudentNotFound
2026-04-27 09:28:25 DEBUG RequestLoggingAspect - Args: [com.academy.scms.exception.StudentNotFoundException: No students found with name: ben]
2026-04-27 09:28:25 WARN  ExceptionHandlerExceptionResolver - Resolved [com.academy.scms.exception.StudentNotFoundException: No students found with name: ben]
2026-04-27 09:28:29 INFO  RequestLoggingAspect - Request: com.academy.scms.controller.StudentController.searchByName
2026-04-27 09:28:29 DEBUG RequestLoggingAspect - Args: [ken, 3]
2026-04-27 09:28:29 INFO  ExecutionTimeAspect - StudentService.searchByName(..) executed in 14 ms
2026-04-27 09:28:43 INFO  RequestLoggingAspect - Request: com.academy.scms.controller.StudentController.getAllStudents
2026-04-27 09:28:43 DEBUG RequestLoggingAspect - Args: [3]
2026-04-27 09:28:43 INFO  ExecutionTimeAspect - StudentService.getAllStudents(..) executed in 38 ms
2026-04-27 09:30:21 WARN  HikariPool - HikariPool-27 - Thread starvation or clock leap detected (housekeeper delta=1m459ms370µs300ns).
2026-04-27 10:06:03 WARN  HikariPool - HikariPool-27 - Thread starvation or clock leap detected (housekeeper delta=1m1s814ms337µs500ns).
2026-04-27 10:07:12 INFO  ScmsApplication - Starting ScmsApplication using Java 21.0.9 with PID 21720 (C:\Users\revanth.bethala\eclipse-workspace\scms\target\classes started by revanth.bethala in C:\Users\revanth.bethala\eclipse-workspace\scms)
2026-04-27 10:07:12 DEBUG ScmsApplication - Running with Spring Boot v4.0.6, Spring v7.0.7
2026-04-27 10:07:12 INFO  ScmsApplication - No active profile set, falling back to 1 default profile: "default"
2026-04-27 10:07:15 WARN  JpaBaseConfiguration$JpaWebConfiguration - spring.jpa.open-in-view is enabled by default. Therefore, database queries may be performed during view rendering. Explicitly configure spring.jpa.open-in-view to disable this warning
2026-04-27 10:07:16 INFO  ScmsApplication - Started ScmsApplication in 4.422 seconds (process running for 4001.825)
2026-04-27 10:07:17 INFO  ScmsApplication - Starting ScmsApplication using Java 21.0.9 with PID 21720 (C:\Users\revanth.bethala\eclipse-workspace\scms\target\classes started by revanth.bethala in C:\Users\revanth.bethala\eclipse-workspace\scms)
2026-04-27 10:07:17 DEBUG ScmsApplication - Running with Spring Boot v4.0.6, Spring v7.0.7
2026-04-27 10:07:17 INFO  ScmsApplication - No active profile set, falling back to 1 default profile: "default"
2026-04-27 10:07:20 WARN  JpaBaseConfiguration$JpaWebConfiguration - spring.jpa.open-in-view is enabled by default. Therefore, database queries may be performed during view rendering. Explicitly configure spring.jpa.open-in-view to disable this warning
2026-04-27 10:07:21 INFO  ScmsApplication - Started ScmsApplication in 3.415 seconds (process running for 4006.744)
2026-04-27 10:07:30 INFO  RequestLoggingAspect - Request: com.academy.scms.controller.CourseController.getStudents
2026-04-27 10:07:30 DEBUG RequestLoggingAspect - Args: [100]
2026-04-27 10:07:30 INFO  ExecutionTimeAspect - CourseService.getStudentsByCourse(..) executed in 52 ms
2026-04-27 10:08:29 INFO  ScmsApplication - Starting ScmsApplication using Java 21.0.9 with PID 21720 (C:\Users\revanth.bethala\eclipse-workspace\scms\target\classes started by revanth.bethala in C:\Users\revanth.bethala\eclipse-workspace\scms)
2026-04-27 10:08:29 DEBUG ScmsApplication - Running with Spring Boot v4.0.6, Spring v7.0.7
2026-04-27 10:08:29 INFO  ScmsApplication - No active profile set, falling back to 1 default profile: "default"
2026-04-27 10:08:33 WARN  JpaBaseConfiguration$JpaWebConfiguration - spring.jpa.open-in-view is enabled by default. Therefore, database queries may be performed during view rendering. Explicitly configure spring.jpa.open-in-view to disable this warning
2026-04-27 10:08:33 INFO  ScmsApplication - Started ScmsApplication in 4.109 seconds (process running for 4079.408)
2026-04-27 10:08:53 INFO  ScmsApplication - Starting ScmsApplication using Java 21.0.9 with PID 21720 (C:\Users\revanth.bethala\eclipse-workspace\scms\target\classes started by revanth.bethala in C:\Users\revanth.bethala\eclipse-workspace\scms)
2026-04-27 10:08:53 DEBUG ScmsApplication - Running with Spring Boot v4.0.6, Spring v7.0.7
2026-04-27 10:08:53 INFO  ScmsApplication - No active profile set, falling back to 1 default profile: "default"
2026-04-27 10:08:56 WARN  JpaBaseConfiguration$JpaWebConfiguration - spring.jpa.open-in-view is enabled by default. Therefore, database queries may be performed during view rendering. Explicitly configure spring.jpa.open-in-view to disable this warning
2026-04-27 10:08:56 INFO  ScmsApplication - Started ScmsApplication in 3.533 seconds (process running for 4102.287)
2026-04-27 10:09:22 INFO  ScmsApplication - Starting ScmsApplication using Java 21.0.9 with PID 21720 (C:\Users\revanth.bethala\eclipse-workspace\scms\target\classes started by revanth.bethala in C:\Users\revanth.bethala\eclipse-workspace\scms)
2026-04-27 10:09:22 DEBUG ScmsApplication - Running with Spring Boot v4.0.6, Spring v7.0.7
2026-04-27 10:09:22 INFO  ScmsApplication - No active profile set, falling back to 1 default profile: "default"
2026-04-27 10:09:25 WARN  JpaBaseConfiguration$JpaWebConfiguration - spring.jpa.open-in-view is enabled by default. Therefore, database queries may be performed during view rendering. Explicitly configure spring.jpa.open-in-view to disable this warning
2026-04-27 10:09:26 INFO  ScmsApplication - Started ScmsApplication in 3.748 seconds (process running for 4131.697)
2026-04-27 10:10:12 INFO  RequestLoggingAspect - Request: com.academy.scms.controller.AuthController.loginUser
2026-04-27 10:10:12 DEBUG RequestLoggingAspect - Args: [com.academy.scms.dto.LoginDto@4bf68a52, org.springframework.validation.BeanPropertyBindingResult: 0 errors]
2026-04-27 10:10:12 INFO  ExecutionTimeAspect - AuthService.loginService(..) executed in 35 ms
2026-04-27 10:10:31 INFO  RequestLoggingAspect - Request: com.academy.scms.controller.StudentController.getAllStudents
2026-04-27 10:10:31 DEBUG RequestLoggingAspect - Args: [3]
2026-04-27 10:10:31 INFO  ExecutionTimeAspect - StudentService.getAllStudents(..) executed in 17 ms
2026-04-27 10:11:14 INFO  ScmsApplication - Starting ScmsApplication using Java 21.0.9 with PID 21720 (C:\Users\revanth.bethala\eclipse-workspace\scms\target\classes started by revanth.bethala in C:\Users\revanth.bethala\eclipse-workspace\scms)
2026-04-27 10:11:14 DEBUG ScmsApplication - Running with Spring Boot v4.0.6, Spring v7.0.7
2026-04-27 10:11:14 INFO  ScmsApplication - No active profile set, falling back to 1 default profile: "default"
2026-04-27 10:11:18 WARN  JpaBaseConfiguration$JpaWebConfiguration - spring.jpa.open-in-view is enabled by default. Therefore, database queries may be performed during view rendering. Explicitly configure spring.jpa.open-in-view to disable this warning
2026-04-27 10:11:18 INFO  ScmsApplication - Started ScmsApplication in 3.801 seconds (process running for 4243.989)
2026-04-27 10:11:20 INFO  ScmsApplication - Starting ScmsApplication using Java 21.0.9 with PID 21720 (C:\Users\revanth.bethala\eclipse-workspace\scms\target\classes started by revanth.bethala in C:\Users\revanth.bethala\eclipse-workspace\scms)
2026-04-27 10:11:20 DEBUG ScmsApplication - Running with Spring Boot v4.0.6, Spring v7.0.7
2026-04-27 10:11:20 INFO  ScmsApplication - No active profile set, falling back to 1 default profile: "default"
2026-04-27 10:11:23 WARN  AnnotationConfigServletWebServerApplicationContext - Exception encountered during context initialization - cancelling refresh attempt: org.springframework.beans.factory.UnsatisfiedDependencyException: Error creating bean with name 'authController' defined in file [C:\Users\revanth.bethala\eclipse-workspace\scms\target\classes\com\academy\scms\controller\AuthController.class]: Unsatisfied dependency expressed through constructor parameter 0: Error creating bean with name 'authService' defined in file [C:\Users\revanth.bethala\eclipse-workspace\scms\target\classes\com\academy\scms\service\AuthService.class]: Unsatisfied dependency expressed through constructor parameter 2: No qualifying bean of type 'com.academy.scms.mapper.StudentMapper' available: expected at least 1 bean which qualifies as autowire candidate. Dependency annotations: {}
2026-04-27 10:11:23 ERROR LoggingFailureAnalysisReporter - 

***************************
APPLICATION FAILED TO START
***************************

Description:

Parameter 2 of constructor in com.academy.scms.service.AuthService required a bean of type 'com.academy.scms.mapper.StudentMapper' that could not be found.


Action:

Consider defining a bean of type 'com.academy.scms.mapper.StudentMapper' in your configuration.

2026-04-27 10:11:37 INFO  ScmsApplication - Starting ScmsApplication using Java 21.0.9 with PID 21720 (C:\Users\revanth.bethala\eclipse-workspace\scms\target\classes started by revanth.bethala in C:\Users\revanth.bethala\eclipse-workspace\scms)
2026-04-27 10:11:37 DEBUG ScmsApplication - Running with Spring Boot v4.0.6, Spring v7.0.7
2026-04-27 10:11:37 INFO  ScmsApplication - No active profile set, falling back to 1 default profile: "default"
2026-04-27 10:11:40 WARN  AnnotationConfigServletWebServerApplicationContext - Exception encountered during context initialization - cancelling refresh attempt: org.springframework.beans.factory.UnsatisfiedDependencyException: Error creating bean with name 'authController' defined in file [C:\Users\revanth.bethala\eclipse-workspace\scms\target\classes\com\academy\scms\controller\AuthController.class]: Unsatisfied dependency expressed through constructor parameter 0: Error creating bean with name 'authService' defined in file [C:\Users\revanth.bethala\eclipse-workspace\scms\target\classes\com\academy\scms\service\AuthService.class]: Unsatisfied dependency expressed through constructor parameter 2: No qualifying bean of type 'com.academy.scms.mapper.StudentMapper' available: expected at least 1 bean which qualifies as autowire candidate. Dependency annotations: {}
2026-04-27 10:11:40 ERROR LoggingFailureAnalysisReporter - 

***************************
APPLICATION FAILED TO START
***************************

Description:

Parameter 2 of constructor in com.academy.scms.service.AuthService required a bean of type 'com.academy.scms.mapper.StudentMapper' that could not be found.


Action:

Consider defining a bean of type 'com.academy.scms.mapper.StudentMapper' in your configuration.

2026-04-27 10:11:46 INFO  ScmsApplication - Starting ScmsApplication using Java 21.0.9 with PID 21720 (C:\Users\revanth.bethala\eclipse-workspace\scms\target\classes started by revanth.bethala in C:\Users\revanth.bethala\eclipse-workspace\scms)
2026-04-27 10:11:46 DEBUG ScmsApplication - Running with Spring Boot v4.0.6, Spring v7.0.7
2026-04-27 10:11:46 INFO  ScmsApplication - No active profile set, falling back to 1 default profile: "default"
2026-04-27 10:11:50 WARN  AnnotationConfigServletWebServerApplicationContext - Exception encountered during context initialization - cancelling refresh attempt: org.springframework.beans.factory.UnsatisfiedDependencyException: Error creating bean with name 'authController' defined in file [C:\Users\revanth.bethala\eclipse-workspace\scms\target\classes\com\academy\scms\controller\AuthController.class]: Unsatisfied dependency expressed through constructor parameter 0: Error creating bean with name 'authService' defined in file [C:\Users\revanth.bethala\eclipse-workspace\scms\target\classes\com\academy\scms\service\AuthService.class]: Unsatisfied dependency expressed through constructor parameter 2: No qualifying bean of type 'com.academy.scms.mapper.StudentMapper' available: expected at least 1 bean which qualifies as autowire candidate. Dependency annotations: {}
2026-04-27 10:11:50 ERROR LoggingFailureAnalysisReporter - 

***************************
APPLICATION FAILED TO START
***************************

Description:

Parameter 2 of constructor in com.academy.scms.service.AuthService required a bean of type 'com.academy.scms.mapper.StudentMapper' that could not be found.


Action:

Consider defining a bean of type 'com.academy.scms.mapper.StudentMapper' in your configuration.

2026-04-27 10:11:52 INFO  ScmsApplication - Starting ScmsApplication using Java 21.0.9 with PID 21720 (C:\Users\revanth.bethala\eclipse-workspace\scms\target\classes started by revanth.bethala in C:\Users\revanth.bethala\eclipse-workspace\scms)
2026-04-27 10:11:52 DEBUG ScmsApplication - Running with Spring Boot v4.0.6, Spring v7.0.7
2026-04-27 10:11:52 INFO  ScmsApplication - No active profile set, falling back to 1 default profile: "default"
2026-04-27 10:11:55 WARN  AnnotationConfigServletWebServerApplicationContext - Exception encountered during context initialization - cancelling refresh attempt: org.springframework.beans.factory.UnsatisfiedDependencyException: Error creating bean with name 'authController' defined in file [C:\Users\revanth.bethala\eclipse-workspace\scms\target\classes\com\academy\scms\controller\AuthController.class]: Unsatisfied dependency expressed through constructor parameter 0: Error creating bean with name 'authService' defined in file [C:\Users\revanth.bethala\eclipse-workspace\scms\target\classes\com\academy\scms\service\AuthService.class]: Unsatisfied dependency expressed through constructor parameter 2: No qualifying bean of type 'com.academy.scms.mapper.StudentMapper' available: expected at least 1 bean which qualifies as autowire candidate. Dependency annotations: {}
2026-04-27 10:11:55 ERROR LoggingFailureAnalysisReporter - 

***************************
APPLICATION FAILED TO START
***************************

Description:

Parameter 2 of constructor in com.academy.scms.service.AuthService required a bean of type 'com.academy.scms.mapper.StudentMapper' that could not be found.


Action:

Consider defining a bean of type 'com.academy.scms.mapper.StudentMapper' in your configuration.

2026-04-27 10:12:02 INFO  ScmsApplication - Starting ScmsApplication using Java 21.0.9 with PID 21720 (C:\Users\revanth.bethala\eclipse-workspace\scms\target\classes started by revanth.bethala in C:\Users\revanth.bethala\eclipse-workspace\scms)
2026-04-27 10:12:02 DEBUG ScmsApplication - Running with Spring Boot v4.0.6, Spring v7.0.7
2026-04-27 10:12:02 INFO  ScmsApplication - No active profile set, falling back to 1 default profile: "default"
2026-04-27 10:12:05 WARN  AnnotationConfigServletWebServerApplicationContext - Exception encountered during context initialization - cancelling refresh attempt: org.springframework.beans.factory.UnsatisfiedDependencyException: Error creating bean with name 'authController' defined in file [C:\Users\revanth.bethala\eclipse-workspace\scms\target\classes\com\academy\scms\controller\AuthController.class]: Unsatisfied dependency expressed through constructor parameter 0: Error creating bean with name 'authService' defined in file [C:\Users\revanth.bethala\eclipse-workspace\scms\target\classes\com\academy\scms\service\AuthService.class]: Unsatisfied dependency expressed through constructor parameter 2: No qualifying bean of type 'com.academy.scms.mapper.StudentMapper' available: expected at least 1 bean which qualifies as autowire candidate. Dependency annotations: {}
2026-04-27 10:12:05 ERROR LoggingFailureAnalysisReporter - 

***************************
APPLICATION FAILED TO START
***************************

Description:

Parameter 2 of constructor in com.academy.scms.service.AuthService required a bean of type 'com.academy.scms.mapper.StudentMapper' that could not be found.


Action:

Consider defining a bean of type 'com.academy.scms.mapper.StudentMapper' in your configuration.

2026-04-27 10:12:51 INFO  ScmsApplication - Starting ScmsApplication using Java 21.0.9 with PID 21720 (C:\Users\revanth.bethala\eclipse-workspace\scms\target\classes started by revanth.bethala in C:\Users\revanth.bethala\eclipse-workspace\scms)
2026-04-27 10:12:51 DEBUG ScmsApplication - Running with Spring Boot v4.0.6, Spring v7.0.7
2026-04-27 10:12:51 INFO  ScmsApplication - No active profile set, falling back to 1 default profile: "default"
2026-04-27 10:12:54 WARN  AnnotationConfigServletWebServerApplicationContext - Exception encountered during context initialization - cancelling refresh attempt: org.springframework.beans.factory.UnsatisfiedDependencyException: Error creating bean with name 'webConfig': Unsatisfied dependency expressed through field 'jwtInterceptor': Error creating bean with name 'authInterceptor' defined in file [C:\Users\revanth.bethala\eclipse-workspace\scms\target\classes\com\academy\scms\security\AuthInterceptor.class]: Unsatisfied dependency expressed through constructor parameter 0: Error creating bean with name 'jwtUtil': Lookup method resolution failed
2026-04-27 10:12:55 ERROR SpringApplication - Application run failed
org.springframework.beans.factory.UnsatisfiedDependencyException: Error creating bean with name 'webConfig': Unsatisfied dependency expressed through field 'jwtInterceptor': Error creating bean with name 'authInterceptor' defined in file [C:\Users\revanth.bethala\eclipse-workspace\scms\target\classes\com\academy\scms\security\AuthInterceptor.class]: Unsatisfied dependency expressed through constructor parameter 0: Error creating bean with name 'jwtUtil': Lookup method resolution failed
	at org.springframework.beans.factory.annotation.AutowiredAnnotationBeanPostProcessor$AutowiredFieldElement.resolveFieldValue(AutowiredAnnotationBeanPostProcessor.java:767)
	at org.springframework.beans.factory.annotation.AutowiredAnnotationBeanPostProcessor$AutowiredFieldElement.inject(AutowiredAnnotationBeanPostProcessor.java:748)
	at org.springframework.beans.factory.annotation.InjectionMetadata.inject(InjectionMetadata.java:146)
	at org.springframework.beans.factory.annotation.AutowiredAnnotationBeanPostProcessor.postProcessProperties(AutowiredAnnotationBeanPostProcessor.java:493)
	at org.springframework.beans.factory.support.AbstractAutowireCapableBeanFactory.populateBean(AbstractAutowireCapableBeanFactory.java:1446)
	at org.springframework.beans.factory.support.AbstractAutowireCapableBeanFactory.doCreateBean(AbstractAutowireCapableBeanFactory.java:602)
	at org.springframework.beans.factory.support.AbstractAutowireCapableBeanFactory.createBean(AbstractAutowireCapableBeanFactory.java:525)
	at org.springframework.beans.factory.support.AbstractBeanFactory.lambda$doGetBean$0(AbstractBeanFactory.java:333)
	at org.springframework.beans.factory.support.DefaultSingletonBeanRegistry.getSingleton(DefaultSingletonBeanRegistry.java:371)
	at org.springframework.beans.factory.support.AbstractBeanFactory.doGetBean(AbstractBeanFactory.java:331)
	at org.springframework.beans.factory.support.AbstractBeanFactory.getBean(AbstractBeanFactory.java:196)
	at org.springframework.beans.factory.support.DefaultListableBeanFactory.instantiateSingleton(DefaultListableBeanFactory.java:1218)
	at org.springframework.beans.factory.support.DefaultListableBeanFactory.preInstantiateSingleton(DefaultListableBeanFactory.java:1184)
	at org.springframework.beans.factory.support.DefaultListableBeanFactory.preInstantiateSingletons(DefaultListableBeanFactory.java:1121)
	at org.springframework.context.support.AbstractApplicationContext.finishBeanFactoryInitialization(AbstractApplicationContext.java:994)
	at org.springframework.context.support.AbstractApplicationContext.refresh(AbstractApplicationContext.java:621)
	at org.springframework.boot.web.server.servlet.context.ServletWebServerApplicationContext.refresh(ServletWebServerApplicationContext.java:143)
	at org.springframework.boot.SpringApplication.refresh(SpringApplication.java:756)
	at org.springframework.boot.SpringApplication.refreshContext(SpringApplication.java:445)
	at org.springframework.boot.SpringApplication.run(SpringApplication.java:321)
	at org.springframework.boot.SpringApplication.run(SpringApplication.java:1365)
	at org.springframework.boot.SpringApplication.run(SpringApplication.java:1354)
	at com.academy.scms.ScmsApplication.main(ScmsApplication.java:10)
	at java.base/jdk.internal.reflect.DirectMethodHandleAccessor.invoke(DirectMethodHandleAccessor.java:103)
	at java.base/java.lang.reflect.Method.invoke(Method.java:580)
	at org.springframework.boot.devtools.restart.RestartLauncher.run(RestartLauncher.java:52)
Caused by: org.springframework.beans.factory.UnsatisfiedDependencyException: Error creating bean with name 'authInterceptor' defined in file [C:\Users\revanth.bethala\eclipse-workspace\scms\target\classes\com\academy\scms\security\AuthInterceptor.class]: Unsatisfied dependency expressed through constructor parameter 0: Error creating bean with name 'jwtUtil': Lookup method resolution failed
	at org.springframework.beans.factory.support.ConstructorResolver.createArgumentArray(ConstructorResolver.java:804)
	at org.springframework.beans.factory.support.ConstructorResolver.autowireConstructor(ConstructorResolver.java:240)
	at org.springframework.beans.factory.support.AbstractAutowireCapableBeanFactory.autowireConstructor(AbstractAutowireCapableBeanFactory.java:1382)
	at org.springframework.beans.factory.support.AbstractAutowireCapableBeanFactory.createBeanInstance(AbstractAutowireCapableBeanFactory.java:1221)
	at org.springframework.beans.factory.support.AbstractAutowireCapableBeanFactory.doCreateBean(AbstractAutowireCapableBeanFactory.java:565)
	at org.springframework.beans.factory.support.AbstractAutowireCapableBeanFactory.createBean(AbstractAutowireCapableBeanFactory.java:525)
	at org.springframework.beans.factory.support.AbstractBeanFactory.lambda$doGetBean$0(AbstractBeanFactory.java:333)
	at org.springframework.beans.factory.support.DefaultSingletonBeanRegistry.getSingleton(DefaultSingletonBeanRegistry.java:371)
	at org.springframework.beans.factory.support.AbstractBeanFactory.doGetBean(AbstractBeanFactory.java:331)
	at org.springframework.beans.factory.support.AbstractBeanFactory.getBean(AbstractBeanFactory.java:201)
	at org.springframework.beans.factory.config.DependencyDescriptor.resolveCandidate(DependencyDescriptor.java:229)
	at org.springframework.beans.factory.support.DefaultListableBeanFactory.doResolveDependency(DefaultListableBeanFactory.java:1762)
	at org.springframework.beans.factory.support.DefaultListableBeanFactory.resolveDependency(DefaultListableBeanFactory.java:1651)
	at org.springframework.beans.factory.annotation.AutowiredAnnotationBeanPostProcessor$AutowiredFieldElement.resolveFieldValue(AutowiredAnnotationBeanPostProcessor.java:764)
	... 25 more
Caused by: org.springframework.beans.factory.BeanCreationException: Error creating bean with name 'jwtUtil': Lookup method resolution failed
	at org.springframework.beans.factory.annotation.AutowiredAnnotationBeanPostProcessor.checkLookupMethods(AutowiredAnnotationBeanPostProcessor.java:482)
	at org.springframework.beans.factory.annotation.AutowiredAnnotationBeanPostProcessor.determineCandidateConstructors(AutowiredAnnotationBeanPostProcessor.java:352)
	at org.springframework.beans.factory.support.AbstractAutowireCapableBeanFactory.determineConstructorsFromBeanPostProcessors(AbstractAutowireCapableBeanFactory.java:1321)
	at org.springframework.beans.factory.support.AbstractAutowireCapableBeanFactory.createBeanInstance(AbstractAutowireCapableBeanFactory.java:1218)
	at org.springframework.beans.factory.support.AbstractAutowireCapableBeanFactory.doCreateBean(AbstractAutowireCapableBeanFactory.java:565)
	at org.springframework.beans.factory.support.AbstractAutowireCapableBeanFactory.createBean(AbstractAutowireCapableBeanFactory.java:525)
	at org.springframework.beans.factory.support.AbstractBeanFactory.lambda$doGetBean$0(AbstractBeanFactory.java:333)
	at org.springframework.beans.factory.support.DefaultSingletonBeanRegistry.getSingleton(DefaultSingletonBeanRegistry.java:371)
	at org.springframework.beans.factory.support.AbstractBeanFactory.doGetBean(AbstractBeanFactory.java:331)
	at org.springframework.beans.factory.support.AbstractBeanFactory.getBean(AbstractBeanFactory.java:201)
	at org.springframework.beans.factory.support.DefaultListableBeanFactory.resolveBean(DefaultListableBeanFactory.java:1225)
	at org.springframework.beans.factory.support.DefaultListableBeanFactory.doResolveDependency(DefaultListableBeanFactory.java:1704)
	at org.springframework.beans.factory.support.DefaultListableBeanFactory.resolveDependency(DefaultListableBeanFactory.java:1651)
	at org.springframework.beans.factory.support.ConstructorResolver.resolveAutowiredArgument(ConstructorResolver.java:912)
	at org.springframework.beans.factory.support.ConstructorResolver.createArgumentArray(ConstructorResolver.java:791)
	... 38 more
Caused by: java.lang.IllegalStateException: Failed to introspect Class [com.academy.scms.security.JwtUtil] from ClassLoader [org.springframework.boot.devtools.restart.classloader.RestartClassLoader@6dad8766]
	at org.springframework.util.ReflectionUtils.getDeclaredMethods(ReflectionUtils.java:483)
	at org.springframework.util.ReflectionUtils.doWithLocalMethods(ReflectionUtils.java:320)
	at org.springframework.beans.factory.annotation.AutowiredAnnotationBeanPostProcessor.checkLookupMethods(AutowiredAnnotationBeanPostProcessor.java:460)
	... 52 more
Caused by: java.lang.NoClassDefFoundError: com/academy/scms/dto/StudentDto
	at java.base/java.lang.Class.getDeclaredMethods0(Native Method)
	at java.base/java.lang.Class.privateGetDeclaredMethods(Class.java:3580)
	at java.base/java.lang.Class.getDeclaredMethods(Class.java:2678)
	at org.springframework.util.ReflectionUtils.getDeclaredMethods(ReflectionUtils.java:465)
	... 54 more
Caused by: java.lang.ClassNotFoundException: com.academy.scms.dto.StudentDto
	at java.base/jdk.internal.loader.BuiltinClassLoader.loadClass(BuiltinClassLoader.java:641)
	at java.base/jdk.internal.loader.ClassLoaders$AppClassLoader.loadClass(ClassLoaders.java:188)
	at java.base/java.lang.ClassLoader.loadClass(ClassLoader.java:526)
	at java.base/java.lang.Class.forName0(Native Method)
	at java.base/java.lang.Class.forName(Class.java:536)
	at java.base/java.lang.Class.forName(Class.java:515)
	at org.springframework.boot.devtools.restart.classloader.RestartClassLoader.loadClass(RestartClassLoader.java:123)
	at java.base/java.lang.ClassLoader.loadClass(ClassLoader.java:526)
	... 58 more
2026-04-27 10:12:57 INFO  ScmsApplication - Starting ScmsApplication using Java 21.0.9 with PID 21720 (C:\Users\revanth.bethala\eclipse-workspace\scms\target\classes started by revanth.bethala in C:\Users\revanth.bethala\eclipse-workspace\scms)
2026-04-27 10:12:57 DEBUG ScmsApplication - Running with Spring Boot v4.0.6, Spring v7.0.7
2026-04-27 10:12:57 INFO  ScmsApplication - No active profile set, falling back to 1 default profile: "default"
2026-04-27 10:13:00 WARN  JpaBaseConfiguration$JpaWebConfiguration - spring.jpa.open-in-view is enabled by default. Therefore, database queries may be performed during view rendering. Explicitly configure spring.jpa.open-in-view to disable this warning
2026-04-27 10:13:00 INFO  ScmsApplication - Started ScmsApplication in 3.502 seconds (process running for 4346.31)
2026-04-27 10:14:00 INFO  ScmsApplication - Starting ScmsApplication using Java 21.0.9 with PID 21720 (C:\Users\revanth.bethala\eclipse-workspace\scms\target\classes started by revanth.bethala in C:\Users\revanth.bethala\eclipse-workspace\scms)
2026-04-27 10:14:00 DEBUG ScmsApplication - Running with Spring Boot v4.0.6, Spring v7.0.7
2026-04-27 10:14:00 INFO  ScmsApplication - No active profile set, falling back to 1 default profile: "default"
2026-04-27 10:14:04 WARN  JpaBaseConfiguration$JpaWebConfiguration - spring.jpa.open-in-view is enabled by default. Therefore, database queries may be performed during view rendering. Explicitly configure spring.jpa.open-in-view to disable this warning
2026-04-27 10:14:04 INFO  ScmsApplication - Started ScmsApplication in 4.526 seconds (process running for 4409.92)
2026-04-27 10:16:02 INFO  ScmsApplication - Starting ScmsApplication using Java 21.0.9 with PID 21720 (C:\Users\revanth.bethala\eclipse-workspace\scms\target\classes started by revanth.bethala in C:\Users\revanth.bethala\eclipse-workspace\scms)
2026-04-27 10:16:02 DEBUG ScmsApplication - Running with Spring Boot v4.0.6, Spring v7.0.7
2026-04-27 10:16:02 INFO  ScmsApplication - No active profile set, falling back to 1 default profile: "default"
2026-04-27 10:16:05 WARN  JpaBaseConfiguration$JpaWebConfiguration - spring.jpa.open-in-view is enabled by default. Therefore, database queries may be performed during view rendering. Explicitly configure spring.jpa.open-in-view to disable this warning
2026-04-27 10:16:05 INFO  ScmsApplication - Started ScmsApplication in 3.453 seconds (process running for 4531.037)
2026-04-27 10:16:48 INFO  RequestLoggingAspect - Request: com.academy.scms.controller.StudentController.getAllStudents
2026-04-27 10:16:48 DEBUG RequestLoggingAspect - Args: [3]
2026-04-27 10:16:48 INFO  ExecutionTimeAspect - StudentService.getAllStudents(..) executed in 36 ms
2026-04-27 10:16:53 INFO  RequestLoggingAspect - Request: com.academy.scms.controller.CourseController.getAllCourses
2026-04-27 10:16:53 DEBUG RequestLoggingAspect - Args: []
2026-04-27 10:16:53 INFO  ExecutionTimeAspect - CourseService.getAllCourses() executed in 18 ms
2026-04-27 10:17:06 INFO  RequestLoggingAspect - Request: com.academy.scms.controller.CourseController.getStudents
2026-04-27 10:17:06 DEBUG RequestLoggingAspect - Args: [101]
2026-04-27 10:17:06 ERROR ExceptionLoggingAspect - Exception occurred: 
com.academy.scms.exception.CourseNotFoundException: Course not found with id:101
	at com.academy.scms.service.CourseService.getStudentsByCourse(CourseService.java:62)
	at java.base/jdk.internal.reflect.DirectMethodHandleAccessor.invoke(DirectMethodHandleAccessor.java:103)
	at java.base/java.lang.reflect.Method.invoke(Method.java:580)
	at org.springframework.aop.support.AopUtils.invokeJoinpointUsingReflection(AopUtils.java:359)
	at org.springframework.aop.framework.ReflectiveMethodInvocation.invokeJoinpoint(ReflectiveMethodInvocation.java:190)
	at org.springframework.aop.framework.ReflectiveMethodInvocation.proceed(ReflectiveMethodInvocation.java:158)
	at org.springframework.aop.aspectj.MethodInvocationProceedingJoinPoint.proceed(MethodInvocationProceedingJoinPoint.java:82)
	at com.academy.scms.logging.ExecutionTimeAspect.logExecutionTime(ExecutionTimeAspect.java:20)
	at java.base/jdk.internal.reflect.DirectMethodHandleAccessor.invoke(DirectMethodHandleAccessor.java:103)
	at java.base/java.lang.reflect.Method.invoke(Method.java:580)
	at org.springframework.aop.aspectj.AbstractAspectJAdvice.invokeAdviceMethodWithGivenArgs(AbstractAspectJAdvice.java:648)
	at org.springframework.aop.aspectj.AbstractAspectJAdvice.invokeAdviceMethod(AbstractAspectJAdvice.java:630)
	at org.springframework.aop.aspectj.AspectJAroundAdvice.invoke(AspectJAroundAdvice.java:70)
	at org.springframework.aop.framework.ReflectiveMethodInvocation.proceed(ReflectiveMethodInvocation.java:179)
	at org.springframework.aop.aspectj.AspectJAfterThrowingAdvice.invoke(AspectJAfterThrowingAdvice.java:63)
	at org.springframework.aop.framework.ReflectiveMethodInvocation.proceed(ReflectiveMethodInvocation.java:179)
	at org.springframework.aop.interceptor.ExposeInvocationInterceptor.invoke(ExposeInvocationInterceptor.java:96)
	at org.springframework.aop.framework.ReflectiveMethodInvocation.proceed(ReflectiveMethodInvocation.java:179)
	at org.springframework.aop.framework.CglibAopProxy$DynamicAdvisedInterceptor.intercept(CglibAopProxy.java:719)
	at com.academy.scms.service.CourseService$$SpringCGLIB$$0.getStudentsByCourse(<generated>)
	at com.academy.scms.controller.CourseController.getStudents(CourseController.java:69)
	at java.base/jdk.internal.reflect.DirectMethodHandleAccessor.invoke(DirectMethodHandleAccessor.java:103)
	at java.base/java.lang.reflect.Method.invoke(Method.java:580)
	at org.springframework.aop.support.AopUtils.invokeJoinpointUsingReflection(AopUtils.java:359)
	at org.springframework.aop.framework.ReflectiveMethodInvocation.invokeJoinpoint(ReflectiveMethodInvocation.java:190)
	at org.springframework.aop.framework.ReflectiveMethodInvocation.proceed(ReflectiveMethodInvocation.java:158)
	at org.springframework.aop.framework.adapter.MethodBeforeAdviceInterceptor.invoke(MethodBeforeAdviceInterceptor.java:57)
	at org.springframework.aop.framework.ReflectiveMethodInvocation.proceed(ReflectiveMethodInvocation.java:179)
	at org.springframework.aop.aspectj.AspectJAfterThrowingAdvice.invoke(AspectJAfterThrowingAdvice.java:63)
	at org.springframework.aop.framework.ReflectiveMethodInvocation.proceed(ReflectiveMethodInvocation.java:179)
	at org.springframework.aop.interceptor.ExposeInvocationInterceptor.invoke(ExposeInvocationInterceptor.java:96)
	at org.springframework.aop.framework.ReflectiveMethodInvocation.proceed(ReflectiveMethodInvocation.java:179)
	at org.springframework.aop.framework.CglibAopProxy$DynamicAdvisedInterceptor.intercept(CglibAopProxy.java:719)
	at com.academy.scms.controller.CourseController$$SpringCGLIB$$0.getStudents(<generated>)
	at java.base/jdk.internal.reflect.DirectMethodHandleAccessor.invoke(DirectMethodHandleAccessor.java:103)
	at java.base/java.lang.reflect.Method.invoke(Method.java:580)
	at org.springframework.web.method.support.InvocableHandlerMethod.doInvoke(InvocableHandlerMethod.java:252)
	at org.springframework.web.method.support.InvocableHandlerMethod.invokeForRequest(InvocableHandlerMethod.java:184)
	at org.springframework.web.servlet.mvc.method.annotation.ServletInvocableHandlerMethod.invokeAndHandle(ServletInvocableHandlerMethod.java:117)
	at org.springframework.web.servlet.mvc.method.annotation.RequestMappingHandlerAdapter.invokeHandlerMethod(RequestMappingHandlerAdapter.java:934)
	at org.springframework.web.servlet.mvc.method.annotation.RequestMappingHandlerAdapter.handleInternal(RequestMappingHandlerAdapter.java:853)
	at org.springframework.web.servlet.mvc.method.AbstractHandlerMethodAdapter.handle(AbstractHandlerMethodAdapter.java:86)
	at org.springframework.web.servlet.DispatcherServlet.doDispatch(DispatcherServlet.java:963)
	at org.springframework.web.servlet.DispatcherServlet.doService(DispatcherServlet.java:866)
	at org.springframework.web.servlet.FrameworkServlet.processRequest(FrameworkServlet.java:1000)
	at org.springframework.web.servlet.FrameworkServlet.doGet(FrameworkServlet.java:892)
	at jakarta.servlet.http.HttpServlet.service(HttpServlet.java:622)
	at org.springframework.web.servlet.FrameworkServlet.service(FrameworkServlet.java:874)
	at jakarta.servlet.http.HttpServlet.service(HttpServlet.java:710)
	at org.apache.catalina.core.ApplicationFilterChain.doFilter(ApplicationFilterChain.java:128)
	at org.apache.tomcat.websocket.server.WsFilter.doFilter(WsFilter.java:53)
	at org.apache.catalina.core.ApplicationFilterChain.doFilter(ApplicationFilterChain.java:107)
	at org.springframework.web.filter.RequestContextFilter.doFilterInternal(RequestContextFilter.java:100)
	at org.springframework.web.filter.OncePerRequestFilter.doFilter(OncePerRequestFilter.java:116)
	at org.apache.catalina.core.ApplicationFilterChain.doFilter(ApplicationFilterChain.java:107)
	at org.springframework.web.filter.FormContentFilter.doFilterInternal(FormContentFilter.java:93)
	at org.springframework.web.filter.OncePerRequestFilter.doFilter(OncePerRequestFilter.java:116)
	at org.apache.catalina.core.ApplicationFilterChain.doFilter(ApplicationFilterChain.java:107)
	at org.springframework.web.filter.CharacterEncodingFilter.doFilterInternal(CharacterEncodingFilter.java:199)
	at org.springframework.web.filter.OncePerRequestFilter.doFilter(OncePerRequestFilter.java:116)
	at org.apache.catalina.core.ApplicationFilterChain.doFilter(ApplicationFilterChain.java:107)
	at org.apache.catalina.core.StandardWrapperValve.invoke(StandardWrapperValve.java:165)
	at org.apache.catalina.core.StandardContextValve.invoke(StandardContextValve.java:77)
	at org.apache.catalina.authenticator.AuthenticatorBase.invoke(AuthenticatorBase.java:492)
	at org.apache.catalina.core.StandardHostValve.invoke(StandardHostValve.java:113)
	at org.apache.catalina.valves.ErrorReportValve.invoke(ErrorReportValve.java:83)
	at org.apache.catalina.core.StandardEngineValve.invoke(StandardEngineValve.java:72)
	at org.apache.catalina.connector.CoyoteAdapter.service(CoyoteAdapter.java:341)
	at org.apache.coyote.http11.Http11Processor.service(Http11Processor.java:397)
	at org.apache.coyote.AbstractProcessorLight.process(AbstractProcessorLight.java:63)
	at org.apache.coyote.AbstractProtocol$ConnectionHandler.process(AbstractProtocol.java:903)
	at org.apache.tomcat.util.net.NioEndpoint$SocketProcessor.doRun(NioEndpoint.java:1801)
	at org.apache.tomcat.util.net.SocketProcessorBase.run(SocketProcessorBase.java:52)
	at org.apache.tomcat.util.threads.ThreadPoolExecutor.runWorker(ThreadPoolExecutor.java:946)
	at org.apache.tomcat.util.threads.ThreadPoolExecutor$Worker.run(ThreadPoolExecutor.java:480)
	at org.apache.tomcat.util.threads.TaskThread$WrappingRunnable.run(TaskThread.java:57)
	at java.base/java.lang.Thread.run(Thread.java:1583)
2026-04-27 10:17:06 ERROR ExceptionLoggingAspect - Exception occurred: 
com.academy.scms.exception.CourseNotFoundException: Course not found with id:101
	at com.academy.scms.service.CourseService.getStudentsByCourse(CourseService.java:62)
	at java.base/jdk.internal.reflect.DirectMethodHandleAccessor.invoke(DirectMethodHandleAccessor.java:103)
	at java.base/java.lang.reflect.Method.invoke(Method.java:580)
	at org.springframework.aop.support.AopUtils.invokeJoinpointUsingReflection(AopUtils.java:359)
	at org.springframework.aop.framework.ReflectiveMethodInvocation.invokeJoinpoint(ReflectiveMethodInvocation.java:190)
	at org.springframework.aop.framework.ReflectiveMethodInvocation.proceed(ReflectiveMethodInvocation.java:158)
	at org.springframework.aop.aspectj.MethodInvocationProceedingJoinPoint.proceed(MethodInvocationProceedingJoinPoint.java:82)
	at com.academy.scms.logging.ExecutionTimeAspect.logExecutionTime(ExecutionTimeAspect.java:20)
	at java.base/jdk.internal.reflect.DirectMethodHandleAccessor.invoke(DirectMethodHandleAccessor.java:103)
	at java.base/java.lang.reflect.Method.invoke(Method.java:580)
	at org.springframework.aop.aspectj.AbstractAspectJAdvice.invokeAdviceMethodWithGivenArgs(AbstractAspectJAdvice.java:648)
	at org.springframework.aop.aspectj.AbstractAspectJAdvice.invokeAdviceMethod(AbstractAspectJAdvice.java:630)
	at org.springframework.aop.aspectj.AspectJAroundAdvice.invoke(AspectJAroundAdvice.java:70)
	at org.springframework.aop.framework.ReflectiveMethodInvocation.proceed(ReflectiveMethodInvocation.java:179)
	at org.springframework.aop.aspectj.AspectJAfterThrowingAdvice.invoke(AspectJAfterThrowingAdvice.java:63)
	at org.springframework.aop.framework.ReflectiveMethodInvocation.proceed(ReflectiveMethodInvocation.java:179)
	at org.springframework.aop.interceptor.ExposeInvocationInterceptor.invoke(ExposeInvocationInterceptor.java:96)
	at org.springframework.aop.framework.ReflectiveMethodInvocation.proceed(ReflectiveMethodInvocation.java:179)
	at org.springframework.aop.framework.CglibAopProxy$DynamicAdvisedInterceptor.intercept(CglibAopProxy.java:719)
	at com.academy.scms.service.CourseService$$SpringCGLIB$$0.getStudentsByCourse(<generated>)
	at com.academy.scms.controller.CourseController.getStudents(CourseController.java:69)
	at java.base/jdk.internal.reflect.DirectMethodHandleAccessor.invoke(DirectMethodHandleAccessor.java:103)
	at java.base/java.lang.reflect.Method.invoke(Method.java:580)
	at org.springframework.aop.support.AopUtils.invokeJoinpointUsingReflection(AopUtils.java:359)
	at org.springframework.aop.framework.ReflectiveMethodInvocation.invokeJoinpoint(ReflectiveMethodInvocation.java:190)
	at org.springframework.aop.framework.ReflectiveMethodInvocation.proceed(ReflectiveMethodInvocation.java:158)
	at org.springframework.aop.framework.adapter.MethodBeforeAdviceInterceptor.invoke(MethodBeforeAdviceInterceptor.java:57)
	at org.springframework.aop.framework.ReflectiveMethodInvocation.proceed(ReflectiveMethodInvocation.java:179)
	at org.springframework.aop.aspectj.AspectJAfterThrowingAdvice.invoke(AspectJAfterThrowingAdvice.java:63)
	at org.springframework.aop.framework.ReflectiveMethodInvocation.proceed(ReflectiveMethodInvocation.java:179)
	at org.springframework.aop.interceptor.ExposeInvocationInterceptor.invoke(ExposeInvocationInterceptor.java:96)
	at org.springframework.aop.framework.ReflectiveMethodInvocation.proceed(ReflectiveMethodInvocation.java:179)
	at org.springframework.aop.framework.CglibAopProxy$DynamicAdvisedInterceptor.intercept(CglibAopProxy.java:719)
	at com.academy.scms.controller.CourseController$$SpringCGLIB$$0.getStudents(<generated>)
	at java.base/jdk.internal.reflect.DirectMethodHandleAccessor.invoke(DirectMethodHandleAccessor.java:103)
	at java.base/java.lang.reflect.Method.invoke(Method.java:580)
	at org.springframework.web.method.support.InvocableHandlerMethod.doInvoke(InvocableHandlerMethod.java:252)
	at org.springframework.web.method.support.InvocableHandlerMethod.invokeForRequest(InvocableHandlerMethod.java:184)
	at org.springframework.web.servlet.mvc.method.annotation.ServletInvocableHandlerMethod.invokeAndHandle(ServletInvocableHandlerMethod.java:117)
	at org.springframework.web.servlet.mvc.method.annotation.RequestMappingHandlerAdapter.invokeHandlerMethod(RequestMappingHandlerAdapter.java:934)
	at org.springframework.web.servlet.mvc.method.annotation.RequestMappingHandlerAdapter.handleInternal(RequestMappingHandlerAdapter.java:853)
	at org.springframework.web.servlet.mvc.method.AbstractHandlerMethodAdapter.handle(AbstractHandlerMethodAdapter.java:86)
	at org.springframework.web.servlet.DispatcherServlet.doDispatch(DispatcherServlet.java:963)
	at org.springframework.web.servlet.DispatcherServlet.doService(DispatcherServlet.java:866)
	at org.springframework.web.servlet.FrameworkServlet.processRequest(FrameworkServlet.java:1000)
	at org.springframework.web.servlet.FrameworkServlet.doGet(FrameworkServlet.java:892)
	at jakarta.servlet.http.HttpServlet.service(HttpServlet.java:622)
	at org.springframework.web.servlet.FrameworkServlet.service(FrameworkServlet.java:874)
	at jakarta.servlet.http.HttpServlet.service(HttpServlet.java:710)
	at org.apache.catalina.core.ApplicationFilterChain.doFilter(ApplicationFilterChain.java:128)
	at org.apache.tomcat.websocket.server.WsFilter.doFilter(WsFilter.java:53)
	at org.apache.catalina.core.ApplicationFilterChain.doFilter(ApplicationFilterChain.java:107)
	at org.springframework.web.filter.RequestContextFilter.doFilterInternal(RequestContextFilter.java:100)
	at org.springframework.web.filter.OncePerRequestFilter.doFilter(OncePerRequestFilter.java:116)
	at org.apache.catalina.core.ApplicationFilterChain.doFilter(ApplicationFilterChain.java:107)
	at org.springframework.web.filter.FormContentFilter.doFilterInternal(FormContentFilter.java:93)
	at org.springframework.web.filter.OncePerRequestFilter.doFilter(OncePerRequestFilter.java:116)
	at org.apache.catalina.core.ApplicationFilterChain.doFilter(ApplicationFilterChain.java:107)
	at org.springframework.web.filter.CharacterEncodingFilter.doFilterInternal(CharacterEncodingFilter.java:199)
	at org.springframework.web.filter.OncePerRequestFilter.doFilter(OncePerRequestFilter.java:116)
	at org.apache.catalina.core.ApplicationFilterChain.doFilter(ApplicationFilterChain.java:107)
	at org.apache.catalina.core.StandardWrapperValve.invoke(StandardWrapperValve.java:165)
	at org.apache.catalina.core.StandardContextValve.invoke(StandardContextValve.java:77)
	at org.apache.catalina.authenticator.AuthenticatorBase.invoke(AuthenticatorBase.java:492)
	at org.apache.catalina.core.StandardHostValve.invoke(StandardHostValve.java:113)
	at org.apache.catalina.valves.ErrorReportValve.invoke(ErrorReportValve.java:83)
	at org.apache.catalina.core.StandardEngineValve.invoke(StandardEngineValve.java:72)
	at org.apache.catalina.connector.CoyoteAdapter.service(CoyoteAdapter.java:341)
	at org.apache.coyote.http11.Http11Processor.service(Http11Processor.java:397)
	at org.apache.coyote.AbstractProcessorLight.process(AbstractProcessorLight.java:63)
	at org.apache.coyote.AbstractProtocol$ConnectionHandler.process(AbstractProtocol.java:903)
	at org.apache.tomcat.util.net.NioEndpoint$SocketProcessor.doRun(NioEndpoint.java:1801)
	at org.apache.tomcat.util.net.SocketProcessorBase.run(SocketProcessorBase.java:52)
	at org.apache.tomcat.util.threads.ThreadPoolExecutor.runWorker(ThreadPoolExecutor.java:946)
	at org.apache.tomcat.util.threads.ThreadPoolExecutor$Worker.run(ThreadPoolExecutor.java:480)
	at org.apache.tomcat.util.threads.TaskThread$WrappingRunnable.run(TaskThread.java:57)
	at java.base/java.lang.Thread.run(Thread.java:1583)
2026-04-27 10:17:06 WARN  GlobalExceptionHandler - Course not found: Course not found with id:101
2026-04-27 10:17:06 WARN  ExceptionHandlerExceptionResolver - Resolved [com.academy.scms.exception.CourseNotFoundException: Course not found with id:101]
2026-04-27 10:17:09 INFO  RequestLoggingAspect - Request: com.academy.scms.controller.CourseController.getStudents
2026-04-27 10:17:09 DEBUG RequestLoggingAspect - Args: [100]
2026-04-27 10:17:09 INFO  ExecutionTimeAspect - CourseService.getStudentsByCourse(..) executed in 20 ms
2026-04-27 10:17:44 INFO  ScmsApplication - Starting ScmsApplication using Java 21.0.9 with PID 21720 (C:\Users\revanth.bethala\eclipse-workspace\scms\target\classes started by revanth.bethala in C:\Users\revanth.bethala\eclipse-workspace\scms)
2026-04-27 10:17:44 DEBUG ScmsApplication - Running with Spring Boot v4.0.6, Spring v7.0.7
2026-04-27 10:17:44 INFO  ScmsApplication - No active profile set, falling back to 1 default profile: "default"
2026-04-27 10:17:48 WARN  JpaBaseConfiguration$JpaWebConfiguration - spring.jpa.open-in-view is enabled by default. Therefore, database queries may be performed during view rendering. Explicitly configure spring.jpa.open-in-view to disable this warning
2026-04-27 10:17:48 INFO  ScmsApplication - Started ScmsApplication in 3.926 seconds (process running for 4634.309)
2026-04-27 10:17:50 INFO  ScmsApplication - Starting ScmsApplication using Java 21.0.9 with PID 21720 (C:\Users\revanth.bethala\eclipse-workspace\scms\target\classes started by revanth.bethala in C:\Users\revanth.bethala\eclipse-workspace\scms)
2026-04-27 10:17:50 DEBUG ScmsApplication - Running with Spring Boot v4.0.6, Spring v7.0.7
2026-04-27 10:17:50 INFO  ScmsApplication - No active profile set, falling back to 1 default profile: "default"
2026-04-27 10:17:53 WARN  JpaBaseConfiguration$JpaWebConfiguration - spring.jpa.open-in-view is enabled by default. Therefore, database queries may be performed during view rendering. Explicitly configure spring.jpa.open-in-view to disable this warning
2026-04-27 10:17:53 INFO  ScmsApplication - Started ScmsApplication in 3.338 seconds (process running for 4639.123)
2026-04-27 10:18:04 INFO  ScmsApplication - Starting ScmsApplication using Java 21.0.9 with PID 21720 (C:\Users\revanth.bethala\eclipse-workspace\scms\target\classes started by revanth.bethala in C:\Users\revanth.bethala\eclipse-workspace\scms)
2026-04-27 10:18:04 DEBUG ScmsApplication - Running with Spring Boot v4.0.6, Spring v7.0.7
2026-04-27 10:18:04 INFO  ScmsApplication - No active profile set, falling back to 1 default profile: "default"
2026-04-27 10:18:07 WARN  JpaBaseConfiguration$JpaWebConfiguration - spring.jpa.open-in-view is enabled by default. Therefore, database queries may be performed during view rendering. Explicitly configure spring.jpa.open-in-view to disable this warning
2026-04-27 10:18:08 INFO  ScmsApplication - Started ScmsApplication in 3.499 seconds (process running for 4653.605)
2026-04-27 10:18:20 INFO  ScmsApplication - Starting ScmsApplication using Java 21.0.9 with PID 21720 (C:\Users\revanth.bethala\eclipse-workspace\scms\target\classes started by revanth.bethala in C:\Users\revanth.bethala\eclipse-workspace\scms)
2026-04-27 10:18:20 DEBUG ScmsApplication - Running with Spring Boot v4.0.6, Spring v7.0.7
2026-04-27 10:18:20 INFO  ScmsApplication - No active profile set, falling back to 1 default profile: "default"
2026-04-27 10:18:24 WARN  JpaBaseConfiguration$JpaWebConfiguration - spring.jpa.open-in-view is enabled by default. Therefore, database queries may be performed during view rendering. Explicitly configure spring.jpa.open-in-view to disable this warning
2026-04-27 10:18:24 INFO  ScmsApplication - Started ScmsApplication in 4.294 seconds (process running for 4669.894)
2026-04-27 10:18:37 INFO  RequestLoggingAspect - Request: com.academy.scms.controller.StudentController.getStudentById
2026-04-27 10:18:37 DEBUG RequestLoggingAspect - Args: [1, 3]
2026-04-27 10:18:37 INFO  ExecutionTimeAspect - StudentService.getStudentById(..) executed in 18 ms
2026-04-27 10:18:41 INFO  RequestLoggingAspect - Request: com.academy.scms.controller.StudentController.getStudentById
2026-04-27 10:18:41 DEBUG RequestLoggingAspect - Args: [2, 3]
2026-04-27 10:18:41 INFO  ExecutionTimeAspect - StudentService.getStudentById(..) executed in 6 ms
2026-04-27 10:18:43 INFO  RequestLoggingAspect - Request: com.academy.scms.controller.StudentController.getStudentById
2026-04-27 10:18:43 DEBUG RequestLoggingAspect - Args: [3, 3]
2026-04-27 10:18:43 INFO  ExecutionTimeAspect - StudentService.getStudentById(..) executed in 7 ms
2026-04-27 10:18:45 INFO  RequestLoggingAspect - Request: com.academy.scms.controller.StudentController.getStudentById
2026-04-27 10:18:45 DEBUG RequestLoggingAspect - Args: [4, 3]
2026-04-27 10:18:45 ERROR ExceptionLoggingAspect - Exception occurred: 
com.academy.scms.exception.StudentNotFoundException: Student not found with id4
	at com.academy.scms.service.StudentService.getStudentById(StudentService.java:56)
	at java.base/jdk.internal.reflect.DirectMethodHandleAccessor.invoke(DirectMethodHandleAccessor.java:103)
	at java.base/java.lang.reflect.Method.invoke(Method.java:580)
	at org.springframework.aop.support.AopUtils.invokeJoinpointUsingReflection(AopUtils.java:359)
	at org.springframework.aop.framework.ReflectiveMethodInvocation.invokeJoinpoint(ReflectiveMethodInvocation.java:190)
	at org.springframework.aop.framework.ReflectiveMethodInvocation.proceed(ReflectiveMethodInvocation.java:158)
	at org.springframework.aop.aspectj.MethodInvocationProceedingJoinPoint.proceed(MethodInvocationProceedingJoinPoint.java:82)
	at com.academy.scms.logging.ExecutionTimeAspect.logExecutionTime(ExecutionTimeAspect.java:20)
	at java.base/jdk.internal.reflect.DirectMethodHandleAccessor.invoke(DirectMethodHandleAccessor.java:103)
	at java.base/java.lang.reflect.Method.invoke(Method.java:580)
	at org.springframework.aop.aspectj.AbstractAspectJAdvice.invokeAdviceMethodWithGivenArgs(AbstractAspectJAdvice.java:648)
	at org.springframework.aop.aspectj.AbstractAspectJAdvice.invokeAdviceMethod(AbstractAspectJAdvice.java:630)
	at org.springframework.aop.aspectj.AspectJAroundAdvice.invoke(AspectJAroundAdvice.java:70)
	at org.springframework.aop.framework.ReflectiveMethodInvocation.proceed(ReflectiveMethodInvocation.java:179)
	at org.springframework.aop.aspectj.AspectJAfterThrowingAdvice.invoke(AspectJAfterThrowingAdvice.java:63)
	at org.springframework.aop.framework.ReflectiveMethodInvocation.proceed(ReflectiveMethodInvocation.java:179)
	at org.springframework.aop.interceptor.ExposeInvocationInterceptor.invoke(ExposeInvocationInterceptor.java:96)
	at org.springframework.aop.framework.ReflectiveMethodInvocation.proceed(ReflectiveMethodInvocation.java:179)
	at org.springframework.aop.framework.CglibAopProxy$DynamicAdvisedInterceptor.intercept(CglibAopProxy.java:719)
	at com.academy.scms.service.StudentService$$SpringCGLIB$$0.getStudentById(<generated>)
	at com.academy.scms.controller.StudentController.getStudentById(StudentController.java:49)
	at java.base/jdk.internal.reflect.DirectMethodHandleAccessor.invoke(DirectMethodHandleAccessor.java:103)
	at java.base/java.lang.reflect.Method.invoke(Method.java:580)
	at org.springframework.aop.support.AopUtils.invokeJoinpointUsingReflection(AopUtils.java:359)
	at org.springframework.aop.framework.ReflectiveMethodInvocation.invokeJoinpoint(ReflectiveMethodInvocation.java:190)
	at org.springframework.aop.framework.ReflectiveMethodInvocation.proceed(ReflectiveMethodInvocation.java:158)
	at org.springframework.aop.framework.adapter.MethodBeforeAdviceInterceptor.invoke(MethodBeforeAdviceInterceptor.java:57)
	at org.springframework.aop.framework.ReflectiveMethodInvocation.proceed(ReflectiveMethodInvocation.java:179)
	at org.springframework.aop.aspectj.AspectJAfterThrowingAdvice.invoke(AspectJAfterThrowingAdvice.java:63)
	at org.springframework.aop.framework.ReflectiveMethodInvocation.proceed(ReflectiveMethodInvocation.java:179)
	at org.springframework.aop.interceptor.ExposeInvocationInterceptor.invoke(ExposeInvocationInterceptor.java:96)
	at org.springframework.aop.framework.ReflectiveMethodInvocation.proceed(ReflectiveMethodInvocation.java:179)
	at org.springframework.aop.framework.CglibAopProxy$DynamicAdvisedInterceptor.intercept(CglibAopProxy.java:719)
	at com.academy.scms.controller.StudentController$$SpringCGLIB$$0.getStudentById(<generated>)
	at java.base/jdk.internal.reflect.DirectMethodHandleAccessor.invoke(DirectMethodHandleAccessor.java:103)
	at java.base/java.lang.reflect.Method.invoke(Method.java:580)
	at org.springframework.web.method.support.InvocableHandlerMethod.doInvoke(InvocableHandlerMethod.java:252)
	at org.springframework.web.method.support.InvocableHandlerMethod.invokeForRequest(InvocableHandlerMethod.java:184)
	at org.springframework.web.servlet.mvc.method.annotation.ServletInvocableHandlerMethod.invokeAndHandle(ServletInvocableHandlerMethod.java:117)
	at org.springframework.web.servlet.mvc.method.annotation.RequestMappingHandlerAdapter.invokeHandlerMethod(RequestMappingHandlerAdapter.java:934)
	at org.springframework.web.servlet.mvc.method.annotation.RequestMappingHandlerAdapter.handleInternal(RequestMappingHandlerAdapter.java:853)
	at org.springframework.web.servlet.mvc.method.AbstractHandlerMethodAdapter.handle(AbstractHandlerMethodAdapter.java:86)
	at org.springframework.web.servlet.DispatcherServlet.doDispatch(DispatcherServlet.java:963)
	at org.springframework.web.servlet.DispatcherServlet.doService(DispatcherServlet.java:866)
	at org.springframework.web.servlet.FrameworkServlet.processRequest(FrameworkServlet.java:1000)
	at org.springframework.web.servlet.FrameworkServlet.doGet(FrameworkServlet.java:892)
	at jakarta.servlet.http.HttpServlet.service(HttpServlet.java:622)
	at org.springframework.web.servlet.FrameworkServlet.service(FrameworkServlet.java:874)
	at jakarta.servlet.http.HttpServlet.service(HttpServlet.java:710)
	at org.apache.catalina.core.ApplicationFilterChain.doFilter(ApplicationFilterChain.java:128)
	at org.apache.tomcat.websocket.server.WsFilter.doFilter(WsFilter.java:53)
	at org.apache.catalina.core.ApplicationFilterChain.doFilter(ApplicationFilterChain.java:107)
	at org.springframework.web.filter.RequestContextFilter.doFilterInternal(RequestContextFilter.java:100)
	at org.springframework.web.filter.OncePerRequestFilter.doFilter(OncePerRequestFilter.java:116)
	at org.apache.catalina.core.ApplicationFilterChain.doFilter(ApplicationFilterChain.java:107)
	at org.springframework.web.filter.FormContentFilter.doFilterInternal(FormContentFilter.java:93)
	at org.springframework.web.filter.OncePerRequestFilter.doFilter(OncePerRequestFilter.java:116)
	at org.apache.catalina.core.ApplicationFilterChain.doFilter(ApplicationFilterChain.java:107)
	at org.springframework.web.filter.CharacterEncodingFilter.doFilterInternal(CharacterEncodingFilter.java:199)
	at org.springframework.web.filter.OncePerRequestFilter.doFilter(OncePerRequestFilter.java:116)
	at org.apache.catalina.core.ApplicationFilterChain.doFilter(ApplicationFilterChain.java:107)
	at org.apache.catalina.core.StandardWrapperValve.invoke(StandardWrapperValve.java:165)
	at org.apache.catalina.core.StandardContextValve.invoke(StandardContextValve.java:77)
	at org.apache.catalina.authenticator.AuthenticatorBase.invoke(AuthenticatorBase.java:492)
	at org.apache.catalina.core.StandardHostValve.invoke(StandardHostValve.java:113)
	at org.apache.catalina.valves.ErrorReportValve.invoke(ErrorReportValve.java:83)
	at org.apache.catalina.core.StandardEngineValve.invoke(StandardEngineValve.java:72)
	at org.apache.catalina.connector.CoyoteAdapter.service(CoyoteAdapter.java:341)
	at org.apache.coyote.http11.Http11Processor.service(Http11Processor.java:397)
	at org.apache.coyote.AbstractProcessorLight.process(AbstractProcessorLight.java:63)
	at org.apache.coyote.AbstractProtocol$ConnectionHandler.process(AbstractProtocol.java:903)
	at org.apache.tomcat.util.net.NioEndpoint$SocketProcessor.doRun(NioEndpoint.java:1801)
	at org.apache.tomcat.util.net.SocketProcessorBase.run(SocketProcessorBase.java:52)
	at org.apache.tomcat.util.threads.ThreadPoolExecutor.runWorker(ThreadPoolExecutor.java:946)
	at org.apache.tomcat.util.threads.ThreadPoolExecutor$Worker.run(ThreadPoolExecutor.java:480)
	at org.apache.tomcat.util.threads.TaskThread$WrappingRunnable.run(TaskThread.java:57)
	at java.base/java.lang.Thread.run(Thread.java:1583)
2026-04-27 10:18:45 ERROR ExceptionLoggingAspect - Exception occurred: 
com.academy.scms.exception.StudentNotFoundException: Student not found with id4
	at com.academy.scms.service.StudentService.getStudentById(StudentService.java:56)
	at java.base/jdk.internal.reflect.DirectMethodHandleAccessor.invoke(DirectMethodHandleAccessor.java:103)
	at java.base/java.lang.reflect.Method.invoke(Method.java:580)
	at org.springframework.aop.support.AopUtils.invokeJoinpointUsingReflection(AopUtils.java:359)
	at org.springframework.aop.framework.ReflectiveMethodInvocation.invokeJoinpoint(ReflectiveMethodInvocation.java:190)
	at org.springframework.aop.framework.ReflectiveMethodInvocation.proceed(ReflectiveMethodInvocation.java:158)
	at org.springframework.aop.aspectj.MethodInvocationProceedingJoinPoint.proceed(MethodInvocationProceedingJoinPoint.java:82)
	at com.academy.scms.logging.ExecutionTimeAspect.logExecutionTime(ExecutionTimeAspect.java:20)
	at java.base/jdk.internal.reflect.DirectMethodHandleAccessor.invoke(DirectMethodHandleAccessor.java:103)
	at java.base/java.lang.reflect.Method.invoke(Method.java:580)
	at org.springframework.aop.aspectj.AbstractAspectJAdvice.invokeAdviceMethodWithGivenArgs(AbstractAspectJAdvice.java:648)
	at org.springframework.aop.aspectj.AbstractAspectJAdvice.invokeAdviceMethod(AbstractAspectJAdvice.java:630)
	at org.springframework.aop.aspectj.AspectJAroundAdvice.invoke(AspectJAroundAdvice.java:70)
	at org.springframework.aop.framework.ReflectiveMethodInvocation.proceed(ReflectiveMethodInvocation.java:179)
	at org.springframework.aop.aspectj.AspectJAfterThrowingAdvice.invoke(AspectJAfterThrowingAdvice.java:63)
	at org.springframework.aop.framework.ReflectiveMethodInvocation.proceed(ReflectiveMethodInvocation.java:179)
	at org.springframework.aop.interceptor.ExposeInvocationInterceptor.invoke(ExposeInvocationInterceptor.java:96)
	at org.springframework.aop.framework.ReflectiveMethodInvocation.proceed(ReflectiveMethodInvocation.java:179)
	at org.springframework.aop.framework.CglibAopProxy$DynamicAdvisedInterceptor.intercept(CglibAopProxy.java:719)
	at com.academy.scms.service.StudentService$$SpringCGLIB$$0.getStudentById(<generated>)
	at com.academy.scms.controller.StudentController.getStudentById(StudentController.java:49)
	at java.base/jdk.internal.reflect.DirectMethodHandleAccessor.invoke(DirectMethodHandleAccessor.java:103)
	at java.base/java.lang.reflect.Method.invoke(Method.java:580)
	at org.springframework.aop.support.AopUtils.invokeJoinpointUsingReflection(AopUtils.java:359)
	at org.springframework.aop.framework.ReflectiveMethodInvocation.invokeJoinpoint(ReflectiveMethodInvocation.java:190)
	at org.springframework.aop.framework.ReflectiveMethodInvocation.proceed(ReflectiveMethodInvocation.java:158)
	at org.springframework.aop.framework.adapter.MethodBeforeAdviceInterceptor.invoke(MethodBeforeAdviceInterceptor.java:57)
	at org.springframework.aop.framework.ReflectiveMethodInvocation.proceed(ReflectiveMethodInvocation.java:179)
	at org.springframework.aop.aspectj.AspectJAfterThrowingAdvice.invoke(AspectJAfterThrowingAdvice.java:63)
	at org.springframework.aop.framework.ReflectiveMethodInvocation.proceed(ReflectiveMethodInvocation.java:179)
	at org.springframework.aop.interceptor.ExposeInvocationInterceptor.invoke(ExposeInvocationInterceptor.java:96)
	at org.springframework.aop.framework.ReflectiveMethodInvocation.proceed(ReflectiveMethodInvocation.java:179)
	at org.springframework.aop.framework.CglibAopProxy$DynamicAdvisedInterceptor.intercept(CglibAopProxy.java:719)
	at com.academy.scms.controller.StudentController$$SpringCGLIB$$0.getStudentById(<generated>)
	at java.base/jdk.internal.reflect.DirectMethodHandleAccessor.invoke(DirectMethodHandleAccessor.java:103)
	at java.base/java.lang.reflect.Method.invoke(Method.java:580)
	at org.springframework.web.method.support.InvocableHandlerMethod.doInvoke(InvocableHandlerMethod.java:252)
	at org.springframework.web.method.support.InvocableHandlerMethod.invokeForRequest(InvocableHandlerMethod.java:184)
	at org.springframework.web.servlet.mvc.method.annotation.ServletInvocableHandlerMethod.invokeAndHandle(ServletInvocableHandlerMethod.java:117)
	at org.springframework.web.servlet.mvc.method.annotation.RequestMappingHandlerAdapter.invokeHandlerMethod(RequestMappingHandlerAdapter.java:934)
	at org.springframework.web.servlet.mvc.method.annotation.RequestMappingHandlerAdapter.handleInternal(RequestMappingHandlerAdapter.java:853)
	at org.springframework.web.servlet.mvc.method.AbstractHandlerMethodAdapter.handle(AbstractHandlerMethodAdapter.java:86)
	at org.springframework.web.servlet.DispatcherServlet.doDispatch(DispatcherServlet.java:963)
	at org.springframework.web.servlet.DispatcherServlet.doService(DispatcherServlet.java:866)
	at org.springframework.web.servlet.FrameworkServlet.processRequest(FrameworkServlet.java:1000)
	at org.springframework.web.servlet.FrameworkServlet.doGet(FrameworkServlet.java:892)
	at jakarta.servlet.http.HttpServlet.service(HttpServlet.java:622)
	at org.springframework.web.servlet.FrameworkServlet.service(FrameworkServlet.java:874)
	at jakarta.servlet.http.HttpServlet.service(HttpServlet.java:710)
	at org.apache.catalina.core.ApplicationFilterChain.doFilter(ApplicationFilterChain.java:128)
	at org.apache.tomcat.websocket.server.WsFilter.doFilter(WsFilter.java:53)
	at org.apache.catalina.core.ApplicationFilterChain.doFilter(ApplicationFilterChain.java:107)
	at org.springframework.web.filter.RequestContextFilter.doFilterInternal(RequestContextFilter.java:100)
	at org.springframework.web.filter.OncePerRequestFilter.doFilter(OncePerRequestFilter.java:116)
	at org.apache.catalina.core.ApplicationFilterChain.doFilter(ApplicationFilterChain.java:107)
	at org.springframework.web.filter.FormContentFilter.doFilterInternal(FormContentFilter.java:93)
	at org.springframework.web.filter.OncePerRequestFilter.doFilter(OncePerRequestFilter.java:116)
	at org.apache.catalina.core.ApplicationFilterChain.doFilter(ApplicationFilterChain.java:107)
	at org.springframework.web.filter.CharacterEncodingFilter.doFilterInternal(CharacterEncodingFilter.java:199)
	at org.springframework.web.filter.OncePerRequestFilter.doFilter(OncePerRequestFilter.java:116)
	at org.apache.catalina.core.ApplicationFilterChain.doFilter(ApplicationFilterChain.java:107)
	at org.apache.catalina.core.StandardWrapperValve.invoke(StandardWrapperValve.java:165)
	at org.apache.catalina.core.StandardContextValve.invoke(StandardContextValve.java:77)
	at org.apache.catalina.authenticator.AuthenticatorBase.invoke(AuthenticatorBase.java:492)
	at org.apache.catalina.core.StandardHostValve.invoke(StandardHostValve.java:113)
	at org.apache.catalina.valves.ErrorReportValve.invoke(ErrorReportValve.java:83)
	at org.apache.catalina.core.StandardEngineValve.invoke(StandardEngineValve.java:72)
	at org.apache.catalina.connector.CoyoteAdapter.service(CoyoteAdapter.java:341)
	at org.apache.coyote.http11.Http11Processor.service(Http11Processor.java:397)
	at org.apache.coyote.AbstractProcessorLight.process(AbstractProcessorLight.java:63)
	at org.apache.coyote.AbstractProtocol$ConnectionHandler.process(AbstractProtocol.java:903)
	at org.apache.tomcat.util.net.NioEndpoint$SocketProcessor.doRun(NioEndpoint.java:1801)
	at org.apache.tomcat.util.net.SocketProcessorBase.run(SocketProcessorBase.java:52)
	at org.apache.tomcat.util.threads.ThreadPoolExecutor.runWorker(ThreadPoolExecutor.java:946)
	at org.apache.tomcat.util.threads.ThreadPoolExecutor$Worker.run(ThreadPoolExecutor.java:480)
	at org.apache.tomcat.util.threads.TaskThread$WrappingRunnable.run(TaskThread.java:57)
	at java.base/java.lang.Thread.run(Thread.java:1583)
2026-04-27 10:18:45 INFO  RequestLoggingAspect - Request: com.academy.scms.controller.StudentController.handleStudentNotFound
2026-04-27 10:18:45 DEBUG RequestLoggingAspect - Args: [com.academy.scms.exception.StudentNotFoundException: Student not found with id4]
2026-04-27 10:18:45 WARN  ExceptionHandlerExceptionResolver - Resolved [com.academy.scms.exception.StudentNotFoundException: Student not found with id4]
2026-04-27 10:18:48 INFO  RequestLoggingAspect - Request: com.academy.scms.controller.StudentController.getStudentById
2026-04-27 10:18:48 DEBUG RequestLoggingAspect - Args: [1, 3]
2026-04-27 10:18:49 INFO  ExecutionTimeAspect - StudentService.getStudentById(..) executed in 7 ms
2026-04-27 10:19:16 INFO  ScmsApplication - Starting ScmsApplication using Java 21.0.9 with PID 21720 (C:\Users\revanth.bethala\eclipse-workspace\scms\target\classes started by revanth.bethala in C:\Users\revanth.bethala\eclipse-workspace\scms)
2026-04-27 10:19:16 DEBUG ScmsApplication - Running with Spring Boot v4.0.6, Spring v7.0.7
2026-04-27 10:19:16 INFO  ScmsApplication - No active profile set, falling back to 1 default profile: "default"
2026-04-27 10:19:19 WARN  JpaBaseConfiguration$JpaWebConfiguration - spring.jpa.open-in-view is enabled by default. Therefore, database queries may be performed during view rendering. Explicitly configure spring.jpa.open-in-view to disable this warning
2026-04-27 10:19:19 INFO  ScmsApplication - Started ScmsApplication in 3.521 seconds (process running for 4724.959)
2026-04-27 10:21:35 INFO  ScmsApplication - Starting ScmsApplication using Java 21.0.9 with PID 21720 (C:\Users\revanth.bethala\eclipse-workspace\scms\target\classes started by revanth.bethala in C:\Users\revanth.bethala\eclipse-workspace\scms)
2026-04-27 10:21:35 DEBUG ScmsApplication - Running with Spring Boot v4.0.6, Spring v7.0.7
2026-04-27 10:21:35 INFO  ScmsApplication - No active profile set, falling back to 1 default profile: "default"
2026-04-27 10:21:38 WARN  JpaBaseConfiguration$JpaWebConfiguration - spring.jpa.open-in-view is enabled by default. Therefore, database queries may be performed during view rendering. Explicitly configure spring.jpa.open-in-view to disable this warning
2026-04-27 10:21:38 INFO  ScmsApplication - Started ScmsApplication in 3.389 seconds (process running for 4863.951)
2026-04-27 10:21:43 INFO  RequestLoggingAspect - Request: com.academy.scms.controller.StudentController.getStudentById
2026-04-27 10:21:43 DEBUG RequestLoggingAspect - Args: [1, 3]
2026-04-27 10:21:43 INFO  ExecutionTimeAspect - StudentService.getStudentById(..) executed in 23 ms
2026-04-27 10:21:49 INFO  RequestLoggingAspect - Request: com.academy.scms.controller.StudentController.getStudentById
2026-04-27 10:21:49 DEBUG RequestLoggingAspect - Args: [1, 3]
2026-04-27 10:21:49 INFO  ExecutionTimeAspect - StudentService.getStudentById(..) executed in 7 ms
2026-04-27 10:21:54 INFO  RequestLoggingAspect - Request: com.academy.scms.controller.StudentController.getStudentById
2026-04-27 10:21:54 DEBUG RequestLoggingAspect - Args: [4, 3]
2026-04-27 10:21:54 ERROR ExceptionLoggingAspect - Exception occurred: 
com.academy.scms.exception.StudentNotFoundException: Student not found with id4
	at com.academy.scms.service.StudentService.getStudentById(StudentService.java:56)
	at java.base/jdk.internal.reflect.DirectMethodHandleAccessor.invoke(DirectMethodHandleAccessor.java:103)
	at java.base/java.lang.reflect.Method.invoke(Method.java:580)
	at org.springframework.aop.support.AopUtils.invokeJoinpointUsingReflection(AopUtils.java:359)
	at org.springframework.aop.framework.ReflectiveMethodInvocation.invokeJoinpoint(ReflectiveMethodInvocation.java:190)
	at org.springframework.aop.framework.ReflectiveMethodInvocation.proceed(ReflectiveMethodInvocation.java:158)
	at org.springframework.aop.aspectj.MethodInvocationProceedingJoinPoint.proceed(MethodInvocationProceedingJoinPoint.java:82)
	at com.academy.scms.logging.ExecutionTimeAspect.logExecutionTime(ExecutionTimeAspect.java:20)
	at java.base/jdk.internal.reflect.DirectMethodHandleAccessor.invoke(DirectMethodHandleAccessor.java:103)
	at java.base/java.lang.reflect.Method.invoke(Method.java:580)
	at org.springframework.aop.aspectj.AbstractAspectJAdvice.invokeAdviceMethodWithGivenArgs(AbstractAspectJAdvice.java:648)
	at org.springframework.aop.aspectj.AbstractAspectJAdvice.invokeAdviceMethod(AbstractAspectJAdvice.java:630)
	at org.springframework.aop.aspectj.AspectJAroundAdvice.invoke(AspectJAroundAdvice.java:70)
	at org.springframework.aop.framework.ReflectiveMethodInvocation.proceed(ReflectiveMethodInvocation.java:179)
	at org.springframework.aop.aspectj.AspectJAfterThrowingAdvice.invoke(AspectJAfterThrowingAdvice.java:63)
	at org.springframework.aop.framework.ReflectiveMethodInvocation.proceed(ReflectiveMethodInvocation.java:179)
	at org.springframework.aop.interceptor.ExposeInvocationInterceptor.invoke(ExposeInvocationInterceptor.java:96)
	at org.springframework.aop.framework.ReflectiveMethodInvocation.proceed(ReflectiveMethodInvocation.java:179)
	at org.springframework.aop.framework.CglibAopProxy$DynamicAdvisedInterceptor.intercept(CglibAopProxy.java:719)
	at com.academy.scms.service.StudentService$$SpringCGLIB$$0.getStudentById(<generated>)
	at com.academy.scms.controller.StudentController.getStudentById(StudentController.java:49)
	at java.base/jdk.internal.reflect.DirectMethodHandleAccessor.invoke(DirectMethodHandleAccessor.java:103)
	at java.base/java.lang.reflect.Method.invoke(Method.java:580)
	at org.springframework.aop.support.AopUtils.invokeJoinpointUsingReflection(AopUtils.java:359)
	at org.springframework.aop.framework.ReflectiveMethodInvocation.invokeJoinpoint(ReflectiveMethodInvocation.java:190)
	at org.springframework.aop.framework.ReflectiveMethodInvocation.proceed(ReflectiveMethodInvocation.java:158)
	at org.springframework.aop.framework.adapter.MethodBeforeAdviceInterceptor.invoke(MethodBeforeAdviceInterceptor.java:57)
	at org.springframework.aop.framework.ReflectiveMethodInvocation.proceed(ReflectiveMethodInvocation.java:179)
	at org.springframework.aop.aspectj.AspectJAfterThrowingAdvice.invoke(AspectJAfterThrowingAdvice.java:63)
	at org.springframework.aop.framework.ReflectiveMethodInvocation.proceed(ReflectiveMethodInvocation.java:179)
	at org.springframework.aop.interceptor.ExposeInvocationInterceptor.invoke(ExposeInvocationInterceptor.java:96)
	at org.springframework.aop.framework.ReflectiveMethodInvocation.proceed(ReflectiveMethodInvocation.java:179)
	at org.springframework.aop.framework.CglibAopProxy$DynamicAdvisedInterceptor.intercept(CglibAopProxy.java:719)
	at com.academy.scms.controller.StudentController$$SpringCGLIB$$0.getStudentById(<generated>)
	at java.base/jdk.internal.reflect.DirectMethodHandleAccessor.invoke(DirectMethodHandleAccessor.java:103)
	at java.base/java.lang.reflect.Method.invoke(Method.java:580)
	at org.springframework.web.method.support.InvocableHandlerMethod.doInvoke(InvocableHandlerMethod.java:252)
	at org.springframework.web.method.support.InvocableHandlerMethod.invokeForRequest(InvocableHandlerMethod.java:184)
	at org.springframework.web.servlet.mvc.method.annotation.ServletInvocableHandlerMethod.invokeAndHandle(ServletInvocableHandlerMethod.java:117)
	at org.springframework.web.servlet.mvc.method.annotation.RequestMappingHandlerAdapter.invokeHandlerMethod(RequestMappingHandlerAdapter.java:934)
	at org.springframework.web.servlet.mvc.method.annotation.RequestMappingHandlerAdapter.handleInternal(RequestMappingHandlerAdapter.java:853)
	at org.springframework.web.servlet.mvc.method.AbstractHandlerMethodAdapter.handle(AbstractHandlerMethodAdapter.java:86)
	at org.springframework.web.servlet.DispatcherServlet.doDispatch(DispatcherServlet.java:963)
	at org.springframework.web.servlet.DispatcherServlet.doService(DispatcherServlet.java:866)
	at org.springframework.web.servlet.FrameworkServlet.processRequest(FrameworkServlet.java:1000)
	at org.springframework.web.servlet.FrameworkServlet.doGet(FrameworkServlet.java:892)
	at jakarta.servlet.http.HttpServlet.service(HttpServlet.java:622)
	at org.springframework.web.servlet.FrameworkServlet.service(FrameworkServlet.java:874)
	at jakarta.servlet.http.HttpServlet.service(HttpServlet.java:710)
	at org.apache.catalina.core.ApplicationFilterChain.doFilter(ApplicationFilterChain.java:128)
	at org.apache.tomcat.websocket.server.WsFilter.doFilter(WsFilter.java:53)
	at org.apache.catalina.core.ApplicationFilterChain.doFilter(ApplicationFilterChain.java:107)
	at org.springframework.web.filter.RequestContextFilter.doFilterInternal(RequestContextFilter.java:100)
	at org.springframework.web.filter.OncePerRequestFilter.doFilter(OncePerRequestFilter.java:116)
	at org.apache.catalina.core.ApplicationFilterChain.doFilter(ApplicationFilterChain.java:107)
	at org.springframework.web.filter.FormContentFilter.doFilterInternal(FormContentFilter.java:93)
	at org.springframework.web.filter.OncePerRequestFilter.doFilter(OncePerRequestFilter.java:116)
	at org.apache.catalina.core.ApplicationFilterChain.doFilter(ApplicationFilterChain.java:107)
	at org.springframework.web.filter.CharacterEncodingFilter.doFilterInternal(CharacterEncodingFilter.java:199)
	at org.springframework.web.filter.OncePerRequestFilter.doFilter(OncePerRequestFilter.java:116)
	at org.apache.catalina.core.ApplicationFilterChain.doFilter(ApplicationFilterChain.java:107)
	at org.apache.catalina.core.StandardWrapperValve.invoke(StandardWrapperValve.java:165)
	at org.apache.catalina.core.StandardContextValve.invoke(StandardContextValve.java:77)
	at org.apache.catalina.authenticator.AuthenticatorBase.invoke(AuthenticatorBase.java:492)
	at org.apache.catalina.core.StandardHostValve.invoke(StandardHostValve.java:113)
	at org.apache.catalina.valves.ErrorReportValve.invoke(ErrorReportValve.java:83)
	at org.apache.catalina.core.StandardEngineValve.invoke(StandardEngineValve.java:72)
	at org.apache.catalina.connector.CoyoteAdapter.service(CoyoteAdapter.java:341)
	at org.apache.coyote.http11.Http11Processor.service(Http11Processor.java:397)
	at org.apache.coyote.AbstractProcessorLight.process(AbstractProcessorLight.java:63)
	at org.apache.coyote.AbstractProtocol$ConnectionHandler.process(AbstractProtocol.java:903)
	at org.apache.tomcat.util.net.NioEndpoint$SocketProcessor.doRun(NioEndpoint.java:1801)
	at org.apache.tomcat.util.net.SocketProcessorBase.run(SocketProcessorBase.java:52)
	at org.apache.tomcat.util.threads.ThreadPoolExecutor.runWorker(ThreadPoolExecutor.java:946)
	at org.apache.tomcat.util.threads.ThreadPoolExecutor$Worker.run(ThreadPoolExecutor.java:480)
	at org.apache.tomcat.util.threads.TaskThread$WrappingRunnable.run(TaskThread.java:57)
	at java.base/java.lang.Thread.run(Thread.java:1583)
2026-04-27 10:21:54 ERROR ExceptionLoggingAspect - Exception occurred: 
com.academy.scms.exception.StudentNotFoundException: Student not found with id4
	at com.academy.scms.service.StudentService.getStudentById(StudentService.java:56)
	at java.base/jdk.internal.reflect.DirectMethodHandleAccessor.invoke(DirectMethodHandleAccessor.java:103)
	at java.base/java.lang.reflect.Method.invoke(Method.java:580)
	at org.springframework.aop.support.AopUtils.invokeJoinpointUsingReflection(AopUtils.java:359)
	at org.springframework.aop.framework.ReflectiveMethodInvocation.invokeJoinpoint(ReflectiveMethodInvocation.java:190)
	at org.springframework.aop.framework.ReflectiveMethodInvocation.proceed(ReflectiveMethodInvocation.java:158)
	at org.springframework.aop.aspectj.MethodInvocationProceedingJoinPoint.proceed(MethodInvocationProceedingJoinPoint.java:82)
	at com.academy.scms.logging.ExecutionTimeAspect.logExecutionTime(ExecutionTimeAspect.java:20)
	at java.base/jdk.internal.reflect.DirectMethodHandleAccessor.invoke(DirectMethodHandleAccessor.java:103)
	at java.base/java.lang.reflect.Method.invoke(Method.java:580)
	at org.springframework.aop.aspectj.AbstractAspectJAdvice.invokeAdviceMethodWithGivenArgs(AbstractAspectJAdvice.java:648)
	at org.springframework.aop.aspectj.AbstractAspectJAdvice.invokeAdviceMethod(AbstractAspectJAdvice.java:630)
	at org.springframework.aop.aspectj.AspectJAroundAdvice.invoke(AspectJAroundAdvice.java:70)
	at org.springframework.aop.framework.ReflectiveMethodInvocation.proceed(ReflectiveMethodInvocation.java:179)
	at org.springframework.aop.aspectj.AspectJAfterThrowingAdvice.invoke(AspectJAfterThrowingAdvice.java:63)
	at org.springframework.aop.framework.ReflectiveMethodInvocation.proceed(ReflectiveMethodInvocation.java:179)
	at org.springframework.aop.interceptor.ExposeInvocationInterceptor.invoke(ExposeInvocationInterceptor.java:96)
	at org.springframework.aop.framework.ReflectiveMethodInvocation.proceed(ReflectiveMethodInvocation.java:179)
	at org.springframework.aop.framework.CglibAopProxy$DynamicAdvisedInterceptor.intercept(CglibAopProxy.java:719)
	at com.academy.scms.service.StudentService$$SpringCGLIB$$0.getStudentById(<generated>)
	at com.academy.scms.controller.StudentController.getStudentById(StudentController.java:49)
	at java.base/jdk.internal.reflect.DirectMethodHandleAccessor.invoke(DirectMethodHandleAccessor.java:103)
	at java.base/java.lang.reflect.Method.invoke(Method.java:580)
	at org.springframework.aop.support.AopUtils.invokeJoinpointUsingReflection(AopUtils.java:359)
	at org.springframework.aop.framework.ReflectiveMethodInvocation.invokeJoinpoint(ReflectiveMethodInvocation.java:190)
	at org.springframework.aop.framework.ReflectiveMethodInvocation.proceed(ReflectiveMethodInvocation.java:158)
	at org.springframework.aop.framework.adapter.MethodBeforeAdviceInterceptor.invoke(MethodBeforeAdviceInterceptor.java:57)
	at org.springframework.aop.framework.ReflectiveMethodInvocation.proceed(ReflectiveMethodInvocation.java:179)
	at org.springframework.aop.aspectj.AspectJAfterThrowingAdvice.invoke(AspectJAfterThrowingAdvice.java:63)
	at org.springframework.aop.framework.ReflectiveMethodInvocation.proceed(ReflectiveMethodInvocation.java:179)
	at org.springframework.aop.interceptor.ExposeInvocationInterceptor.invoke(ExposeInvocationInterceptor.java:96)
	at org.springframework.aop.framework.ReflectiveMethodInvocation.proceed(ReflectiveMethodInvocation.java:179)
	at org.springframework.aop.framework.CglibAopProxy$DynamicAdvisedInterceptor.intercept(CglibAopProxy.java:719)
	at com.academy.scms.controller.StudentController$$SpringCGLIB$$0.getStudentById(<generated>)
	at java.base/jdk.internal.reflect.DirectMethodHandleAccessor.invoke(DirectMethodHandleAccessor.java:103)
	at java.base/java.lang.reflect.Method.invoke(Method.java:580)
	at org.springframework.web.method.support.InvocableHandlerMethod.doInvoke(InvocableHandlerMethod.java:252)
	at org.springframework.web.method.support.InvocableHandlerMethod.invokeForRequest(InvocableHandlerMethod.java:184)
	at org.springframework.web.servlet.mvc.method.annotation.ServletInvocableHandlerMethod.invokeAndHandle(ServletInvocableHandlerMethod.java:117)
	at org.springframework.web.servlet.mvc.method.annotation.RequestMappingHandlerAdapter.invokeHandlerMethod(RequestMappingHandlerAdapter.java:934)
	at org.springframework.web.servlet.mvc.method.annotation.RequestMappingHandlerAdapter.handleInternal(RequestMappingHandlerAdapter.java:853)
	at org.springframework.web.servlet.mvc.method.AbstractHandlerMethodAdapter.handle(AbstractHandlerMethodAdapter.java:86)
	at org.springframework.web.servlet.DispatcherServlet.doDispatch(DispatcherServlet.java:963)
	at org.springframework.web.servlet.DispatcherServlet.doService(DispatcherServlet.java:866)
	at org.springframework.web.servlet.FrameworkServlet.processRequest(FrameworkServlet.java:1000)
	at org.springframework.web.servlet.FrameworkServlet.doGet(FrameworkServlet.java:892)
	at jakarta.servlet.http.HttpServlet.service(HttpServlet.java:622)
	at org.springframework.web.servlet.FrameworkServlet.service(FrameworkServlet.java:874)
	at jakarta.servlet.http.HttpServlet.service(HttpServlet.java:710)
	at org.apache.catalina.core.ApplicationFilterChain.doFilter(ApplicationFilterChain.java:128)
	at org.apache.tomcat.websocket.server.WsFilter.doFilter(WsFilter.java:53)
	at org.apache.catalina.core.ApplicationFilterChain.doFilter(ApplicationFilterChain.java:107)
	at org.springframework.web.filter.RequestContextFilter.doFilterInternal(RequestContextFilter.java:100)
	at org.springframework.web.filter.OncePerRequestFilter.doFilter(OncePerRequestFilter.java:116)
	at org.apache.catalina.core.ApplicationFilterChain.doFilter(ApplicationFilterChain.java:107)
	at org.springframework.web.filter.FormContentFilter.doFilterInternal(FormContentFilter.java:93)
	at org.springframework.web.filter.OncePerRequestFilter.doFilter(OncePerRequestFilter.java:116)
	at org.apache.catalina.core.ApplicationFilterChain.doFilter(ApplicationFilterChain.java:107)
	at org.springframework.web.filter.CharacterEncodingFilter.doFilterInternal(CharacterEncodingFilter.java:199)
	at org.springframework.web.filter.OncePerRequestFilter.doFilter(OncePerRequestFilter.java:116)
	at org.apache.catalina.core.ApplicationFilterChain.doFilter(ApplicationFilterChain.java:107)
	at org.apache.catalina.core.StandardWrapperValve.invoke(StandardWrapperValve.java:165)
	at org.apache.catalina.core.StandardContextValve.invoke(StandardContextValve.java:77)
	at org.apache.catalina.authenticator.AuthenticatorBase.invoke(AuthenticatorBase.java:492)
	at org.apache.catalina.core.StandardHostValve.invoke(StandardHostValve.java:113)
	at org.apache.catalina.valves.ErrorReportValve.invoke(ErrorReportValve.java:83)
	at org.apache.catalina.core.StandardEngineValve.invoke(StandardEngineValve.java:72)
	at org.apache.catalina.connector.CoyoteAdapter.service(CoyoteAdapter.java:341)
	at org.apache.coyote.http11.Http11Processor.service(Http11Processor.java:397)
	at org.apache.coyote.AbstractProcessorLight.process(AbstractProcessorLight.java:63)
	at org.apache.coyote.AbstractProtocol$ConnectionHandler.process(AbstractProtocol.java:903)
	at org.apache.tomcat.util.net.NioEndpoint$SocketProcessor.doRun(NioEndpoint.java:1801)
	at org.apache.tomcat.util.net.SocketProcessorBase.run(SocketProcessorBase.java:52)
	at org.apache.tomcat.util.threads.ThreadPoolExecutor.runWorker(ThreadPoolExecutor.java:946)
	at org.apache.tomcat.util.threads.ThreadPoolExecutor$Worker.run(ThreadPoolExecutor.java:480)
	at org.apache.tomcat.util.threads.TaskThread$WrappingRunnable.run(TaskThread.java:57)
	at java.base/java.lang.Thread.run(Thread.java:1583)
2026-04-27 10:21:54 INFO  RequestLoggingAspect - Request: com.academy.scms.controller.StudentController.handleStudentNotFound
2026-04-27 10:21:54 DEBUG RequestLoggingAspect - Args: [com.academy.scms.exception.StudentNotFoundException: Student not found with id4]
2026-04-27 10:21:54 WARN  ExceptionHandlerExceptionResolver - Resolved [com.academy.scms.exception.StudentNotFoundException: Student not found with id4]
2026-04-27 10:21:56 INFO  RequestLoggingAspect - Request: com.academy.scms.controller.StudentController.getStudentById
2026-04-27 10:21:56 DEBUG RequestLoggingAspect - Args: [3, 3]
2026-04-27 10:21:56 INFO  ExecutionTimeAspect - StudentService.getStudentById(..) executed in 8 ms
2026-04-27 10:22:02 INFO  RequestLoggingAspect - Request: com.academy.scms.controller.CourseController.getAllCourses
2026-04-27 10:22:02 DEBUG RequestLoggingAspect - Args: []
2026-04-27 10:22:02 INFO  ExecutionTimeAspect - CourseService.getAllCourses() executed in 21 ms
2026-04-27 10:22:09 INFO  RequestLoggingAspect - Request: com.academy.scms.controller.CourseController.getStudents
2026-04-27 10:22:09 DEBUG RequestLoggingAspect - Args: [100]
2026-04-27 10:22:09 INFO  ExecutionTimeAspect - CourseService.getStudentsByCourse(..) executed in 28 ms
2026-04-27 10:22:26 INFO  ScmsApplication - Starting ScmsApplication using Java 21.0.9 with PID 21720 (C:\Users\revanth.bethala\eclipse-workspace\scms\target\classes started by revanth.bethala in C:\Users\revanth.bethala\eclipse-workspace\scms)
2026-04-27 10:22:26 DEBUG ScmsApplication - Running with Spring Boot v4.0.6, Spring v7.0.7
2026-04-27 10:22:26 INFO  ScmsApplication - No active profile set, falling back to 1 default profile: "default"
2026-04-27 10:22:29 WARN  JpaBaseConfiguration$JpaWebConfiguration - spring.jpa.open-in-view is enabled by default. Therefore, database queries may be performed during view rendering. Explicitly configure spring.jpa.open-in-view to disable this warning
2026-04-27 10:22:29 INFO  ScmsApplication - Started ScmsApplication in 3.401 seconds (process running for 4915.162)
2026-04-27 10:28:50 INFO  ScmsApplication - Starting ScmsApplication using Java 21.0.9 with PID 21720 (C:\Users\revanth.bethala\eclipse-workspace\scms\target\classes started by revanth.bethala in C:\Users\revanth.bethala\eclipse-workspace\scms)
2026-04-27 10:28:50 DEBUG ScmsApplication - Running with Spring Boot v4.0.6, Spring v7.0.7
2026-04-27 10:28:50 INFO  ScmsApplication - No active profile set, falling back to 1 default profile: "default"
2026-04-27 10:28:52 WARN  JpaBaseConfiguration$JpaWebConfiguration - spring.jpa.open-in-view is enabled by default. Therefore, database queries may be performed during view rendering. Explicitly configure spring.jpa.open-in-view to disable this warning
2026-04-27 10:28:52 INFO  ScmsApplication - Started ScmsApplication in 1.225 seconds (process running for 5297.646)
2026-04-27 10:28:54 INFO  ScmsApplication - Starting ScmsApplication using Java 21.0.9 with PID 21720 (C:\Users\revanth.bethala\eclipse-workspace\scms\target\classes started by revanth.bethala in C:\Users\revanth.bethala\eclipse-workspace\scms)
2026-04-27 10:28:54 DEBUG ScmsApplication - Running with Spring Boot v4.0.6, Spring v7.0.7
2026-04-27 10:28:54 INFO  ScmsApplication - No active profile set, falling back to 1 default profile: "default"
2026-04-27 10:28:56 WARN  JpaBaseConfiguration$JpaWebConfiguration - spring.jpa.open-in-view is enabled by default. Therefore, database queries may be performed during view rendering. Explicitly configure spring.jpa.open-in-view to disable this warning
2026-04-27 10:28:57 INFO  ScmsApplication - Started ScmsApplication in 3.198 seconds (process running for 5302.72)
2026-04-27 10:29:05 INFO  RequestLoggingAspect - Request: com.academy.scms.controller.CourseController.getStudents
2026-04-27 10:29:05 DEBUG RequestLoggingAspect - Args: [100]
2026-04-27 10:29:05 INFO  ExecutionTimeAspect - CourseService.getStudentsByCourse(..) executed in 49 ms
2026-04-27 10:30:27 INFO  ScmsApplication - Starting ScmsApplication using Java 21.0.9 with PID 21720 (C:\Users\revanth.bethala\eclipse-workspace\scms\target\classes started by revanth.bethala in C:\Users\revanth.bethala\eclipse-workspace\scms)
2026-04-27 10:30:27 DEBUG ScmsApplication - Running with Spring Boot v4.0.6, Spring v7.0.7
2026-04-27 10:30:27 INFO  ScmsApplication - No active profile set, falling back to 1 default profile: "default"
2026-04-27 10:30:31 WARN  JpaBaseConfiguration$JpaWebConfiguration - spring.jpa.open-in-view is enabled by default. Therefore, database queries may be performed during view rendering. Explicitly configure spring.jpa.open-in-view to disable this warning
2026-04-27 10:30:32 INFO  ScmsApplication - Started ScmsApplication in 5.251 seconds (process running for 5397.763)
2026-04-27 10:30:39 INFO  RequestLoggingAspect - Request: com.academy.scms.controller.CourseController.getStudents
2026-04-27 10:30:39 DEBUG RequestLoggingAspect - Args: [100]
2026-04-27 10:30:39 INFO  ExecutionTimeAspect - CourseService.getStudentsByCourse(..) executed in 32 ms
2026-04-27 10:30:46 INFO  RequestLoggingAspect - Request: com.academy.scms.controller.StudentController.getAllStudents
2026-04-27 10:30:46 DEBUG RequestLoggingAspect - Args: [3]
2026-04-27 10:30:46 INFO  ExecutionTimeAspect - StudentService.getAllStudents(..) executed in 14 ms
2026-04-27 10:31:09 INFO  ScmsApplication - Starting ScmsApplication using Java 21.0.9 with PID 21720 (C:\Users\revanth.bethala\eclipse-workspace\scms\target\classes started by revanth.bethala in C:\Users\revanth.bethala\eclipse-workspace\scms)
2026-04-27 10:31:09 DEBUG ScmsApplication - Running with Spring Boot v4.0.6, Spring v7.0.7
2026-04-27 10:31:09 INFO  ScmsApplication - No active profile set, falling back to 1 default profile: "default"
2026-04-27 10:31:12 WARN  JpaBaseConfiguration$JpaWebConfiguration - spring.jpa.open-in-view is enabled by default. Therefore, database queries may be performed during view rendering. Explicitly configure spring.jpa.open-in-view to disable this warning
2026-04-27 10:31:12 INFO  ScmsApplication - Started ScmsApplication in 3.371 seconds (process running for 5438.467)
2026-04-27 10:31:15 INFO  ScmsApplication - Starting ScmsApplication using Java 21.0.9 with PID 21720 (C:\Users\revanth.bethala\eclipse-workspace\scms\target\classes started by revanth.bethala in C:\Users\revanth.bethala\eclipse-workspace\scms)
2026-04-27 10:31:15 DEBUG ScmsApplication - Running with Spring Boot v4.0.6, Spring v7.0.7
2026-04-27 10:31:15 INFO  ScmsApplication - No active profile set, falling back to 1 default profile: "default"
2026-04-27 10:31:18 WARN  JpaBaseConfiguration$JpaWebConfiguration - spring.jpa.open-in-view is enabled by default. Therefore, database queries may be performed during view rendering. Explicitly configure spring.jpa.open-in-view to disable this warning
2026-04-27 10:31:18 INFO  ScmsApplication - Started ScmsApplication in 3.435 seconds (process running for 5444.469)
2026-04-27 10:31:19 INFO  RequestLoggingAspect - Request: com.academy.scms.controller.StudentController.getAllStudents
2026-04-27 10:31:19 DEBUG RequestLoggingAspect - Args: [3]
2026-04-27 10:31:19 INFO  ExecutionTimeAspect - StudentService.getAllStudents(..) executed in 24 ms
2026-04-27 10:31:24 INFO  RequestLoggingAspect - Request: com.academy.scms.controller.StudentController.getStudentById
2026-04-27 10:31:24 DEBUG RequestLoggingAspect - Args: [3, 3]
2026-04-27 10:31:24 INFO  ExecutionTimeAspect - StudentService.getStudentById(..) executed in 11 ms
2026-04-27 10:36:20 INFO  ScmsApplication - Starting ScmsApplication using Java 21.0.9 with PID 21720 (C:\Users\revanth.bethala\eclipse-workspace\scms\target\classes started by revanth.bethala in C:\Users\revanth.bethala\eclipse-workspace\scms)
2026-04-27 10:36:20 DEBUG ScmsApplication - Running with Spring Boot v4.0.6, Spring v7.0.7
2026-04-27 10:36:20 INFO  ScmsApplication - No active profile set, falling back to 1 default profile: "default"
2026-04-27 10:36:24 WARN  JpaBaseConfiguration$JpaWebConfiguration - spring.jpa.open-in-view is enabled by default. Therefore, database queries may be performed during view rendering. Explicitly configure spring.jpa.open-in-view to disable this warning
2026-04-27 10:36:24 INFO  ScmsApplication - Started ScmsApplication in 3.597 seconds (process running for 5749.824)
2026-04-27 10:36:31 INFO  RequestLoggingAspect - Request: com.academy.scms.controller.StudentController.getStudentById
2026-04-27 10:36:31 DEBUG RequestLoggingAspect - Args: [3, 3]
2026-04-27 10:36:31 INFO  ExecutionTimeAspect - StudentService.getStudentById(..) executed in 25 ms
2026-04-27 10:36:38 INFO  RequestLoggingAspect - Request: com.academy.scms.controller.StudentController.getStudentById
2026-04-27 10:36:38 DEBUG RequestLoggingAspect - Args: [2, 3]
2026-04-27 10:36:38 INFO  ExecutionTimeAspect - StudentService.getStudentById(..) executed in 17 ms
2026-04-27 10:36:48 INFO  RequestLoggingAspect - Request: com.academy.scms.controller.CourseController.getStudents
2026-04-27 10:36:48 DEBUG RequestLoggingAspect - Args: [101]
2026-04-27 10:36:48 ERROR ExceptionLoggingAspect - Exception occurred: 
com.academy.scms.exception.CourseNotFoundException: Course not found with id:101
	at com.academy.scms.service.CourseService.getStudentsByCourse(CourseService.java:62)
	at java.base/jdk.internal.reflect.DirectMethodHandleAccessor.invoke(DirectMethodHandleAccessor.java:103)
	at java.base/java.lang.reflect.Method.invoke(Method.java:580)
	at org.springframework.aop.support.AopUtils.invokeJoinpointUsingReflection(AopUtils.java:359)
	at org.springframework.aop.framework.ReflectiveMethodInvocation.invokeJoinpoint(ReflectiveMethodInvocation.java:190)
	at org.springframework.aop.framework.ReflectiveMethodInvocation.proceed(ReflectiveMethodInvocation.java:158)
	at org.springframework.aop.aspectj.MethodInvocationProceedingJoinPoint.proceed(MethodInvocationProceedingJoinPoint.java:82)
	at com.academy.scms.logging.ExecutionTimeAspect.logExecutionTime(ExecutionTimeAspect.java:20)
	at java.base/jdk.internal.reflect.DirectMethodHandleAccessor.invoke(DirectMethodHandleAccessor.java:103)
	at java.base/java.lang.reflect.Method.invoke(Method.java:580)
	at org.springframework.aop.aspectj.AbstractAspectJAdvice.invokeAdviceMethodWithGivenArgs(AbstractAspectJAdvice.java:648)
	at org.springframework.aop.aspectj.AbstractAspectJAdvice.invokeAdviceMethod(AbstractAspectJAdvice.java:630)
	at org.springframework.aop.aspectj.AspectJAroundAdvice.invoke(AspectJAroundAdvice.java:70)
	at org.springframework.aop.framework.ReflectiveMethodInvocation.proceed(ReflectiveMethodInvocation.java:179)
	at org.springframework.aop.aspectj.AspectJAfterThrowingAdvice.invoke(AspectJAfterThrowingAdvice.java:63)
	at org.springframework.aop.framework.ReflectiveMethodInvocation.proceed(ReflectiveMethodInvocation.java:179)
	at org.springframework.aop.interceptor.ExposeInvocationInterceptor.invoke(ExposeInvocationInterceptor.java:96)
	at org.springframework.aop.framework.ReflectiveMethodInvocation.proceed(ReflectiveMethodInvocation.java:179)
	at org.springframework.aop.framework.CglibAopProxy$DynamicAdvisedInterceptor.intercept(CglibAopProxy.java:719)
	at com.academy.scms.service.CourseService$$SpringCGLIB$$0.getStudentsByCourse(<generated>)
	at com.academy.scms.controller.CourseController.getStudents(CourseController.java:69)
	at java.base/jdk.internal.reflect.DirectMethodHandleAccessor.invoke(DirectMethodHandleAccessor.java:103)
	at java.base/java.lang.reflect.Method.invoke(Method.java:580)
	at org.springframework.aop.support.AopUtils.invokeJoinpointUsingReflection(AopUtils.java:359)
	at org.springframework.aop.framework.ReflectiveMethodInvocation.invokeJoinpoint(ReflectiveMethodInvocation.java:190)
	at org.springframework.aop.framework.ReflectiveMethodInvocation.proceed(ReflectiveMethodInvocation.java:158)
	at org.springframework.aop.framework.adapter.MethodBeforeAdviceInterceptor.invoke(MethodBeforeAdviceInterceptor.java:57)
	at org.springframework.aop.framework.ReflectiveMethodInvocation.proceed(ReflectiveMethodInvocation.java:179)
	at org.springframework.aop.aspectj.AspectJAfterThrowingAdvice.invoke(AspectJAfterThrowingAdvice.java:63)
	at org.springframework.aop.framework.ReflectiveMethodInvocation.proceed(ReflectiveMethodInvocation.java:179)
	at org.springframework.aop.interceptor.ExposeInvocationInterceptor.invoke(ExposeInvocationInterceptor.java:96)
	at org.springframework.aop.framework.ReflectiveMethodInvocation.proceed(ReflectiveMethodInvocation.java:179)
	at org.springframework.aop.framework.CglibAopProxy$DynamicAdvisedInterceptor.intercept(CglibAopProxy.java:719)
	at com.academy.scms.controller.CourseController$$SpringCGLIB$$0.getStudents(<generated>)
	at java.base/jdk.internal.reflect.DirectMethodHandleAccessor.invoke(DirectMethodHandleAccessor.java:103)
	at java.base/java.lang.reflect.Method.invoke(Method.java:580)
	at org.springframework.web.method.support.InvocableHandlerMethod.doInvoke(InvocableHandlerMethod.java:252)
	at org.springframework.web.method.support.InvocableHandlerMethod.invokeForRequest(InvocableHandlerMethod.java:184)
	at org.springframework.web.servlet.mvc.method.annotation.ServletInvocableHandlerMethod.invokeAndHandle(ServletInvocableHandlerMethod.java:117)
	at org.springframework.web.servlet.mvc.method.annotation.RequestMappingHandlerAdapter.invokeHandlerMethod(RequestMappingHandlerAdapter.java:934)
	at org.springframework.web.servlet.mvc.method.annotation.RequestMappingHandlerAdapter.handleInternal(RequestMappingHandlerAdapter.java:853)
	at org.springframework.web.servlet.mvc.method.AbstractHandlerMethodAdapter.handle(AbstractHandlerMethodAdapter.java:86)
	at org.springframework.web.servlet.DispatcherServlet.doDispatch(DispatcherServlet.java:963)
	at org.springframework.web.servlet.DispatcherServlet.doService(DispatcherServlet.java:866)
	at org.springframework.web.servlet.FrameworkServlet.processRequest(FrameworkServlet.java:1000)
	at org.springframework.web.servlet.FrameworkServlet.doGet(FrameworkServlet.java:892)
	at jakarta.servlet.http.HttpServlet.service(HttpServlet.java:622)
	at org.springframework.web.servlet.FrameworkServlet.service(FrameworkServlet.java:874)
	at jakarta.servlet.http.HttpServlet.service(HttpServlet.java:710)
	at org.apache.catalina.core.ApplicationFilterChain.doFilter(ApplicationFilterChain.java:128)
	at org.apache.tomcat.websocket.server.WsFilter.doFilter(WsFilter.java:53)
	at org.apache.catalina.core.ApplicationFilterChain.doFilter(ApplicationFilterChain.java:107)
	at org.springframework.web.filter.RequestContextFilter.doFilterInternal(RequestContextFilter.java:100)
	at org.springframework.web.filter.OncePerRequestFilter.doFilter(OncePerRequestFilter.java:116)
	at org.apache.catalina.core.ApplicationFilterChain.doFilter(ApplicationFilterChain.java:107)
	at org.springframework.web.filter.FormContentFilter.doFilterInternal(FormContentFilter.java:93)
	at org.springframework.web.filter.OncePerRequestFilter.doFilter(OncePerRequestFilter.java:116)
	at org.apache.catalina.core.ApplicationFilterChain.doFilter(ApplicationFilterChain.java:107)
	at org.springframework.web.filter.CharacterEncodingFilter.doFilterInternal(CharacterEncodingFilter.java:199)
	at org.springframework.web.filter.OncePerRequestFilter.doFilter(OncePerRequestFilter.java:116)
	at org.apache.catalina.core.ApplicationFilterChain.doFilter(ApplicationFilterChain.java:107)
	at org.apache.catalina.core.StandardWrapperValve.invoke(StandardWrapperValve.java:165)
	at org.apache.catalina.core.StandardContextValve.invoke(StandardContextValve.java:77)
	at org.apache.catalina.authenticator.AuthenticatorBase.invoke(AuthenticatorBase.java:492)
	at org.apache.catalina.core.StandardHostValve.invoke(StandardHostValve.java:113)
	at org.apache.catalina.valves.ErrorReportValve.invoke(ErrorReportValve.java:83)
	at org.apache.catalina.core.StandardEngineValve.invoke(StandardEngineValve.java:72)
	at org.apache.catalina.connector.CoyoteAdapter.service(CoyoteAdapter.java:341)
	at org.apache.coyote.http11.Http11Processor.service(Http11Processor.java:397)
	at org.apache.coyote.AbstractProcessorLight.process(AbstractProcessorLight.java:63)
	at org.apache.coyote.AbstractProtocol$ConnectionHandler.process(AbstractProtocol.java:903)
	at org.apache.tomcat.util.net.NioEndpoint$SocketProcessor.doRun(NioEndpoint.java:1801)
	at org.apache.tomcat.util.net.SocketProcessorBase.run(SocketProcessorBase.java:52)
	at org.apache.tomcat.util.threads.ThreadPoolExecutor.runWorker(ThreadPoolExecutor.java:946)
	at org.apache.tomcat.util.threads.ThreadPoolExecutor$Worker.run(ThreadPoolExecutor.java:480)
	at org.apache.tomcat.util.threads.TaskThread$WrappingRunnable.run(TaskThread.java:57)
	at java.base/java.lang.Thread.run(Thread.java:1583)
2026-04-27 10:36:48 ERROR ExceptionLoggingAspect - Exception occurred: 
com.academy.scms.exception.CourseNotFoundException: Course not found with id:101
	at com.academy.scms.service.CourseService.getStudentsByCourse(CourseService.java:62)
	at java.base/jdk.internal.reflect.DirectMethodHandleAccessor.invoke(DirectMethodHandleAccessor.java:103)
	at java.base/java.lang.reflect.Method.invoke(Method.java:580)
	at org.springframework.aop.support.AopUtils.invokeJoinpointUsingReflection(AopUtils.java:359)
	at org.springframework.aop.framework.ReflectiveMethodInvocation.invokeJoinpoint(ReflectiveMethodInvocation.java:190)
	at org.springframework.aop.framework.ReflectiveMethodInvocation.proceed(ReflectiveMethodInvocation.java:158)
	at org.springframework.aop.aspectj.MethodInvocationProceedingJoinPoint.proceed(MethodInvocationProceedingJoinPoint.java:82)
	at com.academy.scms.logging.ExecutionTimeAspect.logExecutionTime(ExecutionTimeAspect.java:20)
	at java.base/jdk.internal.reflect.DirectMethodHandleAccessor.invoke(DirectMethodHandleAccessor.java:103)
	at java.base/java.lang.reflect.Method.invoke(Method.java:580)
	at org.springframework.aop.aspectj.AbstractAspectJAdvice.invokeAdviceMethodWithGivenArgs(AbstractAspectJAdvice.java:648)
	at org.springframework.aop.aspectj.AbstractAspectJAdvice.invokeAdviceMethod(AbstractAspectJAdvice.java:630)
	at org.springframework.aop.aspectj.AspectJAroundAdvice.invoke(AspectJAroundAdvice.java:70)
	at org.springframework.aop.framework.ReflectiveMethodInvocation.proceed(ReflectiveMethodInvocation.java:179)
	at org.springframework.aop.aspectj.AspectJAfterThrowingAdvice.invoke(AspectJAfterThrowingAdvice.java:63)
	at org.springframework.aop.framework.ReflectiveMethodInvocation.proceed(ReflectiveMethodInvocation.java:179)
	at org.springframework.aop.interceptor.ExposeInvocationInterceptor.invoke(ExposeInvocationInterceptor.java:96)
	at org.springframework.aop.framework.ReflectiveMethodInvocation.proceed(ReflectiveMethodInvocation.java:179)
	at org.springframework.aop.framework.CglibAopProxy$DynamicAdvisedInterceptor.intercept(CglibAopProxy.java:719)
	at com.academy.scms.service.CourseService$$SpringCGLIB$$0.getStudentsByCourse(<generated>)
	at com.academy.scms.controller.CourseController.getStudents(CourseController.java:69)
	at java.base/jdk.internal.reflect.DirectMethodHandleAccessor.invoke(DirectMethodHandleAccessor.java:103)
	at java.base/java.lang.reflect.Method.invoke(Method.java:580)
	at org.springframework.aop.support.AopUtils.invokeJoinpointUsingReflection(AopUtils.java:359)
	at org.springframework.aop.framework.ReflectiveMethodInvocation.invokeJoinpoint(ReflectiveMethodInvocation.java:190)
	at org.springframework.aop.framework.ReflectiveMethodInvocation.proceed(ReflectiveMethodInvocation.java:158)
	at org.springframework.aop.framework.adapter.MethodBeforeAdviceInterceptor.invoke(MethodBeforeAdviceInterceptor.java:57)
	at org.springframework.aop.framework.ReflectiveMethodInvocation.proceed(ReflectiveMethodInvocation.java:179)
	at org.springframework.aop.aspectj.AspectJAfterThrowingAdvice.invoke(AspectJAfterThrowingAdvice.java:63)
	at org.springframework.aop.framework.ReflectiveMethodInvocation.proceed(ReflectiveMethodInvocation.java:179)
	at org.springframework.aop.interceptor.ExposeInvocationInterceptor.invoke(ExposeInvocationInterceptor.java:96)
	at org.springframework.aop.framework.ReflectiveMethodInvocation.proceed(ReflectiveMethodInvocation.java:179)
	at org.springframework.aop.framework.CglibAopProxy$DynamicAdvisedInterceptor.intercept(CglibAopProxy.java:719)
	at com.academy.scms.controller.CourseController$$SpringCGLIB$$0.getStudents(<generated>)
	at java.base/jdk.internal.reflect.DirectMethodHandleAccessor.invoke(DirectMethodHandleAccessor.java:103)
	at java.base/java.lang.reflect.Method.invoke(Method.java:580)
	at org.springframework.web.method.support.InvocableHandlerMethod.doInvoke(InvocableHandlerMethod.java:252)
	at org.springframework.web.method.support.InvocableHandlerMethod.invokeForRequest(InvocableHandlerMethod.java:184)
	at org.springframework.web.servlet.mvc.method.annotation.ServletInvocableHandlerMethod.invokeAndHandle(ServletInvocableHandlerMethod.java:117)
	at org.springframework.web.servlet.mvc.method.annotation.RequestMappingHandlerAdapter.invokeHandlerMethod(RequestMappingHandlerAdapter.java:934)
	at org.springframework.web.servlet.mvc.method.annotation.RequestMappingHandlerAdapter.handleInternal(RequestMappingHandlerAdapter.java:853)
	at org.springframework.web.servlet.mvc.method.AbstractHandlerMethodAdapter.handle(AbstractHandlerMethodAdapter.java:86)
	at org.springframework.web.servlet.DispatcherServlet.doDispatch(DispatcherServlet.java:963)
	at org.springframework.web.servlet.DispatcherServlet.doService(DispatcherServlet.java:866)
	at org.springframework.web.servlet.FrameworkServlet.processRequest(FrameworkServlet.java:1000)
	at org.springframework.web.servlet.FrameworkServlet.doGet(FrameworkServlet.java:892)
	at jakarta.servlet.http.HttpServlet.service(HttpServlet.java:622)
	at org.springframework.web.servlet.FrameworkServlet.service(FrameworkServlet.java:874)
	at jakarta.servlet.http.HttpServlet.service(HttpServlet.java:710)
	at org.apache.catalina.core.ApplicationFilterChain.doFilter(ApplicationFilterChain.java:128)
	at org.apache.tomcat.websocket.server.WsFilter.doFilter(WsFilter.java:53)
	at org.apache.catalina.core.ApplicationFilterChain.doFilter(ApplicationFilterChain.java:107)
	at org.springframework.web.filter.RequestContextFilter.doFilterInternal(RequestContextFilter.java:100)
	at org.springframework.web.filter.OncePerRequestFilter.doFilter(OncePerRequestFilter.java:116)
	at org.apache.catalina.core.ApplicationFilterChain.doFilter(ApplicationFilterChain.java:107)
	at org.springframework.web.filter.FormContentFilter.doFilterInternal(FormContentFilter.java:93)
	at org.springframework.web.filter.OncePerRequestFilter.doFilter(OncePerRequestFilter.java:116)
	at org.apache.catalina.core.ApplicationFilterChain.doFilter(ApplicationFilterChain.java:107)
	at org.springframework.web.filter.CharacterEncodingFilter.doFilterInternal(CharacterEncodingFilter.java:199)
	at org.springframework.web.filter.OncePerRequestFilter.doFilter(OncePerRequestFilter.java:116)
	at org.apache.catalina.core.ApplicationFilterChain.doFilter(ApplicationFilterChain.java:107)
	at org.apache.catalina.core.StandardWrapperValve.invoke(StandardWrapperValve.java:165)
	at org.apache.catalina.core.StandardContextValve.invoke(StandardContextValve.java:77)
	at org.apache.catalina.authenticator.AuthenticatorBase.invoke(AuthenticatorBase.java:492)
	at org.apache.catalina.core.StandardHostValve.invoke(StandardHostValve.java:113)
	at org.apache.catalina.valves.ErrorReportValve.invoke(ErrorReportValve.java:83)
	at org.apache.catalina.core.StandardEngineValve.invoke(StandardEngineValve.java:72)
	at org.apache.catalina.connector.CoyoteAdapter.service(CoyoteAdapter.java:341)
	at org.apache.coyote.http11.Http11Processor.service(Http11Processor.java:397)
	at org.apache.coyote.AbstractProcessorLight.process(AbstractProcessorLight.java:63)
	at org.apache.coyote.AbstractProtocol$ConnectionHandler.process(AbstractProtocol.java:903)
	at org.apache.tomcat.util.net.NioEndpoint$SocketProcessor.doRun(NioEndpoint.java:1801)
	at org.apache.tomcat.util.net.SocketProcessorBase.run(SocketProcessorBase.java:52)
	at org.apache.tomcat.util.threads.ThreadPoolExecutor.runWorker(ThreadPoolExecutor.java:946)
	at org.apache.tomcat.util.threads.ThreadPoolExecutor$Worker.run(ThreadPoolExecutor.java:480)
	at org.apache.tomcat.util.threads.TaskThread$WrappingRunnable.run(TaskThread.java:57)
	at java.base/java.lang.Thread.run(Thread.java:1583)
2026-04-27 10:36:48 WARN  GlobalExceptionHandler - Course not found: Course not found with id:101
2026-04-27 10:36:48 WARN  ExceptionHandlerExceptionResolver - Resolved [com.academy.scms.exception.CourseNotFoundException: Course not found with id:101]
2026-04-27 10:36:52 INFO  RequestLoggingAspect - Request: com.academy.scms.controller.CourseController.getStudents
2026-04-27 10:36:52 DEBUG RequestLoggingAspect - Args: [100]
2026-04-27 10:36:52 INFO  ExecutionTimeAspect - CourseService.getStudentsByCourse(..) executed in 23 ms
2026-04-27 10:36:58 INFO  RequestLoggingAspect - Request: com.academy.scms.controller.CourseController.getStudents
2026-04-27 10:36:58 DEBUG RequestLoggingAspect - Args: [102]
2026-04-27 10:36:58 INFO  ExecutionTimeAspect - CourseService.getStudentsByCourse(..) executed in 11 ms
2026-04-27 10:37:04 INFO  RequestLoggingAspect - Request: com.academy.scms.controller.CourseController.getStudents
2026-04-27 10:37:04 DEBUG RequestLoggingAspect - Args: [104]
2026-04-27 10:37:04 INFO  ExecutionTimeAspect - CourseService.getStudentsByCourse(..) executed in 11 ms
2026-04-27 10:37:07 INFO  RequestLoggingAspect - Request: com.academy.scms.controller.CourseController.getStudents
2026-04-27 10:37:07 DEBUG RequestLoggingAspect - Args: [103]
2026-04-27 10:37:07 INFO  ExecutionTimeAspect - CourseService.getStudentsByCourse(..) executed in 22 ms
2026-04-27 10:37:18 INFO  RequestLoggingAspect - Request: com.academy.scms.controller.CourseController.getAllCourses
2026-04-27 10:37:18 DEBUG RequestLoggingAspect - Args: []
2026-04-27 10:37:18 INFO  ExecutionTimeAspect - CourseService.getAllCourses() executed in 16 ms
2026-04-27 10:39:15 INFO  ScmsApplication - Starting ScmsApplication using Java 21.0.9 with PID 21720 (C:\Users\revanth.bethala\eclipse-workspace\scms\target\classes started by revanth.bethala in C:\Users\revanth.bethala\eclipse-workspace\scms)
2026-04-27 10:39:15 DEBUG ScmsApplication - Running with Spring Boot v4.0.6, Spring v7.0.7
2026-04-27 10:39:15 INFO  ScmsApplication - No active profile set, falling back to 1 default profile: "default"
2026-04-27 10:39:19 WARN  JpaBaseConfiguration$JpaWebConfiguration - spring.jpa.open-in-view is enabled by default. Therefore, database queries may be performed during view rendering. Explicitly configure spring.jpa.open-in-view to disable this warning
2026-04-27 10:39:19 INFO  ScmsApplication - Started ScmsApplication in 4.517 seconds (process running for 5925.313)
2026-04-27 10:39:29 INFO  ScmsApplication - Starting ScmsApplication using Java 21.0.9 with PID 21720 (C:\Users\revanth.bethala\eclipse-workspace\scms\target\classes started by revanth.bethala in C:\Users\revanth.bethala\eclipse-workspace\scms)
2026-04-27 10:39:29 DEBUG ScmsApplication - Running with Spring Boot v4.0.6, Spring v7.0.7
2026-04-27 10:39:29 INFO  ScmsApplication - No active profile set, falling back to 1 default profile: "default"
2026-04-27 10:39:32 WARN  JpaBaseConfiguration$JpaWebConfiguration - spring.jpa.open-in-view is enabled by default. Therefore, database queries may be performed during view rendering. Explicitly configure spring.jpa.open-in-view to disable this warning
2026-04-27 10:39:33 INFO  ScmsApplication - Started ScmsApplication in 3.645 seconds (process running for 5938.753)
2026-04-27 10:46:44 INFO  RequestLoggingAspect - Request: com.academy.scms.controller.CourseController.getStudents
2026-04-27 10:46:44 DEBUG RequestLoggingAspect - Args: [101]
2026-04-27 10:46:44 ERROR ExceptionLoggingAspect - Exception occurred: 
com.academy.scms.exception.CourseNotFoundException: Course not found with id:101
	at com.academy.scms.service.CourseService.getStudentsByCourse(CourseService.java:62)
	at java.base/jdk.internal.reflect.DirectMethodHandleAccessor.invoke(DirectMethodHandleAccessor.java:103)
	at java.base/java.lang.reflect.Method.invoke(Method.java:580)
	at org.springframework.aop.support.AopUtils.invokeJoinpointUsingReflection(AopUtils.java:359)
	at org.springframework.aop.framework.ReflectiveMethodInvocation.invokeJoinpoint(ReflectiveMethodInvocation.java:190)
	at org.springframework.aop.framework.ReflectiveMethodInvocation.proceed(ReflectiveMethodInvocation.java:158)
	at org.springframework.aop.aspectj.MethodInvocationProceedingJoinPoint.proceed(MethodInvocationProceedingJoinPoint.java:82)
	at com.academy.scms.logging.ExecutionTimeAspect.logExecutionTime(ExecutionTimeAspect.java:20)
	at java.base/jdk.internal.reflect.DirectMethodHandleAccessor.invoke(DirectMethodHandleAccessor.java:103)
	at java.base/java.lang.reflect.Method.invoke(Method.java:580)
	at org.springframework.aop.aspectj.AbstractAspectJAdvice.invokeAdviceMethodWithGivenArgs(AbstractAspectJAdvice.java:648)
	at org.springframework.aop.aspectj.AbstractAspectJAdvice.invokeAdviceMethod(AbstractAspectJAdvice.java:630)
	at org.springframework.aop.aspectj.AspectJAroundAdvice.invoke(AspectJAroundAdvice.java:70)
	at org.springframework.aop.framework.ReflectiveMethodInvocation.proceed(ReflectiveMethodInvocation.java:179)
	at org.springframework.aop.aspectj.AspectJAfterThrowingAdvice.invoke(AspectJAfterThrowingAdvice.java:63)
	at org.springframework.aop.framework.ReflectiveMethodInvocation.proceed(ReflectiveMethodInvocation.java:179)
	at org.springframework.aop.interceptor.ExposeInvocationInterceptor.invoke(ExposeInvocationInterceptor.java:96)
	at org.springframework.aop.framework.ReflectiveMethodInvocation.proceed(ReflectiveMethodInvocation.java:179)
	at org.springframework.aop.framework.CglibAopProxy$DynamicAdvisedInterceptor.intercept(CglibAopProxy.java:719)
	at com.academy.scms.service.CourseService$$SpringCGLIB$$0.getStudentsByCourse(<generated>)
	at com.academy.scms.controller.CourseController.getStudents(CourseController.java:69)
	at java.base/jdk.internal.reflect.DirectMethodHandleAccessor.invoke(DirectMethodHandleAccessor.java:103)
	at java.base/java.lang.reflect.Method.invoke(Method.java:580)
	at org.springframework.aop.support.AopUtils.invokeJoinpointUsingReflection(AopUtils.java:359)
	at org.springframework.aop.framework.ReflectiveMethodInvocation.invokeJoinpoint(ReflectiveMethodInvocation.java:190)
	at org.springframework.aop.framework.ReflectiveMethodInvocation.proceed(ReflectiveMethodInvocation.java:158)
	at org.springframework.aop.framework.adapter.MethodBeforeAdviceInterceptor.invoke(MethodBeforeAdviceInterceptor.java:57)
	at org.springframework.aop.framework.ReflectiveMethodInvocation.proceed(ReflectiveMethodInvocation.java:179)
	at org.springframework.aop.aspectj.AspectJAfterThrowingAdvice.invoke(AspectJAfterThrowingAdvice.java:63)
	at org.springframework.aop.framework.ReflectiveMethodInvocation.proceed(ReflectiveMethodInvocation.java:179)
	at org.springframework.aop.interceptor.ExposeInvocationInterceptor.invoke(ExposeInvocationInterceptor.java:96)
	at org.springframework.aop.framework.ReflectiveMethodInvocation.proceed(ReflectiveMethodInvocation.java:179)
	at org.springframework.aop.framework.CglibAopProxy$DynamicAdvisedInterceptor.intercept(CglibAopProxy.java:719)
	at com.academy.scms.controller.CourseController$$SpringCGLIB$$0.getStudents(<generated>)
	at java.base/jdk.internal.reflect.DirectMethodHandleAccessor.invoke(DirectMethodHandleAccessor.java:103)
	at java.base/java.lang.reflect.Method.invoke(Method.java:580)
	at org.springframework.web.method.support.InvocableHandlerMethod.doInvoke(InvocableHandlerMethod.java:252)
	at org.springframework.web.method.support.InvocableHandlerMethod.invokeForRequest(InvocableHandlerMethod.java:184)
	at org.springframework.web.servlet.mvc.method.annotation.ServletInvocableHandlerMethod.invokeAndHandle(ServletInvocableHandlerMethod.java:117)
	at org.springframework.web.servlet.mvc.method.annotation.RequestMappingHandlerAdapter.invokeHandlerMethod(RequestMappingHandlerAdapter.java:934)
	at org.springframework.web.servlet.mvc.method.annotation.RequestMappingHandlerAdapter.handleInternal(RequestMappingHandlerAdapter.java:853)
	at org.springframework.web.servlet.mvc.method.AbstractHandlerMethodAdapter.handle(AbstractHandlerMethodAdapter.java:86)
	at org.springframework.web.servlet.DispatcherServlet.doDispatch(DispatcherServlet.java:963)
	at org.springframework.web.servlet.DispatcherServlet.doService(DispatcherServlet.java:866)
	at org.springframework.web.servlet.FrameworkServlet.processRequest(FrameworkServlet.java:1000)
	at org.springframework.web.servlet.FrameworkServlet.doGet(FrameworkServlet.java:892)
	at jakarta.servlet.http.HttpServlet.service(HttpServlet.java:622)
	at org.springframework.web.servlet.FrameworkServlet.service(FrameworkServlet.java:874)
	at jakarta.servlet.http.HttpServlet.service(HttpServlet.java:710)
	at org.apache.catalina.core.ApplicationFilterChain.doFilter(ApplicationFilterChain.java:128)
	at org.apache.tomcat.websocket.server.WsFilter.doFilter(WsFilter.java:53)
	at org.apache.catalina.core.ApplicationFilterChain.doFilter(ApplicationFilterChain.java:107)
	at org.springframework.web.filter.RequestContextFilter.doFilterInternal(RequestContextFilter.java:100)
	at org.springframework.web.filter.OncePerRequestFilter.doFilter(OncePerRequestFilter.java:116)
	at org.apache.catalina.core.ApplicationFilterChain.doFilter(ApplicationFilterChain.java:107)
	at org.springframework.web.filter.FormContentFilter.doFilterInternal(FormContentFilter.java:93)
	at org.springframework.web.filter.OncePerRequestFilter.doFilter(OncePerRequestFilter.java:116)
	at org.apache.catalina.core.ApplicationFilterChain.doFilter(ApplicationFilterChain.java:107)
	at org.springframework.web.filter.CharacterEncodingFilter.doFilterInternal(CharacterEncodingFilter.java:199)
	at org.springframework.web.filter.OncePerRequestFilter.doFilter(OncePerRequestFilter.java:116)
	at org.apache.catalina.core.ApplicationFilterChain.doFilter(ApplicationFilterChain.java:107)
	at org.apache.catalina.core.StandardWrapperValve.invoke(StandardWrapperValve.java:165)
	at org.apache.catalina.core.StandardContextValve.invoke(StandardContextValve.java:77)
	at org.apache.catalina.authenticator.AuthenticatorBase.invoke(AuthenticatorBase.java:492)
	at org.apache.catalina.core.StandardHostValve.invoke(StandardHostValve.java:113)
	at org.apache.catalina.valves.ErrorReportValve.invoke(ErrorReportValve.java:83)
	at org.apache.catalina.core.StandardEngineValve.invoke(StandardEngineValve.java:72)
	at org.apache.catalina.connector.CoyoteAdapter.service(CoyoteAdapter.java:341)
	at org.apache.coyote.http11.Http11Processor.service(Http11Processor.java:397)
	at org.apache.coyote.AbstractProcessorLight.process(AbstractProcessorLight.java:63)
	at org.apache.coyote.AbstractProtocol$ConnectionHandler.process(AbstractProtocol.java:903)
	at org.apache.tomcat.util.net.NioEndpoint$SocketProcessor.doRun(NioEndpoint.java:1801)
	at org.apache.tomcat.util.net.SocketProcessorBase.run(SocketProcessorBase.java:52)
	at org.apache.tomcat.util.threads.ThreadPoolExecutor.runWorker(ThreadPoolExecutor.java:946)
	at org.apache.tomcat.util.threads.ThreadPoolExecutor$Worker.run(ThreadPoolExecutor.java:480)
	at org.apache.tomcat.util.threads.TaskThread$WrappingRunnable.run(TaskThread.java:57)
	at java.base/java.lang.Thread.run(Thread.java:1583)
2026-04-27 10:46:44 ERROR ExceptionLoggingAspect - Exception occurred: 
com.academy.scms.exception.CourseNotFoundException: Course not found with id:101
	at com.academy.scms.service.CourseService.getStudentsByCourse(CourseService.java:62)
	at java.base/jdk.internal.reflect.DirectMethodHandleAccessor.invoke(DirectMethodHandleAccessor.java:103)
	at java.base/java.lang.reflect.Method.invoke(Method.java:580)
	at org.springframework.aop.support.AopUtils.invokeJoinpointUsingReflection(AopUtils.java:359)
	at org.springframework.aop.framework.ReflectiveMethodInvocation.invokeJoinpoint(ReflectiveMethodInvocation.java:190)
	at org.springframework.aop.framework.ReflectiveMethodInvocation.proceed(ReflectiveMethodInvocation.java:158)
	at org.springframework.aop.aspectj.MethodInvocationProceedingJoinPoint.proceed(MethodInvocationProceedingJoinPoint.java:82)
	at com.academy.scms.logging.ExecutionTimeAspect.logExecutionTime(ExecutionTimeAspect.java:20)
	at java.base/jdk.internal.reflect.DirectMethodHandleAccessor.invoke(DirectMethodHandleAccessor.java:103)
	at java.base/java.lang.reflect.Method.invoke(Method.java:580)
	at org.springframework.aop.aspectj.AbstractAspectJAdvice.invokeAdviceMethodWithGivenArgs(AbstractAspectJAdvice.java:648)
	at org.springframework.aop.aspectj.AbstractAspectJAdvice.invokeAdviceMethod(AbstractAspectJAdvice.java:630)
	at org.springframework.aop.aspectj.AspectJAroundAdvice.invoke(AspectJAroundAdvice.java:70)
	at org.springframework.aop.framework.ReflectiveMethodInvocation.proceed(ReflectiveMethodInvocation.java:179)
	at org.springframework.aop.aspectj.AspectJAfterThrowingAdvice.invoke(AspectJAfterThrowingAdvice.java:63)
	at org.springframework.aop.framework.ReflectiveMethodInvocation.proceed(ReflectiveMethodInvocation.java:179)
	at org.springframework.aop.interceptor.ExposeInvocationInterceptor.invoke(ExposeInvocationInterceptor.java:96)
	at org.springframework.aop.framework.ReflectiveMethodInvocation.proceed(ReflectiveMethodInvocation.java:179)
	at org.springframework.aop.framework.CglibAopProxy$DynamicAdvisedInterceptor.intercept(CglibAopProxy.java:719)
	at com.academy.scms.service.CourseService$$SpringCGLIB$$0.getStudentsByCourse(<generated>)
	at com.academy.scms.controller.CourseController.getStudents(CourseController.java:69)
	at java.base/jdk.internal.reflect.DirectMethodHandleAccessor.invoke(DirectMethodHandleAccessor.java:103)
	at java.base/java.lang.reflect.Method.invoke(Method.java:580)
	at org.springframework.aop.support.AopUtils.invokeJoinpointUsingReflection(AopUtils.java:359)
	at org.springframework.aop.framework.ReflectiveMethodInvocation.invokeJoinpoint(ReflectiveMethodInvocation.java:190)
	at org.springframework.aop.framework.ReflectiveMethodInvocation.proceed(ReflectiveMethodInvocation.java:158)
	at org.springframework.aop.framework.adapter.MethodBeforeAdviceInterceptor.invoke(MethodBeforeAdviceInterceptor.java:57)
	at org.springframework.aop.framework.ReflectiveMethodInvocation.proceed(ReflectiveMethodInvocation.java:179)
	at org.springframework.aop.aspectj.AspectJAfterThrowingAdvice.invoke(AspectJAfterThrowingAdvice.java:63)
	at org.springframework.aop.framework.ReflectiveMethodInvocation.proceed(ReflectiveMethodInvocation.java:179)
	at org.springframework.aop.interceptor.ExposeInvocationInterceptor.invoke(ExposeInvocationInterceptor.java:96)
	at org.springframework.aop.framework.ReflectiveMethodInvocation.proceed(ReflectiveMethodInvocation.java:179)
	at org.springframework.aop.framework.CglibAopProxy$DynamicAdvisedInterceptor.intercept(CglibAopProxy.java:719)
	at com.academy.scms.controller.CourseController$$SpringCGLIB$$0.getStudents(<generated>)
	at java.base/jdk.internal.reflect.DirectMethodHandleAccessor.invoke(DirectMethodHandleAccessor.java:103)
	at java.base/java.lang.reflect.Method.invoke(Method.java:580)
	at org.springframework.web.method.support.InvocableHandlerMethod.doInvoke(InvocableHandlerMethod.java:252)
	at org.springframework.web.method.support.InvocableHandlerMethod.invokeForRequest(InvocableHandlerMethod.java:184)
	at org.springframework.web.servlet.mvc.method.annotation.ServletInvocableHandlerMethod.invokeAndHandle(ServletInvocableHandlerMethod.java:117)
	at org.springframework.web.servlet.mvc.method.annotation.RequestMappingHandlerAdapter.invokeHandlerMethod(RequestMappingHandlerAdapter.java:934)
	at org.springframework.web.servlet.mvc.method.annotation.RequestMappingHandlerAdapter.handleInternal(RequestMappingHandlerAdapter.java:853)
	at org.springframework.web.servlet.mvc.method.AbstractHandlerMethodAdapter.handle(AbstractHandlerMethodAdapter.java:86)
	at org.springframework.web.servlet.DispatcherServlet.doDispatch(DispatcherServlet.java:963)
	at org.springframework.web.servlet.DispatcherServlet.doService(DispatcherServlet.java:866)
	at org.springframework.web.servlet.FrameworkServlet.processRequest(FrameworkServlet.java:1000)
	at org.springframework.web.servlet.FrameworkServlet.doGet(FrameworkServlet.java:892)
	at jakarta.servlet.http.HttpServlet.service(HttpServlet.java:622)
	at org.springframework.web.servlet.FrameworkServlet.service(FrameworkServlet.java:874)
	at jakarta.servlet.http.HttpServlet.service(HttpServlet.java:710)
	at org.apache.catalina.core.ApplicationFilterChain.doFilter(ApplicationFilterChain.java:128)
	at org.apache.tomcat.websocket.server.WsFilter.doFilter(WsFilter.java:53)
	at org.apache.catalina.core.ApplicationFilterChain.doFilter(ApplicationFilterChain.java:107)
	at org.springframework.web.filter.RequestContextFilter.doFilterInternal(RequestContextFilter.java:100)
	at org.springframework.web.filter.OncePerRequestFilter.doFilter(OncePerRequestFilter.java:116)
	at org.apache.catalina.core.ApplicationFilterChain.doFilter(ApplicationFilterChain.java:107)
	at org.springframework.web.filter.FormContentFilter.doFilterInternal(FormContentFilter.java:93)
	at org.springframework.web.filter.OncePerRequestFilter.doFilter(OncePerRequestFilter.java:116)
	at org.apache.catalina.core.ApplicationFilterChain.doFilter(ApplicationFilterChain.java:107)
	at org.springframework.web.filter.CharacterEncodingFilter.doFilterInternal(CharacterEncodingFilter.java:199)
	at org.springframework.web.filter.OncePerRequestFilter.doFilter(OncePerRequestFilter.java:116)
	at org.apache.catalina.core.ApplicationFilterChain.doFilter(ApplicationFilterChain.java:107)
	at org.apache.catalina.core.StandardWrapperValve.invoke(StandardWrapperValve.java:165)
	at org.apache.catalina.core.StandardContextValve.invoke(StandardContextValve.java:77)
	at org.apache.catalina.authenticator.AuthenticatorBase.invoke(AuthenticatorBase.java:492)
	at org.apache.catalina.core.StandardHostValve.invoke(StandardHostValve.java:113)
	at org.apache.catalina.valves.ErrorReportValve.invoke(ErrorReportValve.java:83)
	at org.apache.catalina.core.StandardEngineValve.invoke(StandardEngineValve.java:72)
	at org.apache.catalina.connector.CoyoteAdapter.service(CoyoteAdapter.java:341)
	at org.apache.coyote.http11.Http11Processor.service(Http11Processor.java:397)
	at org.apache.coyote.AbstractProcessorLight.process(AbstractProcessorLight.java:63)
	at org.apache.coyote.AbstractProtocol$ConnectionHandler.process(AbstractProtocol.java:903)
	at org.apache.tomcat.util.net.NioEndpoint$SocketProcessor.doRun(NioEndpoint.java:1801)
	at org.apache.tomcat.util.net.SocketProcessorBase.run(SocketProcessorBase.java:52)
	at org.apache.tomcat.util.threads.ThreadPoolExecutor.runWorker(ThreadPoolExecutor.java:946)
	at org.apache.tomcat.util.threads.ThreadPoolExecutor$Worker.run(ThreadPoolExecutor.java:480)
	at org.apache.tomcat.util.threads.TaskThread$WrappingRunnable.run(TaskThread.java:57)
	at java.base/java.lang.Thread.run(Thread.java:1583)
2026-04-27 10:46:44 WARN  GlobalExceptionHandler - Course not found: Course not found with id:101
2026-04-27 10:46:44 WARN  ExceptionHandlerExceptionResolver - Resolved [com.academy.scms.exception.CourseNotFoundException: Course not found with id:101]
2026-04-27 10:46:50 INFO  RequestLoggingAspect - Request: com.academy.scms.controller.CourseController.getStudents
2026-04-27 10:46:50 DEBUG RequestLoggingAspect - Args: [100]
2026-04-27 10:46:50 INFO  ExecutionTimeAspect - CourseService.getStudentsByCourse(..) executed in 34 ms
2026-04-27 10:49:07 INFO  ScmsApplication - Starting ScmsApplication using Java 21.0.9 with PID 21720 (C:\Users\revanth.bethala\eclipse-workspace\scms\target\classes started by revanth.bethala in C:\Users\revanth.bethala\eclipse-workspace\scms)
2026-04-27 10:49:07 DEBUG ScmsApplication - Running with Spring Boot v4.0.6, Spring v7.0.7
2026-04-27 10:49:07 INFO  ScmsApplication - No active profile set, falling back to 1 default profile: "default"
2026-04-27 10:49:12 WARN  JpaBaseConfiguration$JpaWebConfiguration - spring.jpa.open-in-view is enabled by default. Therefore, database queries may be performed during view rendering. Explicitly configure spring.jpa.open-in-view to disable this warning
2026-04-27 10:49:12 INFO  ScmsApplication - Started ScmsApplication in 5.726 seconds (process running for 6518.285)
2026-04-27 10:49:33 INFO  ScmsApplication - Starting ScmsApplication using Java 21.0.9 with PID 21720 (C:\Users\revanth.bethala\eclipse-workspace\scms\target\classes started by revanth.bethala in C:\Users\revanth.bethala\eclipse-workspace\scms)
2026-04-27 10:49:33 DEBUG ScmsApplication - Running with Spring Boot v4.0.6, Spring v7.0.7
2026-04-27 10:49:33 INFO  ScmsApplication - No active profile set, falling back to 1 default profile: "default"
2026-04-27 10:49:36 WARN  JpaBaseConfiguration$JpaWebConfiguration - spring.jpa.open-in-view is enabled by default. Therefore, database queries may be performed during view rendering. Explicitly configure spring.jpa.open-in-view to disable this warning
2026-04-27 10:49:36 INFO  ScmsApplication - Started ScmsApplication in 3.369 seconds (process running for 6541.939)
2026-04-27 10:49:40 INFO  ScmsApplication - Starting ScmsApplication using Java 21.0.9 with PID 21720 (C:\Users\revanth.bethala\eclipse-workspace\scms\target\classes started by revanth.bethala in C:\Users\revanth.bethala\eclipse-workspace\scms)
2026-04-27 10:49:40 DEBUG ScmsApplication - Running with Spring Boot v4.0.6, Spring v7.0.7
2026-04-27 10:49:40 INFO  ScmsApplication - No active profile set, falling back to 1 default profile: "default"
2026-04-27 10:49:44 WARN  JpaBaseConfiguration$JpaWebConfiguration - spring.jpa.open-in-view is enabled by default. Therefore, database queries may be performed during view rendering. Explicitly configure spring.jpa.open-in-view to disable this warning
2026-04-27 10:49:44 INFO  ScmsApplication - Started ScmsApplication in 3.497 seconds (process running for 6549.945)
2026-04-27 10:49:51 INFO  ScmsApplication - Starting ScmsApplication using Java 21.0.9 with PID 21720 (C:\Users\revanth.bethala\eclipse-workspace\scms\target\classes started by revanth.bethala in C:\Users\revanth.bethala\eclipse-workspace\scms)
2026-04-27 10:49:51 DEBUG ScmsApplication - Running with Spring Boot v4.0.6, Spring v7.0.7
2026-04-27 10:49:51 INFO  ScmsApplication - No active profile set, falling back to 1 default profile: "default"
2026-04-27 10:49:53 WARN  JpaBaseConfiguration$JpaWebConfiguration - spring.jpa.open-in-view is enabled by default. Therefore, database queries may be performed during view rendering. Explicitly configure spring.jpa.open-in-view to disable this warning
2026-04-27 10:49:54 INFO  ScmsApplication - Started ScmsApplication in 3.138 seconds (process running for 6559.694)
2026-04-27 10:49:56 INFO  ScmsApplication - Starting ScmsApplication using Java 21.0.9 with PID 21720 (C:\Users\revanth.bethala\eclipse-workspace\scms\target\classes started by revanth.bethala in C:\Users\revanth.bethala\eclipse-workspace\scms)
2026-04-27 10:49:56 DEBUG ScmsApplication - Running with Spring Boot v4.0.6, Spring v7.0.7
2026-04-27 10:49:56 INFO  ScmsApplication - No active profile set, falling back to 1 default profile: "default"
2026-04-27 10:49:59 WARN  JpaBaseConfiguration$JpaWebConfiguration - spring.jpa.open-in-view is enabled by default. Therefore, database queries may be performed during view rendering. Explicitly configure spring.jpa.open-in-view to disable this warning
2026-04-27 10:49:59 INFO  ScmsApplication - Started ScmsApplication in 3.237 seconds (process running for 6565.466)
2026-04-27 10:50:06 INFO  ScmsApplication - Starting ScmsApplication using Java 21.0.9 with PID 21720 (C:\Users\revanth.bethala\eclipse-workspace\scms\target\classes started by revanth.bethala in C:\Users\revanth.bethala\eclipse-workspace\scms)
2026-04-27 10:50:06 DEBUG ScmsApplication - Running with Spring Boot v4.0.6, Spring v7.0.7
2026-04-27 10:50:06 INFO  ScmsApplication - No active profile set, falling back to 1 default profile: "default"
2026-04-27 10:50:09 WARN  JpaBaseConfiguration$JpaWebConfiguration - spring.jpa.open-in-view is enabled by default. Therefore, database queries may be performed during view rendering. Explicitly configure spring.jpa.open-in-view to disable this warning
2026-04-27 10:50:09 INFO  ScmsApplication - Started ScmsApplication in 3.359 seconds (process running for 6575.483)
2026-04-27 10:50:14 INFO  ScmsApplication - Starting ScmsApplication using Java 21.0.9 with PID 21720 (C:\Users\revanth.bethala\eclipse-workspace\scms\target\classes started by revanth.bethala in C:\Users\revanth.bethala\eclipse-workspace\scms)
2026-04-27 10:50:14 DEBUG ScmsApplication - Running with Spring Boot v4.0.6, Spring v7.0.7
2026-04-27 10:50:14 INFO  ScmsApplication - No active profile set, falling back to 1 default profile: "default"
2026-04-27 10:50:18 WARN  JpaBaseConfiguration$JpaWebConfiguration - spring.jpa.open-in-view is enabled by default. Therefore, database queries may be performed during view rendering. Explicitly configure spring.jpa.open-in-view to disable this warning
2026-04-27 10:50:18 INFO  ScmsApplication - Started ScmsApplication in 4.4 seconds (process running for 6584.448)
2026-04-27 10:50:38 INFO  ScmsApplication - Starting ScmsApplication using Java 21.0.9 with PID 21720 (C:\Users\revanth.bethala\eclipse-workspace\scms\target\classes started by revanth.bethala in C:\Users\revanth.bethala\eclipse-workspace\scms)
2026-04-27 10:50:38 DEBUG ScmsApplication - Running with Spring Boot v4.0.6, Spring v7.0.7
2026-04-27 10:50:38 INFO  ScmsApplication - No active profile set, falling back to 1 default profile: "default"
2026-04-27 10:50:42 WARN  JpaBaseConfiguration$JpaWebConfiguration - spring.jpa.open-in-view is enabled by default. Therefore, database queries may be performed during view rendering. Explicitly configure spring.jpa.open-in-view to disable this warning
2026-04-27 10:50:42 INFO  ScmsApplication - Started ScmsApplication in 3.746 seconds (process running for 6608.136)
2026-04-27 10:51:45 INFO  ScmsApplication - Starting ScmsApplication using Java 21.0.9 with PID 21720 (C:\Users\revanth.bethala\eclipse-workspace\scms\target\classes started by revanth.bethala in C:\Users\revanth.bethala\eclipse-workspace\scms)
2026-04-27 10:51:45 DEBUG ScmsApplication - Running with Spring Boot v4.0.6, Spring v7.0.7
2026-04-27 10:51:45 INFO  ScmsApplication - No active profile set, falling back to 1 default profile: "default"
2026-04-27 10:51:48 WARN  JpaBaseConfiguration$JpaWebConfiguration - spring.jpa.open-in-view is enabled by default. Therefore, database queries may be performed during view rendering. Explicitly configure spring.jpa.open-in-view to disable this warning
2026-04-27 10:51:48 INFO  ScmsApplication - Started ScmsApplication in 3.371 seconds (process running for 6673.847)
2026-04-27 10:51:55 INFO  ScmsApplication - Starting ScmsApplication using Java 21.0.9 with PID 21720 (C:\Users\revanth.bethala\eclipse-workspace\scms\target\classes started by revanth.bethala in C:\Users\revanth.bethala\eclipse-workspace\scms)
2026-04-27 10:51:55 DEBUG ScmsApplication - Running with Spring Boot v4.0.6, Spring v7.0.7
2026-04-27 10:51:55 INFO  ScmsApplication - No active profile set, falling back to 1 default profile: "default"
2026-04-27 10:51:58 WARN  JpaBaseConfiguration$JpaWebConfiguration - spring.jpa.open-in-view is enabled by default. Therefore, database queries may be performed during view rendering. Explicitly configure spring.jpa.open-in-view to disable this warning
2026-04-27 10:51:58 INFO  ScmsApplication - Started ScmsApplication in 3.408 seconds (process running for 6683.887)
2026-04-27 10:51:59 INFO  ScmsApplication - Starting ScmsApplication using Java 21.0.9 with PID 21720 (C:\Users\revanth.bethala\eclipse-workspace\scms\target\classes started by revanth.bethala in C:\Users\revanth.bethala\eclipse-workspace\scms)
2026-04-27 10:51:59 DEBUG ScmsApplication - Running with Spring Boot v4.0.6, Spring v7.0.7
2026-04-27 10:51:59 INFO  ScmsApplication - No active profile set, falling back to 1 default profile: "default"
2026-04-27 10:52:02 WARN  JpaBaseConfiguration$JpaWebConfiguration - spring.jpa.open-in-view is enabled by default. Therefore, database queries may be performed during view rendering. Explicitly configure spring.jpa.open-in-view to disable this warning
2026-04-27 10:52:03 INFO  ScmsApplication - Started ScmsApplication in 3.314 seconds (process running for 6688.731)
2026-04-27 10:52:18 INFO  ScmsApplication - Starting ScmsApplication using Java 21.0.9 with PID 21720 (C:\Users\revanth.bethala\eclipse-workspace\scms\target\classes started by revanth.bethala in C:\Users\revanth.bethala\eclipse-workspace\scms)
2026-04-27 10:52:18 DEBUG ScmsApplication - Running with Spring Boot v4.0.6, Spring v7.0.7
2026-04-27 10:52:18 INFO  ScmsApplication - No active profile set, falling back to 1 default profile: "default"
2026-04-27 10:52:20 WARN  JpaBaseConfiguration$JpaWebConfiguration - spring.jpa.open-in-view is enabled by default. Therefore, database queries may be performed during view rendering. Explicitly configure spring.jpa.open-in-view to disable this warning
2026-04-27 10:52:20 INFO  ScmsApplication - Started ScmsApplication in 2.932 seconds (process running for 6706.463)
2026-04-27 10:52:34 INFO  ScmsApplication - Starting ScmsApplication using Java 21.0.9 with PID 21720 (C:\Users\revanth.bethala\eclipse-workspace\scms\target\classes started by revanth.bethala in C:\Users\revanth.bethala\eclipse-workspace\scms)
2026-04-27 10:52:34 DEBUG ScmsApplication - Running with Spring Boot v4.0.6, Spring v7.0.7
2026-04-27 10:52:34 INFO  ScmsApplication - No active profile set, falling back to 1 default profile: "default"
2026-04-27 10:52:37 WARN  JpaBaseConfiguration$JpaWebConfiguration - spring.jpa.open-in-view is enabled by default. Therefore, database queries may be performed during view rendering. Explicitly configure spring.jpa.open-in-view to disable this warning
2026-04-27 10:52:38 INFO  ScmsApplication - Started ScmsApplication in 3.294 seconds (process running for 6723.686)
2026-04-27 10:52:40 INFO  ScmsApplication - Starting ScmsApplication using Java 21.0.9 with PID 21720 (C:\Users\revanth.bethala\eclipse-workspace\scms\target\classes started by revanth.bethala in C:\Users\revanth.bethala\eclipse-workspace\scms)
2026-04-27 10:52:40 DEBUG ScmsApplication - Running with Spring Boot v4.0.6, Spring v7.0.7
2026-04-27 10:52:40 INFO  ScmsApplication - No active profile set, falling back to 1 default profile: "default"
2026-04-27 10:52:43 WARN  JpaBaseConfiguration$JpaWebConfiguration - spring.jpa.open-in-view is enabled by default. Therefore, database queries may be performed during view rendering. Explicitly configure spring.jpa.open-in-view to disable this warning
2026-04-27 10:52:43 INFO  ScmsApplication - Started ScmsApplication in 3.219 seconds (process running for 6729.455)
2026-04-27 10:52:58 INFO  ScmsApplication - Starting ScmsApplication using Java 21.0.9 with PID 21720 (C:\Users\revanth.bethala\eclipse-workspace\scms\target\classes started by revanth.bethala in C:\Users\revanth.bethala\eclipse-workspace\scms)
2026-04-27 10:52:58 DEBUG ScmsApplication - Running with Spring Boot v4.0.6, Spring v7.0.7
2026-04-27 10:52:58 INFO  ScmsApplication - No active profile set, falling back to 1 default profile: "default"
2026-04-27 10:53:01 WARN  JpaBaseConfiguration$JpaWebConfiguration - spring.jpa.open-in-view is enabled by default. Therefore, database queries may be performed during view rendering. Explicitly configure spring.jpa.open-in-view to disable this warning
2026-04-27 10:53:01 INFO  ScmsApplication - Started ScmsApplication in 3.392 seconds (process running for 6747.261)
2026-04-27 10:53:09 INFO  ScmsApplication - Starting ScmsApplication using Java 21.0.9 with PID 21720 (C:\Users\revanth.bethala\eclipse-workspace\scms\target\classes started by revanth.bethala in C:\Users\revanth.bethala\eclipse-workspace\scms)
2026-04-27 10:53:09 DEBUG ScmsApplication - Running with Spring Boot v4.0.6, Spring v7.0.7
2026-04-27 10:53:09 INFO  ScmsApplication - No active profile set, falling back to 1 default profile: "default"
2026-04-27 10:53:12 WARN  JpaBaseConfiguration$JpaWebConfiguration - spring.jpa.open-in-view is enabled by default. Therefore, database queries may be performed during view rendering. Explicitly configure spring.jpa.open-in-view to disable this warning
2026-04-27 10:53:13 INFO  ScmsApplication - Started ScmsApplication in 3.34 seconds (process running for 6758.516)
2026-04-27 10:53:16 INFO  ScmsApplication - Starting ScmsApplication using Java 21.0.9 with PID 21720 (C:\Users\revanth.bethala\eclipse-workspace\scms\target\classes started by revanth.bethala in C:\Users\revanth.bethala\eclipse-workspace\scms)
2026-04-27 10:53:16 DEBUG ScmsApplication - Running with Spring Boot v4.0.6, Spring v7.0.7
2026-04-27 10:53:16 INFO  ScmsApplication - No active profile set, falling back to 1 default profile: "default"
2026-04-27 10:53:19 WARN  JpaBaseConfiguration$JpaWebConfiguration - spring.jpa.open-in-view is enabled by default. Therefore, database queries may be performed during view rendering. Explicitly configure spring.jpa.open-in-view to disable this warning
2026-04-27 10:53:19 INFO  ScmsApplication - Started ScmsApplication in 3.223 seconds (process running for 6765.32)
2026-04-27 10:53:38 INFO  RequestLoggingAspect - Request: com.academy.scms.controller.CourseController.getStudents
2026-04-27 10:53:38 DEBUG RequestLoggingAspect - Args: [100]
2026-04-27 10:53:38 ERROR GlobalExceptionHandler - Unhandled exception
jakarta.servlet.ServletException: Handler dispatch failed: java.lang.Error: Unresolved compilation problem: 
	The method getStudentsByCourse(Integer, Integer) in the type CourseService is not applicable for the arguments (Integer)

	at org.springframework.web.servlet.DispatcherServlet.doDispatch(DispatcherServlet.java:978)
	at org.springframework.web.servlet.DispatcherServlet.doService(DispatcherServlet.java:866)
	at org.springframework.web.servlet.FrameworkServlet.processRequest(FrameworkServlet.java:1000)
	at org.springframework.web.servlet.FrameworkServlet.doGet(FrameworkServlet.java:892)
	at jakarta.servlet.http.HttpServlet.service(HttpServlet.java:622)
	at org.springframework.web.servlet.FrameworkServlet.service(FrameworkServlet.java:874)
	at jakarta.servlet.http.HttpServlet.service(HttpServlet.java:710)
	at org.apache.catalina.core.ApplicationFilterChain.doFilter(ApplicationFilterChain.java:128)
	at org.apache.tomcat.websocket.server.WsFilter.doFilter(WsFilter.java:53)
	at org.apache.catalina.core.ApplicationFilterChain.doFilter(ApplicationFilterChain.java:107)
	at org.springframework.web.filter.RequestContextFilter.doFilterInternal(RequestContextFilter.java:100)
	at org.springframework.web.filter.OncePerRequestFilter.doFilter(OncePerRequestFilter.java:116)
	at org.apache.catalina.core.ApplicationFilterChain.doFilter(ApplicationFilterChain.java:107)
	at org.springframework.web.filter.FormContentFilter.doFilterInternal(FormContentFilter.java:93)
	at org.springframework.web.filter.OncePerRequestFilter.doFilter(OncePerRequestFilter.java:116)
	at org.apache.catalina.core.ApplicationFilterChain.doFilter(ApplicationFilterChain.java:107)
	at org.springframework.web.filter.CharacterEncodingFilter.doFilterInternal(CharacterEncodingFilter.java:199)
	at org.springframework.web.filter.OncePerRequestFilter.doFilter(OncePerRequestFilter.java:116)
	at org.apache.catalina.core.ApplicationFilterChain.doFilter(ApplicationFilterChain.java:107)
	at org.apache.catalina.core.StandardWrapperValve.invoke(StandardWrapperValve.java:165)
	at org.apache.catalina.core.StandardContextValve.invoke(StandardContextValve.java:77)
	at org.apache.catalina.authenticator.AuthenticatorBase.invoke(AuthenticatorBase.java:492)
	at org.apache.catalina.core.StandardHostValve.invoke(StandardHostValve.java:113)
	at org.apache.catalina.valves.ErrorReportValve.invoke(ErrorReportValve.java:83)
	at org.apache.catalina.core.StandardEngineValve.invoke(StandardEngineValve.java:72)
	at org.apache.catalina.connector.CoyoteAdapter.service(CoyoteAdapter.java:341)
	at org.apache.coyote.http11.Http11Processor.service(Http11Processor.java:397)
	at org.apache.coyote.AbstractProcessorLight.process(AbstractProcessorLight.java:63)
	at org.apache.coyote.AbstractProtocol$ConnectionHandler.process(AbstractProtocol.java:903)
	at org.apache.tomcat.util.net.NioEndpoint$SocketProcessor.doRun(NioEndpoint.java:1801)
	at org.apache.tomcat.util.net.SocketProcessorBase.run(SocketProcessorBase.java:52)
	at org.apache.tomcat.util.threads.ThreadPoolExecutor.runWorker(ThreadPoolExecutor.java:946)
	at org.apache.tomcat.util.threads.ThreadPoolExecutor$Worker.run(ThreadPoolExecutor.java:480)
	at org.apache.tomcat.util.threads.TaskThread$WrappingRunnable.run(TaskThread.java:57)
	at java.base/java.lang.Thread.run(Thread.java:1583)
Caused by: java.lang.Error: Unresolved compilation problem: 
	The method getStudentsByCourse(Integer, Integer) in the type CourseService is not applicable for the arguments (Integer)

	at com.academy.scms.controller.CourseController.getStudents(CourseController.java:69)
	at java.base/jdk.internal.reflect.DirectMethodHandleAccessor.invoke(DirectMethodHandleAccessor.java:103)
	at java.base/java.lang.reflect.Method.invoke(Method.java:580)
	at org.springframework.aop.support.AopUtils.invokeJoinpointUsingReflection(AopUtils.java:359)
	at org.springframework.aop.framework.ReflectiveMethodInvocation.invokeJoinpoint(ReflectiveMethodInvocation.java:190)
	at org.springframework.aop.framework.ReflectiveMethodInvocation.proceed(ReflectiveMethodInvocation.java:158)
	at org.springframework.aop.framework.adapter.MethodBeforeAdviceInterceptor.invoke(MethodBeforeAdviceInterceptor.java:57)
	at org.springframework.aop.framework.ReflectiveMethodInvocation.proceed(ReflectiveMethodInvocation.java:179)
	at org.springframework.aop.aspectj.AspectJAfterThrowingAdvice.invoke(AspectJAfterThrowingAdvice.java:63)
	at org.springframework.aop.framework.ReflectiveMethodInvocation.proceed(ReflectiveMethodInvocation.java:179)
	at org.springframework.aop.interceptor.ExposeInvocationInterceptor.invoke(ExposeInvocationInterceptor.java:96)
	at org.springframework.aop.framework.ReflectiveMethodInvocation.proceed(ReflectiveMethodInvocation.java:179)
	at org.springframework.aop.framework.CglibAopProxy$DynamicAdvisedInterceptor.intercept(CglibAopProxy.java:719)
	at com.academy.scms.controller.CourseController$$SpringCGLIB$$0.getStudents(<generated>)
	at java.base/jdk.internal.reflect.DirectMethodHandleAccessor.invoke(DirectMethodHandleAccessor.java:103)
	at java.base/java.lang.reflect.Method.invoke(Method.java:580)
	at org.springframework.web.method.support.InvocableHandlerMethod.doInvoke(InvocableHandlerMethod.java:252)
	at org.springframework.web.method.support.InvocableHandlerMethod.invokeForRequest(InvocableHandlerMethod.java:184)
	at org.springframework.web.servlet.mvc.method.annotation.ServletInvocableHandlerMethod.invokeAndHandle(ServletInvocableHandlerMethod.java:117)
	at org.springframework.web.servlet.mvc.method.annotation.RequestMappingHandlerAdapter.invokeHandlerMethod(RequestMappingHandlerAdapter.java:934)
	at org.springframework.web.servlet.mvc.method.annotation.RequestMappingHandlerAdapter.handleInternal(RequestMappingHandlerAdapter.java:853)
	at org.springframework.web.servlet.mvc.method.AbstractHandlerMethodAdapter.handle(AbstractHandlerMethodAdapter.java:86)
	at org.springframework.web.servlet.DispatcherServlet.doDispatch(DispatcherServlet.java:963)
	... 34 more
2026-04-27 10:53:38 WARN  ExceptionHandlerExceptionResolver - Resolved [jakarta.servlet.ServletException: Handler dispatch failed: java.lang.Error: Unresolved compilation problem: <EOL>?The method getStudentsByCourse(Integer, Integer) in the type CourseService is not applicable for the arguments (Integer)<EOL>]
2026-04-27 10:54:19 INFO  ScmsApplication - Starting ScmsApplication using Java 21.0.9 with PID 21720 (C:\Users\revanth.bethala\eclipse-workspace\scms\target\classes started by revanth.bethala in C:\Users\revanth.bethala\eclipse-workspace\scms)
2026-04-27 10:54:19 DEBUG ScmsApplication - Running with Spring Boot v4.0.6, Spring v7.0.7
2026-04-27 10:54:19 INFO  ScmsApplication - No active profile set, falling back to 1 default profile: "default"
2026-04-27 10:54:22 WARN  JpaBaseConfiguration$JpaWebConfiguration - spring.jpa.open-in-view is enabled by default. Therefore, database queries may be performed during view rendering. Explicitly configure spring.jpa.open-in-view to disable this warning
2026-04-27 10:54:23 INFO  ScmsApplication - Started ScmsApplication in 3.364 seconds (process running for 6828.728)
2026-04-27 10:54:24 ERROR GlobalExceptionHandler - Unhandled exception
org.springframework.web.bind.ServletRequestBindingException: Missing request attribute 'subject' of type Integer
	at org.springframework.web.servlet.mvc.method.annotation.RequestAttributeMethodArgumentResolver.handleMissingValue(RequestAttributeMethodArgumentResolver.java:59)
	at org.springframework.web.method.annotation.AbstractNamedValueMethodArgumentResolver.handleMissingValue(AbstractNamedValueMethodArgumentResolver.java:230)
	at org.springframework.web.method.annotation.AbstractNamedValueMethodArgumentResolver.resolveArgument(AbstractNamedValueMethodArgumentResolver.java:123)
	at org.springframework.web.method.support.HandlerMethodArgumentResolverComposite.resolveArgument(HandlerMethodArgumentResolverComposite.java:122)
	at org.springframework.web.method.support.InvocableHandlerMethod.getMethodArgumentValues(InvocableHandlerMethod.java:224)
	at org.springframework.web.method.support.InvocableHandlerMethod.invokeForRequest(InvocableHandlerMethod.java:174)
	at org.springframework.web.servlet.mvc.method.annotation.ServletInvocableHandlerMethod.invokeAndHandle(ServletInvocableHandlerMethod.java:117)
	at org.springframework.web.servlet.mvc.method.annotation.RequestMappingHandlerAdapter.invokeHandlerMethod(RequestMappingHandlerAdapter.java:934)
	at org.springframework.web.servlet.mvc.method.annotation.RequestMappingHandlerAdapter.handleInternal(RequestMappingHandlerAdapter.java:853)
	at org.springframework.web.servlet.mvc.method.AbstractHandlerMethodAdapter.handle(AbstractHandlerMethodAdapter.java:86)
	at org.springframework.web.servlet.DispatcherServlet.doDispatch(DispatcherServlet.java:963)
	at org.springframework.web.servlet.DispatcherServlet.doService(DispatcherServlet.java:866)
	at org.springframework.web.servlet.FrameworkServlet.processRequest(FrameworkServlet.java:1000)
	at org.springframework.web.servlet.FrameworkServlet.doGet(FrameworkServlet.java:892)
	at jakarta.servlet.http.HttpServlet.service(HttpServlet.java:622)
	at org.springframework.web.servlet.FrameworkServlet.service(FrameworkServlet.java:874)
	at jakarta.servlet.http.HttpServlet.service(HttpServlet.java:710)
	at org.apache.catalina.core.ApplicationFilterChain.doFilter(ApplicationFilterChain.java:128)
	at org.apache.tomcat.websocket.server.WsFilter.doFilter(WsFilter.java:53)
	at org.apache.catalina.core.ApplicationFilterChain.doFilter(ApplicationFilterChain.java:107)
	at org.springframework.web.filter.RequestContextFilter.doFilterInternal(RequestContextFilter.java:100)
	at org.springframework.web.filter.OncePerRequestFilter.doFilter(OncePerRequestFilter.java:116)
	at org.apache.catalina.core.ApplicationFilterChain.doFilter(ApplicationFilterChain.java:107)
	at org.springframework.web.filter.FormContentFilter.doFilterInternal(FormContentFilter.java:93)
	at org.springframework.web.filter.OncePerRequestFilter.doFilter(OncePerRequestFilter.java:116)
	at org.apache.catalina.core.ApplicationFilterChain.doFilter(ApplicationFilterChain.java:107)
	at org.springframework.web.filter.CharacterEncodingFilter.doFilterInternal(CharacterEncodingFilter.java:199)
	at org.springframework.web.filter.OncePerRequestFilter.doFilter(OncePerRequestFilter.java:116)
	at org.apache.catalina.core.ApplicationFilterChain.doFilter(ApplicationFilterChain.java:107)
	at org.apache.catalina.core.StandardWrapperValve.invoke(StandardWrapperValve.java:165)
	at org.apache.catalina.core.StandardContextValve.invoke(StandardContextValve.java:77)
	at org.apache.catalina.authenticator.AuthenticatorBase.invoke(AuthenticatorBase.java:492)
	at org.apache.catalina.core.StandardHostValve.invoke(StandardHostValve.java:113)
	at org.apache.catalina.valves.ErrorReportValve.invoke(ErrorReportValve.java:83)
	at org.apache.catalina.core.StandardEngineValve.invoke(StandardEngineValve.java:72)
	at org.apache.catalina.connector.CoyoteAdapter.service(CoyoteAdapter.java:341)
	at org.apache.coyote.http11.Http11Processor.service(Http11Processor.java:397)
	at org.apache.coyote.AbstractProcessorLight.process(AbstractProcessorLight.java:63)
	at org.apache.coyote.AbstractProtocol$ConnectionHandler.process(AbstractProtocol.java:903)
	at org.apache.tomcat.util.net.NioEndpoint$SocketProcessor.doRun(NioEndpoint.java:1801)
	at org.apache.tomcat.util.net.SocketProcessorBase.run(SocketProcessorBase.java:52)
	at org.apache.tomcat.util.threads.ThreadPoolExecutor.runWorker(ThreadPoolExecutor.java:946)
	at org.apache.tomcat.util.threads.ThreadPoolExecutor$Worker.run(ThreadPoolExecutor.java:480)
	at org.apache.tomcat.util.threads.TaskThread$WrappingRunnable.run(TaskThread.java:57)
	at java.base/java.lang.Thread.run(Thread.java:1583)
2026-04-27 10:54:24 WARN  ExceptionHandlerExceptionResolver - Resolved [org.springframework.web.bind.ServletRequestBindingException: Missing request attribute 'subject' of type Integer]
2026-04-27 10:55:08 ERROR GlobalExceptionHandler - Unhandled exception
org.springframework.web.bind.ServletRequestBindingException: Missing request attribute 'subject' of type Integer
	at org.springframework.web.servlet.mvc.method.annotation.RequestAttributeMethodArgumentResolver.handleMissingValue(RequestAttributeMethodArgumentResolver.java:59)
	at org.springframework.web.method.annotation.AbstractNamedValueMethodArgumentResolver.handleMissingValue(AbstractNamedValueMethodArgumentResolver.java:230)
	at org.springframework.web.method.annotation.AbstractNamedValueMethodArgumentResolver.resolveArgument(AbstractNamedValueMethodArgumentResolver.java:123)
	at org.springframework.web.method.support.HandlerMethodArgumentResolverComposite.resolveArgument(HandlerMethodArgumentResolverComposite.java:122)
	at org.springframework.web.method.support.InvocableHandlerMethod.getMethodArgumentValues(InvocableHandlerMethod.java:224)
	at org.springframework.web.method.support.InvocableHandlerMethod.invokeForRequest(InvocableHandlerMethod.java:174)
	at org.springframework.web.servlet.mvc.method.annotation.ServletInvocableHandlerMethod.invokeAndHandle(ServletInvocableHandlerMethod.java:117)
	at org.springframework.web.servlet.mvc.method.annotation.RequestMappingHandlerAdapter.invokeHandlerMethod(RequestMappingHandlerAdapter.java:934)
	at org.springframework.web.servlet.mvc.method.annotation.RequestMappingHandlerAdapter.handleInternal(RequestMappingHandlerAdapter.java:853)
	at org.springframework.web.servlet.mvc.method.AbstractHandlerMethodAdapter.handle(AbstractHandlerMethodAdapter.java:86)
	at org.springframework.web.servlet.DispatcherServlet.doDispatch(DispatcherServlet.java:963)
	at org.springframework.web.servlet.DispatcherServlet.doService(DispatcherServlet.java:866)
	at org.springframework.web.servlet.FrameworkServlet.processRequest(FrameworkServlet.java:1000)
	at org.springframework.web.servlet.FrameworkServlet.doGet(FrameworkServlet.java:892)
	at jakarta.servlet.http.HttpServlet.service(HttpServlet.java:622)
	at org.springframework.web.servlet.FrameworkServlet.service(FrameworkServlet.java:874)
	at jakarta.servlet.http.HttpServlet.service(HttpServlet.java:710)
	at org.apache.catalina.core.ApplicationFilterChain.doFilter(ApplicationFilterChain.java:128)
	at org.apache.tomcat.websocket.server.WsFilter.doFilter(WsFilter.java:53)
	at org.apache.catalina.core.ApplicationFilterChain.doFilter(ApplicationFilterChain.java:107)
	at org.springframework.web.filter.RequestContextFilter.doFilterInternal(RequestContextFilter.java:100)
	at org.springframework.web.filter.OncePerRequestFilter.doFilter(OncePerRequestFilter.java:116)
	at org.apache.catalina.core.ApplicationFilterChain.doFilter(ApplicationFilterChain.java:107)
	at org.springframework.web.filter.FormContentFilter.doFilterInternal(FormContentFilter.java:93)
	at org.springframework.web.filter.OncePerRequestFilter.doFilter(OncePerRequestFilter.java:116)
	at org.apache.catalina.core.ApplicationFilterChain.doFilter(ApplicationFilterChain.java:107)
	at org.springframework.web.filter.CharacterEncodingFilter.doFilterInternal(CharacterEncodingFilter.java:199)
	at org.springframework.web.filter.OncePerRequestFilter.doFilter(OncePerRequestFilter.java:116)
	at org.apache.catalina.core.ApplicationFilterChain.doFilter(ApplicationFilterChain.java:107)
	at org.apache.catalina.core.StandardWrapperValve.invoke(StandardWrapperValve.java:165)
	at org.apache.catalina.core.StandardContextValve.invoke(StandardContextValve.java:77)
	at org.apache.catalina.authenticator.AuthenticatorBase.invoke(AuthenticatorBase.java:492)
	at org.apache.catalina.core.StandardHostValve.invoke(StandardHostValve.java:113)
	at org.apache.catalina.valves.ErrorReportValve.invoke(ErrorReportValve.java:83)
	at org.apache.catalina.core.StandardEngineValve.invoke(StandardEngineValve.java:72)
	at org.apache.catalina.connector.CoyoteAdapter.service(CoyoteAdapter.java:341)
	at org.apache.coyote.http11.Http11Processor.service(Http11Processor.java:397)
	at org.apache.coyote.AbstractProcessorLight.process(AbstractProcessorLight.java:63)
	at org.apache.coyote.AbstractProtocol$ConnectionHandler.process(AbstractProtocol.java:903)
	at org.apache.tomcat.util.net.NioEndpoint$SocketProcessor.doRun(NioEndpoint.java:1801)
	at org.apache.tomcat.util.net.SocketProcessorBase.run(SocketProcessorBase.java:52)
	at org.apache.tomcat.util.threads.ThreadPoolExecutor.runWorker(ThreadPoolExecutor.java:946)
	at org.apache.tomcat.util.threads.ThreadPoolExecutor$Worker.run(ThreadPoolExecutor.java:480)
	at org.apache.tomcat.util.threads.TaskThread$WrappingRunnable.run(TaskThread.java:57)
	at java.base/java.lang.Thread.run(Thread.java:1583)
2026-04-27 10:55:08 WARN  ExceptionHandlerExceptionResolver - Resolved [org.springframework.web.bind.ServletRequestBindingException: Missing request attribute 'subject' of type Integer]
2026-04-27 10:58:12 INFO  ScmsApplication - Starting ScmsApplication using Java 21.0.9 with PID 21720 (C:\Users\revanth.bethala\eclipse-workspace\scms\target\classes started by revanth.bethala in C:\Users\revanth.bethala\eclipse-workspace\scms)
2026-04-27 10:58:12 DEBUG ScmsApplication - Running with Spring Boot v4.0.6, Spring v7.0.7
2026-04-27 10:58:12 INFO  ScmsApplication - No active profile set, falling back to 1 default profile: "default"
2026-04-27 10:58:15 WARN  JpaBaseConfiguration$JpaWebConfiguration - spring.jpa.open-in-view is enabled by default. Therefore, database queries may be performed during view rendering. Explicitly configure spring.jpa.open-in-view to disable this warning
2026-04-27 10:58:16 INFO  ScmsApplication - Started ScmsApplication in 3.665 seconds (process running for 7061.513)
2026-04-27 10:58:17 INFO  ScmsApplication - Starting ScmsApplication using Java 21.0.9 with PID 21720 (C:\Users\revanth.bethala\eclipse-workspace\scms\target\classes started by revanth.bethala in C:\Users\revanth.bethala\eclipse-workspace\scms)
2026-04-27 10:58:17 DEBUG ScmsApplication - Running with Spring Boot v4.0.6, Spring v7.0.7
2026-04-27 10:58:17 INFO  ScmsApplication - No active profile set, falling back to 1 default profile: "default"
2026-04-27 10:58:20 WARN  JpaBaseConfiguration$JpaWebConfiguration - spring.jpa.open-in-view is enabled by default. Therefore, database queries may be performed during view rendering. Explicitly configure spring.jpa.open-in-view to disable this warning
2026-04-27 10:58:20 INFO  ScmsApplication - Started ScmsApplication in 3.318 seconds (process running for 7066.48)
2026-04-27 10:58:22 INFO  ScmsApplication - Starting ScmsApplication using Java 21.0.9 with PID 9672 (C:\Users\revanth.bethala\eclipse-workspace\scms\target\classes started by revanth.bethala in C:\Users\revanth.bethala\eclipse-workspace\scms)
2026-04-27 10:58:22 DEBUG ScmsApplication - Running with Spring Boot v4.0.6, Spring v7.0.7
2026-04-27 10:58:22 INFO  ScmsApplication - No active profile set, falling back to 1 default profile: "default"
2026-04-27 10:58:30 WARN  JpaBaseConfiguration$JpaWebConfiguration - spring.jpa.open-in-view is enabled by default. Therefore, database queries may be performed during view rendering. Explicitly configure spring.jpa.open-in-view to disable this warning
2026-04-27 10:58:31 WARN  AnnotationConfigServletWebServerApplicationContext - Exception encountered during context initialization - cancelling refresh attempt: org.springframework.context.ApplicationContextException: Failed to start bean 'webServerStartStop'
2026-04-27 10:58:31 ERROR LoggingFailureAnalysisReporter - 

***************************
APPLICATION FAILED TO START
***************************

Description:

Web server failed to start. Port 8080 was already in use.

Action:

Identify and stop the process that's listening on port 8080 or configure this application to listen on another port.

2026-04-27 10:58:31 ERROR GlobalExceptionHandler - Unhandled exception
org.springframework.web.bind.ServletRequestBindingException: Missing request attribute 'subject' of type Integer
	at org.springframework.web.servlet.mvc.method.annotation.RequestAttributeMethodArgumentResolver.handleMissingValue(RequestAttributeMethodArgumentResolver.java:59)
	at org.springframework.web.method.annotation.AbstractNamedValueMethodArgumentResolver.handleMissingValue(AbstractNamedValueMethodArgumentResolver.java:230)
	at org.springframework.web.method.annotation.AbstractNamedValueMethodArgumentResolver.resolveArgument(AbstractNamedValueMethodArgumentResolver.java:123)
	at org.springframework.web.method.support.HandlerMethodArgumentResolverComposite.resolveArgument(HandlerMethodArgumentResolverComposite.java:122)
	at org.springframework.web.method.support.InvocableHandlerMethod.getMethodArgumentValues(InvocableHandlerMethod.java:224)
	at org.springframework.web.method.support.InvocableHandlerMethod.invokeForRequest(InvocableHandlerMethod.java:174)
	at org.springframework.web.servlet.mvc.method.annotation.ServletInvocableHandlerMethod.invokeAndHandle(ServletInvocableHandlerMethod.java:117)
	at org.springframework.web.servlet.mvc.method.annotation.RequestMappingHandlerAdapter.invokeHandlerMethod(RequestMappingHandlerAdapter.java:934)
	at org.springframework.web.servlet.mvc.method.annotation.RequestMappingHandlerAdapter.handleInternal(RequestMappingHandlerAdapter.java:853)
	at org.springframework.web.servlet.mvc.method.AbstractHandlerMethodAdapter.handle(AbstractHandlerMethodAdapter.java:86)
	at org.springframework.web.servlet.DispatcherServlet.doDispatch(DispatcherServlet.java:963)
	at org.springframework.web.servlet.DispatcherServlet.doService(DispatcherServlet.java:866)
	at org.springframework.web.servlet.FrameworkServlet.processRequest(FrameworkServlet.java:1000)
	at org.springframework.web.servlet.FrameworkServlet.doGet(FrameworkServlet.java:892)
	at jakarta.servlet.http.HttpServlet.service(HttpServlet.java:622)
	at org.springframework.web.servlet.FrameworkServlet.service(FrameworkServlet.java:874)
	at jakarta.servlet.http.HttpServlet.service(HttpServlet.java:710)
	at org.apache.catalina.core.ApplicationFilterChain.doFilter(ApplicationFilterChain.java:128)
	at org.apache.tomcat.websocket.server.WsFilter.doFilter(WsFilter.java:53)
	at org.apache.catalina.core.ApplicationFilterChain.doFilter(ApplicationFilterChain.java:107)
	at org.springframework.web.filter.RequestContextFilter.doFilterInternal(RequestContextFilter.java:100)
	at org.springframework.web.filter.OncePerRequestFilter.doFilter(OncePerRequestFilter.java:116)
	at org.apache.catalina.core.ApplicationFilterChain.doFilter(ApplicationFilterChain.java:107)
	at org.springframework.web.filter.FormContentFilter.doFilterInternal(FormContentFilter.java:93)
	at org.springframework.web.filter.OncePerRequestFilter.doFilter(OncePerRequestFilter.java:116)
	at org.apache.catalina.core.ApplicationFilterChain.doFilter(ApplicationFilterChain.java:107)
	at org.springframework.web.filter.CharacterEncodingFilter.doFilterInternal(CharacterEncodingFilter.java:199)
	at org.springframework.web.filter.OncePerRequestFilter.doFilter(OncePerRequestFilter.java:116)
	at org.apache.catalina.core.ApplicationFilterChain.doFilter(ApplicationFilterChain.java:107)
	at org.apache.catalina.core.StandardWrapperValve.invoke(StandardWrapperValve.java:165)
	at org.apache.catalina.core.StandardContextValve.invoke(StandardContextValve.java:77)
	at org.apache.catalina.authenticator.AuthenticatorBase.invoke(AuthenticatorBase.java:492)
	at org.apache.catalina.core.StandardHostValve.invoke(StandardHostValve.java:113)
	at org.apache.catalina.valves.ErrorReportValve.invoke(ErrorReportValve.java:83)
	at org.apache.catalina.core.StandardEngineValve.invoke(StandardEngineValve.java:72)
	at org.apache.catalina.connector.CoyoteAdapter.service(CoyoteAdapter.java:341)
	at org.apache.coyote.http11.Http11Processor.service(Http11Processor.java:397)
	at org.apache.coyote.AbstractProcessorLight.process(AbstractProcessorLight.java:63)
	at org.apache.coyote.AbstractProtocol$ConnectionHandler.process(AbstractProtocol.java:903)
	at org.apache.tomcat.util.net.NioEndpoint$SocketProcessor.doRun(NioEndpoint.java:1801)
	at org.apache.tomcat.util.net.SocketProcessorBase.run(SocketProcessorBase.java:52)
	at org.apache.tomcat.util.threads.ThreadPoolExecutor.runWorker(ThreadPoolExecutor.java:946)
	at org.apache.tomcat.util.threads.ThreadPoolExecutor$Worker.run(ThreadPoolExecutor.java:480)
	at org.apache.tomcat.util.threads.TaskThread$WrappingRunnable.run(TaskThread.java:57)
	at java.base/java.lang.Thread.run(Thread.java:1583)
2026-04-27 10:58:31 WARN  ExceptionHandlerExceptionResolver - Resolved [org.springframework.web.bind.ServletRequestBindingException: Missing request attribute 'subject' of type Integer]
2026-04-27 11:00:02 INFO  ScmsApplication - Starting ScmsApplication using Java 21.0.9 with PID 21720 (C:\Users\revanth.bethala\eclipse-workspace\scms\target\classes started by revanth.bethala in C:\Users\revanth.bethala\eclipse-workspace\scms)
2026-04-27 11:00:02 DEBUG ScmsApplication - Running with Spring Boot v4.0.6, Spring v7.0.7
2026-04-27 11:00:02 INFO  ScmsApplication - No active profile set, falling back to 1 default profile: "default"
2026-04-27 11:00:05 WARN  JpaBaseConfiguration$JpaWebConfiguration - spring.jpa.open-in-view is enabled by default. Therefore, database queries may be performed during view rendering. Explicitly configure spring.jpa.open-in-view to disable this warning
2026-04-27 11:00:06 INFO  ScmsApplication - Started ScmsApplication in 3.333 seconds (process running for 7171.576)
2026-04-27 11:00:11 INFO  ScmsApplication - Starting ScmsApplication using Java 21.0.9 with PID 21720 (C:\Users\revanth.bethala\eclipse-workspace\scms\target\classes started by revanth.bethala in C:\Users\revanth.bethala\eclipse-workspace\scms)
2026-04-27 11:00:11 DEBUG ScmsApplication - Running with Spring Boot v4.0.6, Spring v7.0.7
2026-04-27 11:00:11 INFO  ScmsApplication - No active profile set, falling back to 1 default profile: "default"
2026-04-27 11:00:14 WARN  JpaBaseConfiguration$JpaWebConfiguration - spring.jpa.open-in-view is enabled by default. Therefore, database queries may be performed during view rendering. Explicitly configure spring.jpa.open-in-view to disable this warning
2026-04-27 11:00:14 INFO  ScmsApplication - Started ScmsApplication in 3.223 seconds (process running for 7180.483)
2026-04-27 11:00:16 INFO  ScmsApplication - Starting ScmsApplication using Java 21.0.9 with PID 21720 (C:\Users\revanth.bethala\eclipse-workspace\scms\target\classes started by revanth.bethala in C:\Users\revanth.bethala\eclipse-workspace\scms)
2026-04-27 11:00:16 DEBUG ScmsApplication - Running with Spring Boot v4.0.6, Spring v7.0.7
2026-04-27 11:00:16 INFO  ScmsApplication - No active profile set, falling back to 1 default profile: "default"
2026-04-27 11:00:19 WARN  JpaBaseConfiguration$JpaWebConfiguration - spring.jpa.open-in-view is enabled by default. Therefore, database queries may be performed during view rendering. Explicitly configure spring.jpa.open-in-view to disable this warning
2026-04-27 11:00:20 INFO  ScmsApplication - Started ScmsApplication in 3.242 seconds (process running for 7185.514)
2026-04-27 11:00:26 INFO  ScmsApplication - Starting ScmsApplication using Java 21.0.9 with PID 21720 (C:\Users\revanth.bethala\eclipse-workspace\scms\target\classes started by revanth.bethala in C:\Users\revanth.bethala\eclipse-workspace\scms)
2026-04-27 11:00:26 DEBUG ScmsApplication - Running with Spring Boot v4.0.6, Spring v7.0.7
2026-04-27 11:00:26 INFO  ScmsApplication - No active profile set, falling back to 1 default profile: "default"
2026-04-27 11:00:29 WARN  JpaBaseConfiguration$JpaWebConfiguration - spring.jpa.open-in-view is enabled by default. Therefore, database queries may be performed during view rendering. Explicitly configure spring.jpa.open-in-view to disable this warning
2026-04-27 11:00:30 INFO  ScmsApplication - Started ScmsApplication in 3.734 seconds (process running for 7196.059)
2026-04-27 11:01:09 INFO  ScmsApplication - Starting ScmsApplication using Java 21.0.9 with PID 21720 (C:\Users\revanth.bethala\eclipse-workspace\scms\target\classes started by revanth.bethala in C:\Users\revanth.bethala\eclipse-workspace\scms)
2026-04-27 11:01:09 DEBUG ScmsApplication - Running with Spring Boot v4.0.6, Spring v7.0.7
2026-04-27 11:01:09 INFO  ScmsApplication - No active profile set, falling back to 1 default profile: "default"
2026-04-27 11:01:13 WARN  JpaBaseConfiguration$JpaWebConfiguration - spring.jpa.open-in-view is enabled by default. Therefore, database queries may be performed during view rendering. Explicitly configure spring.jpa.open-in-view to disable this warning
2026-04-27 11:01:13 INFO  ScmsApplication - Started ScmsApplication in 4.027 seconds (process running for 7239.307)
2026-04-27 11:01:19 INFO  RequestLoggingAspect - Request: com.academy.scms.controller.CourseController.getStudents
2026-04-27 11:01:19 DEBUG RequestLoggingAspect - Args: [100, 3]
2026-04-27 11:01:19 INFO  ExecutionTimeAspect - CourseService.getStudentsByCourse(..) executed in 31 ms
2026-04-27 11:02:54 INFO  RequestLoggingAspect - Request: com.academy.scms.controller.AuthController.loginUser
2026-04-27 11:02:54 DEBUG RequestLoggingAspect - Args: [com.academy.scms.dto.LoginDto@7224ee48, org.springframework.validation.BeanPropertyBindingResult: 0 errors]
2026-04-27 11:02:54 INFO  ExecutionTimeAspect - AuthService.loginService(..) executed in 20 ms
2026-04-27 11:03:05 INFO  RequestLoggingAspect - Request: com.academy.scms.controller.CourseController.getStudents
2026-04-27 11:03:05 DEBUG RequestLoggingAspect - Args: [100, 2]
2026-04-27 11:03:05 INFO  ExecutionTimeAspect - CourseService.getStudentsByCourse(..) executed in 20 ms
2026-04-27 11:03:24 INFO  ScmsApplication - Starting ScmsApplication using Java 21.0.9 with PID 21720 (C:\Users\revanth.bethala\eclipse-workspace\scms\target\classes started by revanth.bethala in C:\Users\revanth.bethala\eclipse-workspace\scms)
2026-04-27 11:03:24 DEBUG ScmsApplication - Running with Spring Boot v4.0.6, Spring v7.0.7
2026-04-27 11:03:24 INFO  ScmsApplication - No active profile set, falling back to 1 default profile: "default"
2026-04-27 11:03:28 WARN  JpaBaseConfiguration$JpaWebConfiguration - spring.jpa.open-in-view is enabled by default. Therefore, database queries may be performed during view rendering. Explicitly configure spring.jpa.open-in-view to disable this warning
2026-04-27 11:03:28 INFO  ScmsApplication - Started ScmsApplication in 3.99 seconds (process running for 7373.841)
2026-04-27 11:03:43 INFO  ScmsApplication - Starting ScmsApplication using Java 21.0.9 with PID 21720 (C:\Users\revanth.bethala\eclipse-workspace\scms\target\classes started by revanth.bethala in C:\Users\revanth.bethala\eclipse-workspace\scms)
2026-04-27 11:03:43 DEBUG ScmsApplication - Running with Spring Boot v4.0.6, Spring v7.0.7
2026-04-27 11:03:43 INFO  ScmsApplication - No active profile set, falling back to 1 default profile: "default"
2026-04-27 11:03:45 WARN  JpaBaseConfiguration$JpaWebConfiguration - spring.jpa.open-in-view is enabled by default. Therefore, database queries may be performed during view rendering. Explicitly configure spring.jpa.open-in-view to disable this warning
2026-04-27 11:03:46 INFO  ScmsApplication - Started ScmsApplication in 3.105 seconds (process running for 7391.753)
2026-04-27 11:03:48 INFO  ScmsApplication - Starting ScmsApplication using Java 21.0.9 with PID 21720 (C:\Users\revanth.bethala\eclipse-workspace\scms\target\classes started by revanth.bethala in C:\Users\revanth.bethala\eclipse-workspace\scms)
2026-04-27 11:03:48 DEBUG ScmsApplication - Running with Spring Boot v4.0.6, Spring v7.0.7
2026-04-27 11:03:48 INFO  ScmsApplication - No active profile set, falling back to 1 default profile: "default"
2026-04-27 11:03:50 WARN  JpaBaseConfiguration$JpaWebConfiguration - spring.jpa.open-in-view is enabled by default. Therefore, database queries may be performed during view rendering. Explicitly configure spring.jpa.open-in-view to disable this warning
2026-04-27 11:03:50 INFO  ScmsApplication - Started ScmsApplication in 1.851 seconds (process running for 7396.134)
2026-04-27 11:03:52 INFO  ScmsApplication - Starting ScmsApplication using Java 21.0.9 with PID 21720 (C:\Users\revanth.bethala\eclipse-workspace\scms\target\classes started by revanth.bethala in C:\Users\revanth.bethala\eclipse-workspace\scms)
2026-04-27 11:03:52 DEBUG ScmsApplication - Running with Spring Boot v4.0.6, Spring v7.0.7
2026-04-27 11:03:52 INFO  ScmsApplication - No active profile set, falling back to 1 default profile: "default"
2026-04-27 11:03:53 WARN  JpaBaseConfiguration$JpaWebConfiguration - spring.jpa.open-in-view is enabled by default. Therefore, database queries may be performed during view rendering. Explicitly configure spring.jpa.open-in-view to disable this warning
2026-04-27 11:03:54 INFO  ScmsApplication - Started ScmsApplication in 1.843 seconds (process running for 7399.752)
2026-04-27 11:04:06 INFO  ScmsApplication - Starting ScmsApplication using Java 21.0.9 with PID 21720 (C:\Users\revanth.bethala\eclipse-workspace\scms\target\classes started by revanth.bethala in C:\Users\revanth.bethala\eclipse-workspace\scms)
2026-04-27 11:04:06 DEBUG ScmsApplication - Running with Spring Boot v4.0.6, Spring v7.0.7
2026-04-27 11:04:06 INFO  ScmsApplication - No active profile set, falling back to 1 default profile: "default"
2026-04-27 11:04:07 WARN  JpaBaseConfiguration$JpaWebConfiguration - spring.jpa.open-in-view is enabled by default. Therefore, database queries may be performed during view rendering. Explicitly configure spring.jpa.open-in-view to disable this warning
2026-04-27 11:04:08 INFO  ScmsApplication - Started ScmsApplication in 2.246 seconds (process running for 7413.952)
2026-04-27 11:04:20 INFO  ScmsApplication - Starting ScmsApplication using Java 21.0.9 with PID 21720 (C:\Users\revanth.bethala\eclipse-workspace\scms\target\classes started by revanth.bethala in C:\Users\revanth.bethala\eclipse-workspace\scms)
2026-04-27 11:04:20 DEBUG ScmsApplication - Running with Spring Boot v4.0.6, Spring v7.0.7
2026-04-27 11:04:20 INFO  ScmsApplication - No active profile set, falling back to 1 default profile: "default"
2026-04-27 11:04:21 WARN  JpaBaseConfiguration$JpaWebConfiguration - spring.jpa.open-in-view is enabled by default. Therefore, database queries may be performed during view rendering. Explicitly configure spring.jpa.open-in-view to disable this warning
2026-04-27 11:04:22 INFO  ScmsApplication - Started ScmsApplication in 1.904 seconds (process running for 7427.764)
2026-04-27 11:04:36 INFO  ScmsApplication - Starting ScmsApplication using Java 21.0.9 with PID 21720 (C:\Users\revanth.bethala\eclipse-workspace\scms\target\classes started by revanth.bethala in C:\Users\revanth.bethala\eclipse-workspace\scms)
2026-04-27 11:04:36 DEBUG ScmsApplication - Running with Spring Boot v4.0.6, Spring v7.0.7
2026-04-27 11:04:36 INFO  ScmsApplication - No active profile set, falling back to 1 default profile: "default"
2026-04-27 11:04:39 WARN  JpaBaseConfiguration$JpaWebConfiguration - spring.jpa.open-in-view is enabled by default. Therefore, database queries may be performed during view rendering. Explicitly configure spring.jpa.open-in-view to disable this warning
2026-04-27 11:04:39 INFO  ScmsApplication - Started ScmsApplication in 3.125 seconds (process running for 7444.895)
2026-04-27 11:05:01 INFO  ScmsApplication - Starting ScmsApplication using Java 21.0.9 with PID 21720 (C:\Users\revanth.bethala\eclipse-workspace\scms\target\classes started by revanth.bethala in C:\Users\revanth.bethala\eclipse-workspace\scms)
2026-04-27 11:05:01 DEBUG ScmsApplication - Running with Spring Boot v4.0.6, Spring v7.0.7
2026-04-27 11:05:01 INFO  ScmsApplication - No active profile set, falling back to 1 default profile: "default"
2026-04-27 11:05:03 WARN  JpaBaseConfiguration$JpaWebConfiguration - spring.jpa.open-in-view is enabled by default. Therefore, database queries may be performed during view rendering. Explicitly configure spring.jpa.open-in-view to disable this warning
2026-04-27 11:05:03 INFO  ScmsApplication - Started ScmsApplication in 2.049 seconds (process running for 7469.317)
2026-04-27 11:05:05 INFO  ScmsApplication - Starting ScmsApplication using Java 21.0.9 with PID 21720 (C:\Users\revanth.bethala\eclipse-workspace\scms\target\classes started by revanth.bethala in C:\Users\revanth.bethala\eclipse-workspace\scms)
2026-04-27 11:05:05 DEBUG ScmsApplication - Running with Spring Boot v4.0.6, Spring v7.0.7
2026-04-27 11:05:05 INFO  ScmsApplication - No active profile set, falling back to 1 default profile: "default"
2026-04-27 11:05:08 WARN  JpaBaseConfiguration$JpaWebConfiguration - spring.jpa.open-in-view is enabled by default. Therefore, database queries may be performed during view rendering. Explicitly configure spring.jpa.open-in-view to disable this warning
2026-04-27 11:05:08 INFO  ScmsApplication - Started ScmsApplication in 2.913 seconds (process running for 7474.152)
2026-04-27 11:05:19 INFO  RequestLoggingAspect - Request: com.academy.scms.controller.CourseController.getStudents
2026-04-27 11:05:19 DEBUG RequestLoggingAspect - Args: [100, 2]
2026-04-27 11:05:19 INFO  ExecutionTimeAspect - CourseService.getStudentsByCourse(..) executed in 19 ms
2026-04-27 11:05:38 INFO  ScmsApplication - Starting ScmsApplication using Java 21.0.9 with PID 21720 (C:\Users\revanth.bethala\eclipse-workspace\scms\target\classes started by revanth.bethala in C:\Users\revanth.bethala\eclipse-workspace\scms)
2026-04-27 11:05:38 DEBUG ScmsApplication - Running with Spring Boot v4.0.6, Spring v7.0.7
2026-04-27 11:05:38 INFO  ScmsApplication - No active profile set, falling back to 1 default profile: "default"
2026-04-27 11:05:42 WARN  JpaBaseConfiguration$JpaWebConfiguration - spring.jpa.open-in-view is enabled by default. Therefore, database queries may be performed during view rendering. Explicitly configure spring.jpa.open-in-view to disable this warning
2026-04-27 11:05:42 INFO  ScmsApplication - Started ScmsApplication in 4.302 seconds (process running for 7508.145)
2026-04-27 11:05:45 INFO  ScmsApplication - Starting ScmsApplication using Java 21.0.9 with PID 21720 (C:\Users\revanth.bethala\eclipse-workspace\scms\target\classes started by revanth.bethala in C:\Users\revanth.bethala\eclipse-workspace\scms)
2026-04-27 11:05:45 DEBUG ScmsApplication - Running with Spring Boot v4.0.6, Spring v7.0.7
2026-04-27 11:05:45 INFO  ScmsApplication - No active profile set, falling back to 1 default profile: "default"
2026-04-27 11:05:48 WARN  JpaBaseConfiguration$JpaWebConfiguration - spring.jpa.open-in-view is enabled by default. Therefore, database queries may be performed during view rendering. Explicitly configure spring.jpa.open-in-view to disable this warning
2026-04-27 11:05:48 INFO  ScmsApplication - Started ScmsApplication in 3.224 seconds (process running for 7513.896)
2026-04-27 11:05:51 INFO  RequestLoggingAspect - Request: com.academy.scms.controller.CourseController.getStudents
2026-04-27 11:05:51 DEBUG RequestLoggingAspect - Args: [100, 2]
2026-04-27 11:05:51 INFO  ExecutionTimeAspect - CourseService.getStudentsByCourse(..) executed in 23 ms
2026-04-27 11:06:16 INFO  ScmsApplication - Starting ScmsApplication using Java 21.0.9 with PID 21720 (C:\Users\revanth.bethala\eclipse-workspace\scms\target\classes started by revanth.bethala in C:\Users\revanth.bethala\eclipse-workspace\scms)
2026-04-27 11:06:16 DEBUG ScmsApplication - Running with Spring Boot v4.0.6, Spring v7.0.7
2026-04-27 11:06:16 INFO  ScmsApplication - No active profile set, falling back to 1 default profile: "default"
2026-04-27 11:06:17 WARN  JpaBaseConfiguration$JpaWebConfiguration - spring.jpa.open-in-view is enabled by default. Therefore, database queries may be performed during view rendering. Explicitly configure spring.jpa.open-in-view to disable this warning
2026-04-27 11:06:17 INFO  ScmsApplication - Started ScmsApplication in 1.839 seconds (process running for 7543.361)
2026-04-27 11:06:20 INFO  ScmsApplication - Starting ScmsApplication using Java 21.0.9 with PID 21720 (C:\Users\revanth.bethala\eclipse-workspace\scms\target\classes started by revanth.bethala in C:\Users\revanth.bethala\eclipse-workspace\scms)
2026-04-27 11:06:20 DEBUG ScmsApplication - Running with Spring Boot v4.0.6, Spring v7.0.7
2026-04-27 11:06:20 INFO  ScmsApplication - No active profile set, falling back to 1 default profile: "default"
2026-04-27 11:06:21 WARN  JpaBaseConfiguration$JpaWebConfiguration - spring.jpa.open-in-view is enabled by default. Therefore, database queries may be performed during view rendering. Explicitly configure spring.jpa.open-in-view to disable this warning
2026-04-27 11:06:22 INFO  ScmsApplication - Started ScmsApplication in 1.735 seconds (process running for 7547.736)
2026-04-27 11:06:33 INFO  ScmsApplication - Starting ScmsApplication using Java 21.0.9 with PID 21720 (C:\Users\revanth.bethala\eclipse-workspace\scms\target\classes started by revanth.bethala in C:\Users\revanth.bethala\eclipse-workspace\scms)
2026-04-27 11:06:33 DEBUG ScmsApplication - Running with Spring Boot v4.0.6, Spring v7.0.7
2026-04-27 11:06:33 INFO  ScmsApplication - No active profile set, falling back to 1 default profile: "default"
2026-04-27 11:06:34 WARN  JpaBaseConfiguration$JpaWebConfiguration - spring.jpa.open-in-view is enabled by default. Therefore, database queries may be performed during view rendering. Explicitly configure spring.jpa.open-in-view to disable this warning
2026-04-27 11:06:34 INFO  ScmsApplication - Started ScmsApplication in 1.679 seconds (process running for 7560.356)
2026-04-27 11:10:39 INFO  ScmsApplication - Starting ScmsApplication using Java 21.0.9 with PID 21720 (C:\Users\revanth.bethala\eclipse-workspace\scms\target\classes started by revanth.bethala in C:\Users\revanth.bethala\eclipse-workspace\scms)
2026-04-27 11:10:39 DEBUG ScmsApplication - Running with Spring Boot v4.0.6, Spring v7.0.7
2026-04-27 11:10:39 INFO  ScmsApplication - No active profile set, falling back to 1 default profile: "default"
2026-04-27 11:10:41 WARN  JpaBaseConfiguration$JpaWebConfiguration - spring.jpa.open-in-view is enabled by default. Therefore, database queries may be performed during view rendering. Explicitly configure spring.jpa.open-in-view to disable this warning
2026-04-27 11:10:42 INFO  ScmsApplication - Started ScmsApplication in 3.357 seconds (process running for 7807.85)
2026-04-27 11:11:25 INFO  ScmsApplication - Starting ScmsApplication using Java 21.0.9 with PID 21720 (C:\Users\revanth.bethala\eclipse-workspace\scms\target\classes started by revanth.bethala in C:\Users\revanth.bethala\eclipse-workspace\scms)
2026-04-27 11:11:25 DEBUG ScmsApplication - Running with Spring Boot v4.0.6, Spring v7.0.7
2026-04-27 11:11:25 INFO  ScmsApplication - No active profile set, falling back to 1 default profile: "default"
2026-04-27 11:11:28 WARN  JpaBaseConfiguration$JpaWebConfiguration - spring.jpa.open-in-view is enabled by default. Therefore, database queries may be performed during view rendering. Explicitly configure spring.jpa.open-in-view to disable this warning
2026-04-27 11:11:29 INFO  ScmsApplication - Started ScmsApplication in 3.404 seconds (process running for 7854.626)
2026-04-27 11:11:31 INFO  ScmsApplication - Starting ScmsApplication using Java 21.0.9 with PID 21720 (C:\Users\revanth.bethala\eclipse-workspace\scms\target\classes started by revanth.bethala in C:\Users\revanth.bethala\eclipse-workspace\scms)
2026-04-27 11:11:31 DEBUG ScmsApplication - Running with Spring Boot v4.0.6, Spring v7.0.7
2026-04-27 11:11:31 INFO  ScmsApplication - No active profile set, falling back to 1 default profile: "default"
2026-04-27 11:11:33 WARN  JpaBaseConfiguration$JpaWebConfiguration - spring.jpa.open-in-view is enabled by default. Therefore, database queries may be performed during view rendering. Explicitly configure spring.jpa.open-in-view to disable this warning
2026-04-27 11:11:33 INFO  ScmsApplication - Started ScmsApplication in 1.963 seconds (process running for 7859.204)
2026-04-27 11:11:35 INFO  ScmsApplication - Starting ScmsApplication using Java 21.0.9 with PID 21720 (C:\Users\revanth.bethala\eclipse-workspace\scms\target\classes started by revanth.bethala in C:\Users\revanth.bethala\eclipse-workspace\scms)
2026-04-27 11:11:35 DEBUG ScmsApplication - Running with Spring Boot v4.0.6, Spring v7.0.7
2026-04-27 11:11:35 INFO  ScmsApplication - No active profile set, falling back to 1 default profile: "default"
2026-04-27 11:11:36 WARN  JpaBaseConfiguration$JpaWebConfiguration - spring.jpa.open-in-view is enabled by default. Therefore, database queries may be performed during view rendering. Explicitly configure spring.jpa.open-in-view to disable this warning
2026-04-27 11:11:37 INFO  ScmsApplication - Started ScmsApplication in 1.645 seconds (process running for 7862.677)
2026-04-27 11:11:54 INFO  ScmsApplication - Starting ScmsApplication using Java 21.0.9 with PID 21720 (C:\Users\revanth.bethala\eclipse-workspace\scms\target\classes started by revanth.bethala in C:\Users\revanth.bethala\eclipse-workspace\scms)
2026-04-27 11:11:54 DEBUG ScmsApplication - Running with Spring Boot v4.0.6, Spring v7.0.7
2026-04-27 11:11:54 INFO  ScmsApplication - No active profile set, falling back to 1 default profile: "default"
2026-04-27 11:11:55 WARN  AnnotationConfigServletWebServerApplicationContext - Exception encountered during context initialization - cancelling refresh attempt: org.springframework.beans.factory.UnsatisfiedDependencyException: Error creating bean with name 'webConfig': Unsatisfied dependency expressed through field 'jwtInterceptor': Error creating bean with name 'authInterceptor' defined in file [C:\Users\revanth.bethala\eclipse-workspace\scms\target\classes\com\academy\scms\security\AuthInterceptor.class]: Unsatisfied dependency expressed through constructor parameter 0: Error creating bean with name 'jwtUtil' defined in file [C:\Users\revanth.bethala\eclipse-workspace\scms\target\classes\com\academy\scms\security\JwtUtil.class]: Failed to instantiate [com.academy.scms.security.JwtUtil]: Constructor threw exception
2026-04-27 11:11:55 ERROR SpringApplication - Application run failed
org.springframework.beans.factory.UnsatisfiedDependencyException: Error creating bean with name 'webConfig': Unsatisfied dependency expressed through field 'jwtInterceptor': Error creating bean with name 'authInterceptor' defined in file [C:\Users\revanth.bethala\eclipse-workspace\scms\target\classes\com\academy\scms\security\AuthInterceptor.class]: Unsatisfied dependency expressed through constructor parameter 0: Error creating bean with name 'jwtUtil' defined in file [C:\Users\revanth.bethala\eclipse-workspace\scms\target\classes\com\academy\scms\security\JwtUtil.class]: Failed to instantiate [com.academy.scms.security.JwtUtil]: Constructor threw exception
	at org.springframework.beans.factory.annotation.AutowiredAnnotationBeanPostProcessor$AutowiredFieldElement.resolveFieldValue(AutowiredAnnotationBeanPostProcessor.java:767)
	at org.springframework.beans.factory.annotation.AutowiredAnnotationBeanPostProcessor$AutowiredFieldElement.inject(AutowiredAnnotationBeanPostProcessor.java:748)
	at org.springframework.beans.factory.annotation.InjectionMetadata.inject(InjectionMetadata.java:146)
	at org.springframework.beans.factory.annotation.AutowiredAnnotationBeanPostProcessor.postProcessProperties(AutowiredAnnotationBeanPostProcessor.java:493)
	at org.springframework.beans.factory.support.AbstractAutowireCapableBeanFactory.populateBean(AbstractAutowireCapableBeanFactory.java:1446)
	at org.springframework.beans.factory.support.AbstractAutowireCapableBeanFactory.doCreateBean(AbstractAutowireCapableBeanFactory.java:602)
	at org.springframework.beans.factory.support.AbstractAutowireCapableBeanFactory.createBean(AbstractAutowireCapableBeanFactory.java:525)
	at org.springframework.beans.factory.support.AbstractBeanFactory.lambda$doGetBean$0(AbstractBeanFactory.java:333)
	at org.springframework.beans.factory.support.DefaultSingletonBeanRegistry.getSingleton(DefaultSingletonBeanRegistry.java:371)
	at org.springframework.beans.factory.support.AbstractBeanFactory.doGetBean(AbstractBeanFactory.java:331)
	at org.springframework.beans.factory.support.AbstractBeanFactory.getBean(AbstractBeanFactory.java:196)
	at org.springframework.beans.factory.support.DefaultListableBeanFactory.instantiateSingleton(DefaultListableBeanFactory.java:1218)
	at org.springframework.beans.factory.support.DefaultListableBeanFactory.preInstantiateSingleton(DefaultListableBeanFactory.java:1184)
	at org.springframework.beans.factory.support.DefaultListableBeanFactory.preInstantiateSingletons(DefaultListableBeanFactory.java:1121)
	at org.springframework.context.support.AbstractApplicationContext.finishBeanFactoryInitialization(AbstractApplicationContext.java:994)
	at org.springframework.context.support.AbstractApplicationContext.refresh(AbstractApplicationContext.java:621)
	at org.springframework.boot.web.server.servlet.context.ServletWebServerApplicationContext.refresh(ServletWebServerApplicationContext.java:143)
	at org.springframework.boot.SpringApplication.refresh(SpringApplication.java:756)
	at org.springframework.boot.SpringApplication.refreshContext(SpringApplication.java:445)
	at org.springframework.boot.SpringApplication.run(SpringApplication.java:321)
	at org.springframework.boot.SpringApplication.run(SpringApplication.java:1365)
	at org.springframework.boot.SpringApplication.run(SpringApplication.java:1354)
	at com.academy.scms.ScmsApplication.main(ScmsApplication.java:10)
	at java.base/jdk.internal.reflect.DirectMethodHandleAccessor.invoke(DirectMethodHandleAccessor.java:103)
	at java.base/java.lang.reflect.Method.invoke(Method.java:580)
	at org.springframework.boot.devtools.restart.RestartLauncher.run(RestartLauncher.java:52)
Caused by: org.springframework.beans.factory.UnsatisfiedDependencyException: Error creating bean with name 'authInterceptor' defined in file [C:\Users\revanth.bethala\eclipse-workspace\scms\target\classes\com\academy\scms\security\AuthInterceptor.class]: Unsatisfied dependency expressed through constructor parameter 0: Error creating bean with name 'jwtUtil' defined in file [C:\Users\revanth.bethala\eclipse-workspace\scms\target\classes\com\academy\scms\security\JwtUtil.class]: Failed to instantiate [com.academy.scms.security.JwtUtil]: Constructor threw exception
	at org.springframework.beans.factory.support.ConstructorResolver.createArgumentArray(ConstructorResolver.java:804)
	at org.springframework.beans.factory.support.ConstructorResolver.autowireConstructor(ConstructorResolver.java:240)
	at org.springframework.beans.factory.support.AbstractAutowireCapableBeanFactory.autowireConstructor(AbstractAutowireCapableBeanFactory.java:1382)
	at org.springframework.beans.factory.support.AbstractAutowireCapableBeanFactory.createBeanInstance(AbstractAutowireCapableBeanFactory.java:1221)
	at org.springframework.beans.factory.support.AbstractAutowireCapableBeanFactory.doCreateBean(AbstractAutowireCapableBeanFactory.java:565)
	at org.springframework.beans.factory.support.AbstractAutowireCapableBeanFactory.createBean(AbstractAutowireCapableBeanFactory.java:525)
	at org.springframework.beans.factory.support.AbstractBeanFactory.lambda$doGetBean$0(AbstractBeanFactory.java:333)
	at org.springframework.beans.factory.support.DefaultSingletonBeanRegistry.getSingleton(DefaultSingletonBeanRegistry.java:371)
	at org.springframework.beans.factory.support.AbstractBeanFactory.doGetBean(AbstractBeanFactory.java:331)
	at org.springframework.beans.factory.support.AbstractBeanFactory.getBean(AbstractBeanFactory.java:201)
	at org.springframework.beans.factory.config.DependencyDescriptor.resolveCandidate(DependencyDescriptor.java:229)
	at org.springframework.beans.factory.support.DefaultListableBeanFactory.doResolveDependency(DefaultListableBeanFactory.java:1762)
	at org.springframework.beans.factory.support.DefaultListableBeanFactory.resolveDependency(DefaultListableBeanFactory.java:1651)
	at org.springframework.beans.factory.annotation.AutowiredAnnotationBeanPostProcessor$AutowiredFieldElement.resolveFieldValue(AutowiredAnnotationBeanPostProcessor.java:764)
	... 25 more
Caused by: org.springframework.beans.factory.BeanCreationException: Error creating bean with name 'jwtUtil' defined in file [C:\Users\revanth.bethala\eclipse-workspace\scms\target\classes\com\academy\scms\security\JwtUtil.class]: Failed to instantiate [com.academy.scms.security.JwtUtil]: Constructor threw exception
	at org.springframework.beans.factory.support.AbstractAutowireCapableBeanFactory.instantiateBean(AbstractAutowireCapableBeanFactory.java:1344)
	at org.springframework.beans.factory.support.AbstractAutowireCapableBeanFactory.createBeanInstance(AbstractAutowireCapableBeanFactory.java:1231)
	at org.springframework.beans.factory.support.AbstractAutowireCapableBeanFactory.doCreateBean(AbstractAutowireCapableBeanFactory.java:565)
	at org.springframework.beans.factory.support.AbstractAutowireCapableBeanFactory.createBean(AbstractAutowireCapableBeanFactory.java:525)
	at org.springframework.beans.factory.support.AbstractBeanFactory.lambda$doGetBean$0(AbstractBeanFactory.java:333)
	at org.springframework.beans.factory.support.DefaultSingletonBeanRegistry.getSingleton(DefaultSingletonBeanRegistry.java:371)
	at org.springframework.beans.factory.support.AbstractBeanFactory.doGetBean(AbstractBeanFactory.java:331)
	at org.springframework.beans.factory.support.AbstractBeanFactory.getBean(AbstractBeanFactory.java:201)
	at org.springframework.beans.factory.support.DefaultListableBeanFactory.resolveBean(DefaultListableBeanFactory.java:1225)
	at org.springframework.beans.factory.support.DefaultListableBeanFactory.doResolveDependency(DefaultListableBeanFactory.java:1704)
	at org.springframework.beans.factory.support.DefaultListableBeanFactory.resolveDependency(DefaultListableBeanFactory.java:1651)
	at org.springframework.beans.factory.support.ConstructorResolver.resolveAutowiredArgument(ConstructorResolver.java:912)
	at org.springframework.beans.factory.support.ConstructorResolver.createArgumentArray(ConstructorResolver.java:791)
	... 38 more
Caused by: org.springframework.beans.BeanInstantiationException: Failed to instantiate [com.academy.scms.security.JwtUtil]: Constructor threw exception
	at org.springframework.beans.BeanUtils.instantiateClass(BeanUtils.java:220)
	at org.springframework.beans.factory.support.SimpleInstantiationStrategy.instantiate(SimpleInstantiationStrategy.java:106)
	at org.springframework.beans.factory.support.AbstractAutowireCapableBeanFactory.instantiateBean(AbstractAutowireCapableBeanFactory.java:1338)
	... 50 more
Caused by: java.lang.Error: Unresolved compilation problem: 
	Syntax error on token "@", Identifier expected after this token

	at com.academy.scms.security.JwtUtil.<init>(JwtUtil.java:22)
	at java.base/jdk.internal.reflect.DirectConstructorHandleAccessor.newInstance(DirectConstructorHandleAccessor.java:62)
	at java.base/java.lang.reflect.Constructor.newInstanceWithCaller(Constructor.java:502)
	at java.base/java.lang.reflect.Constructor.newInstance(Constructor.java:486)
	at org.springframework.beans.BeanUtils.instantiateClass(BeanUtils.java:194)
	... 52 more
2026-04-27 11:12:02 INFO  ScmsApplication - Starting ScmsApplication using Java 21.0.9 with PID 21720 (C:\Users\revanth.bethala\eclipse-workspace\scms\target\classes started by revanth.bethala in C:\Users\revanth.bethala\eclipse-workspace\scms)
2026-04-27 11:12:02 DEBUG ScmsApplication - Running with Spring Boot v4.0.6, Spring v7.0.7
2026-04-27 11:12:02 INFO  ScmsApplication - No active profile set, falling back to 1 default profile: "default"
2026-04-27 11:12:03 WARN  JpaBaseConfiguration$JpaWebConfiguration - spring.jpa.open-in-view is enabled by default. Therefore, database queries may be performed during view rendering. Explicitly configure spring.jpa.open-in-view to disable this warning
2026-04-27 11:12:04 INFO  ScmsApplication - Started ScmsApplication in 1.944 seconds (process running for 7889.7)
2026-04-27 11:12:05 INFO  ScmsApplication - Starting ScmsApplication using Java 21.0.9 with PID 21720 (C:\Users\revanth.bethala\eclipse-workspace\scms\target\classes started by revanth.bethala in C:\Users\revanth.bethala\eclipse-workspace\scms)
2026-04-27 11:12:05 DEBUG ScmsApplication - Running with Spring Boot v4.0.6, Spring v7.0.7
2026-04-27 11:12:05 INFO  ScmsApplication - No active profile set, falling back to 1 default profile: "default"
2026-04-27 11:12:07 WARN  JpaBaseConfiguration$JpaWebConfiguration - spring.jpa.open-in-view is enabled by default. Therefore, database queries may be performed during view rendering. Explicitly configure spring.jpa.open-in-view to disable this warning
2026-04-27 11:12:07 INFO  ScmsApplication - Started ScmsApplication in 1.905 seconds (process running for 7893.32)
2026-04-27 11:12:10 INFO  ScmsApplication - Starting ScmsApplication using Java 21.0.9 with PID 21720 (C:\Users\revanth.bethala\eclipse-workspace\scms\target\classes started by revanth.bethala in C:\Users\revanth.bethala\eclipse-workspace\scms)
2026-04-27 11:12:10 DEBUG ScmsApplication - Running with Spring Boot v4.0.6, Spring v7.0.7
2026-04-27 11:12:10 INFO  ScmsApplication - No active profile set, falling back to 1 default profile: "default"
2026-04-27 11:12:11 WARN  AnnotationConfigServletWebServerApplicationContext - Exception encountered during context initialization - cancelling refresh attempt: org.springframework.beans.factory.UnsatisfiedDependencyException: Error creating bean with name 'webConfig': Unsatisfied dependency expressed through field 'jwtInterceptor': Error creating bean with name 'authInterceptor' defined in file [C:\Users\revanth.bethala\eclipse-workspace\scms\target\classes\com\academy\scms\security\AuthInterceptor.class]: Unsatisfied dependency expressed through constructor parameter 0: Error creating bean with name 'jwtUtil' defined in file [C:\Users\revanth.bethala\eclipse-workspace\scms\target\classes\com\academy\scms\security\JwtUtil.class]: Failed to instantiate [com.academy.scms.security.JwtUtil]: Constructor threw exception
2026-04-27 11:12:12 ERROR SpringApplication - Application run failed
org.springframework.beans.factory.UnsatisfiedDependencyException: Error creating bean with name 'webConfig': Unsatisfied dependency expressed through field 'jwtInterceptor': Error creating bean with name 'authInterceptor' defined in file [C:\Users\revanth.bethala\eclipse-workspace\scms\target\classes\com\academy\scms\security\AuthInterceptor.class]: Unsatisfied dependency expressed through constructor parameter 0: Error creating bean with name 'jwtUtil' defined in file [C:\Users\revanth.bethala\eclipse-workspace\scms\target\classes\com\academy\scms\security\JwtUtil.class]: Failed to instantiate [com.academy.scms.security.JwtUtil]: Constructor threw exception
	at org.springframework.beans.factory.annotation.AutowiredAnnotationBeanPostProcessor$AutowiredFieldElement.resolveFieldValue(AutowiredAnnotationBeanPostProcessor.java:767)
	at org.springframework.beans.factory.annotation.AutowiredAnnotationBeanPostProcessor$AutowiredFieldElement.inject(AutowiredAnnotationBeanPostProcessor.java:748)
	at org.springframework.beans.factory.annotation.InjectionMetadata.inject(InjectionMetadata.java:146)
	at org.springframework.beans.factory.annotation.AutowiredAnnotationBeanPostProcessor.postProcessProperties(AutowiredAnnotationBeanPostProcessor.java:493)
	at org.springframework.beans.factory.support.AbstractAutowireCapableBeanFactory.populateBean(AbstractAutowireCapableBeanFactory.java:1446)
	at org.springframework.beans.factory.support.AbstractAutowireCapableBeanFactory.doCreateBean(AbstractAutowireCapableBeanFactory.java:602)
	at org.springframework.beans.factory.support.AbstractAutowireCapableBeanFactory.createBean(AbstractAutowireCapableBeanFactory.java:525)
	at org.springframework.beans.factory.support.AbstractBeanFactory.lambda$doGetBean$0(AbstractBeanFactory.java:333)
	at org.springframework.beans.factory.support.DefaultSingletonBeanRegistry.getSingleton(DefaultSingletonBeanRegistry.java:371)
	at org.springframework.beans.factory.support.AbstractBeanFactory.doGetBean(AbstractBeanFactory.java:331)
	at org.springframework.beans.factory.support.AbstractBeanFactory.getBean(AbstractBeanFactory.java:196)
	at org.springframework.beans.factory.support.DefaultListableBeanFactory.instantiateSingleton(DefaultListableBeanFactory.java:1218)
	at org.springframework.beans.factory.support.DefaultListableBeanFactory.preInstantiateSingleton(DefaultListableBeanFactory.java:1184)
	at org.springframework.beans.factory.support.DefaultListableBeanFactory.preInstantiateSingletons(DefaultListableBeanFactory.java:1121)
	at org.springframework.context.support.AbstractApplicationContext.finishBeanFactoryInitialization(AbstractApplicationContext.java:994)
	at org.springframework.context.support.AbstractApplicationContext.refresh(AbstractApplicationContext.java:621)
	at org.springframework.boot.web.server.servlet.context.ServletWebServerApplicationContext.refresh(ServletWebServerApplicationContext.java:143)
	at org.springframework.boot.SpringApplication.refresh(SpringApplication.java:756)
	at org.springframework.boot.SpringApplication.refreshContext(SpringApplication.java:445)
	at org.springframework.boot.SpringApplication.run(SpringApplication.java:321)
	at org.springframework.boot.SpringApplication.run(SpringApplication.java:1365)
	at org.springframework.boot.SpringApplication.run(SpringApplication.java:1354)
	at com.academy.scms.ScmsApplication.main(ScmsApplication.java:10)
	at java.base/jdk.internal.reflect.DirectMethodHandleAccessor.invoke(DirectMethodHandleAccessor.java:103)
	at java.base/java.lang.reflect.Method.invoke(Method.java:580)
	at org.springframework.boot.devtools.restart.RestartLauncher.run(RestartLauncher.java:52)
Caused by: org.springframework.beans.factory.UnsatisfiedDependencyException: Error creating bean with name 'authInterceptor' defined in file [C:\Users\revanth.bethala\eclipse-workspace\scms\target\classes\com\academy\scms\security\AuthInterceptor.class]: Unsatisfied dependency expressed through constructor parameter 0: Error creating bean with name 'jwtUtil' defined in file [C:\Users\revanth.bethala\eclipse-workspace\scms\target\classes\com\academy\scms\security\JwtUtil.class]: Failed to instantiate [com.academy.scms.security.JwtUtil]: Constructor threw exception
	at org.springframework.beans.factory.support.ConstructorResolver.createArgumentArray(ConstructorResolver.java:804)
	at org.springframework.beans.factory.support.ConstructorResolver.autowireConstructor(ConstructorResolver.java:240)
	at org.springframework.beans.factory.support.AbstractAutowireCapableBeanFactory.autowireConstructor(AbstractAutowireCapableBeanFactory.java:1382)
	at org.springframework.beans.factory.support.AbstractAutowireCapableBeanFactory.createBeanInstance(AbstractAutowireCapableBeanFactory.java:1221)
	at org.springframework.beans.factory.support.AbstractAutowireCapableBeanFactory.doCreateBean(AbstractAutowireCapableBeanFactory.java:565)
	at org.springframework.beans.factory.support.AbstractAutowireCapableBeanFactory.createBean(AbstractAutowireCapableBeanFactory.java:525)
	at org.springframework.beans.factory.support.AbstractBeanFactory.lambda$doGetBean$0(AbstractBeanFactory.java:333)
	at org.springframework.beans.factory.support.DefaultSingletonBeanRegistry.getSingleton(DefaultSingletonBeanRegistry.java:371)
	at org.springframework.beans.factory.support.AbstractBeanFactory.doGetBean(AbstractBeanFactory.java:331)
	at org.springframework.beans.factory.support.AbstractBeanFactory.getBean(AbstractBeanFactory.java:201)
	at org.springframework.beans.factory.config.DependencyDescriptor.resolveCandidate(DependencyDescriptor.java:229)
	at org.springframework.beans.factory.support.DefaultListableBeanFactory.doResolveDependency(DefaultListableBeanFactory.java:1762)
	at org.springframework.beans.factory.support.DefaultListableBeanFactory.resolveDependency(DefaultListableBeanFactory.java:1651)
	at org.springframework.beans.factory.annotation.AutowiredAnnotationBeanPostProcessor$AutowiredFieldElement.resolveFieldValue(AutowiredAnnotationBeanPostProcessor.java:764)
	... 25 more
Caused by: org.springframework.beans.factory.BeanCreationException: Error creating bean with name 'jwtUtil' defined in file [C:\Users\revanth.bethala\eclipse-workspace\scms\target\classes\com\academy\scms\security\JwtUtil.class]: Failed to instantiate [com.academy.scms.security.JwtUtil]: Constructor threw exception
	at org.springframework.beans.factory.support.AbstractAutowireCapableBeanFactory.instantiateBean(AbstractAutowireCapableBeanFactory.java:1344)
	at org.springframework.beans.factory.support.AbstractAutowireCapableBeanFactory.createBeanInstance(AbstractAutowireCapableBeanFactory.java:1231)
	at org.springframework.beans.factory.support.AbstractAutowireCapableBeanFactory.doCreateBean(AbstractAutowireCapableBeanFactory.java:565)
	at org.springframework.beans.factory.support.AbstractAutowireCapableBeanFactory.createBean(AbstractAutowireCapableBeanFactory.java:525)
	at org.springframework.beans.factory.support.AbstractBeanFactory.lambda$doGetBean$0(AbstractBeanFactory.java:333)
	at org.springframework.beans.factory.support.DefaultSingletonBeanRegistry.getSingleton(DefaultSingletonBeanRegistry.java:371)
	at org.springframework.beans.factory.support.AbstractBeanFactory.doGetBean(AbstractBeanFactory.java:331)
	at org.springframework.beans.factory.support.AbstractBeanFactory.getBean(AbstractBeanFactory.java:201)
	at org.springframework.beans.factory.support.DefaultListableBeanFactory.resolveBean(DefaultListableBeanFactory.java:1225)
	at org.springframework.beans.factory.support.DefaultListableBeanFactory.doResolveDependency(DefaultListableBeanFactory.java:1704)
	at org.springframework.beans.factory.support.DefaultListableBeanFactory.resolveDependency(DefaultListableBeanFactory.java:1651)
	at org.springframework.beans.factory.support.ConstructorResolver.resolveAutowiredArgument(ConstructorResolver.java:912)
	at org.springframework.beans.factory.support.ConstructorResolver.createArgumentArray(ConstructorResolver.java:791)
	... 38 more
Caused by: org.springframework.beans.BeanInstantiationException: Failed to instantiate [com.academy.scms.security.JwtUtil]: Constructor threw exception
	at org.springframework.beans.BeanUtils.instantiateClass(BeanUtils.java:220)
	at org.springframework.beans.factory.support.SimpleInstantiationStrategy.instantiate(SimpleInstantiationStrategy.java:106)
	at org.springframework.beans.factory.support.AbstractAutowireCapableBeanFactory.instantiateBean(AbstractAutowireCapableBeanFactory.java:1338)
	... 50 more
Caused by: java.lang.Error: Unresolved compilation problem: 
	The blank final field EXPIRATION_TIME may not have been initialized

	at com.academy.scms.security.JwtUtil.<init>(JwtUtil.java:23)
	at java.base/jdk.internal.reflect.DirectConstructorHandleAccessor.newInstance(DirectConstructorHandleAccessor.java:62)
	at java.base/java.lang.reflect.Constructor.newInstanceWithCaller(Constructor.java:502)
	at java.base/java.lang.reflect.Constructor.newInstance(Constructor.java:486)
	at org.springframework.beans.BeanUtils.instantiateClass(BeanUtils.java:194)
	... 52 more
2026-04-27 11:12:19 INFO  ScmsApplication - Starting ScmsApplication using Java 21.0.9 with PID 21720 (C:\Users\revanth.bethala\eclipse-workspace\scms\target\classes started by revanth.bethala in C:\Users\revanth.bethala\eclipse-workspace\scms)
2026-04-27 11:12:19 DEBUG ScmsApplication - Running with Spring Boot v4.0.6, Spring v7.0.7
2026-04-27 11:12:19 INFO  ScmsApplication - No active profile set, falling back to 1 default profile: "default"
2026-04-27 11:12:22 WARN  JpaBaseConfiguration$JpaWebConfiguration - spring.jpa.open-in-view is enabled by default. Therefore, database queries may be performed during view rendering. Explicitly configure spring.jpa.open-in-view to disable this warning
2026-04-27 11:12:22 INFO  ScmsApplication - Started ScmsApplication in 3.088 seconds (process running for 7907.829)
2026-04-27 11:12:35 INFO  ScmsApplication - Starting ScmsApplication using Java 21.0.9 with PID 21720 (C:\Users\revanth.bethala\eclipse-workspace\scms\target\classes started by revanth.bethala in C:\Users\revanth.bethala\eclipse-workspace\scms)
2026-04-27 11:12:35 DEBUG ScmsApplication - Running with Spring Boot v4.0.6, Spring v7.0.7
2026-04-27 11:12:35 INFO  ScmsApplication - No active profile set, falling back to 1 default profile: "default"
2026-04-27 11:12:37 WARN  JpaBaseConfiguration$JpaWebConfiguration - spring.jpa.open-in-view is enabled by default. Therefore, database queries may be performed during view rendering. Explicitly configure spring.jpa.open-in-view to disable this warning
2026-04-27 11:12:37 INFO  ScmsApplication - Started ScmsApplication in 2.165 seconds (process running for 7922.918)
2026-04-27 11:13:01 INFO  RequestLoggingAspect - Request: com.academy.scms.controller.StudentController.getAllStudents
2026-04-27 11:13:01 DEBUG RequestLoggingAspect - Args: [2]
2026-04-27 11:13:01 INFO  ExecutionTimeAspect - StudentService.getAllStudents(..) executed in 23 ms
2026-04-27 11:13:10 INFO  RequestLoggingAspect - Request: com.academy.scms.controller.StudentController.getStudentById
2026-04-27 11:13:10 DEBUG RequestLoggingAspect - Args: [2, 2]
2026-04-27 11:13:10 INFO  ExecutionTimeAspect - StudentService.getStudentById(..) executed in 16 ms
2026-04-27 11:13:12 INFO  RequestLoggingAspect - Request: com.academy.scms.controller.StudentController.getStudentById
2026-04-27 11:13:12 DEBUG RequestLoggingAspect - Args: [1, 2]
2026-04-27 11:13:12 INFO  ExecutionTimeAspect - StudentService.getStudentById(..) executed in 5 ms
2026-04-27 11:13:22 WARN  GlobalExceptionHandler - Route not found: No static resource api/v1/students/1/courses for request '/api/v1/students/1/courses'.
2026-04-27 11:13:22 WARN  ExceptionHandlerExceptionResolver - Resolved [org.springframework.web.servlet.resource.NoResourceFoundException: No static resource api/v1/students/1/courses for request '/api/v1/students/1/courses'.]
2026-04-27 11:13:51 INFO  ScmsApplication - Starting ScmsApplication using Java 21.0.9 with PID 21720 (C:\Users\revanth.bethala\eclipse-workspace\scms\target\classes started by revanth.bethala in C:\Users\revanth.bethala\eclipse-workspace\scms)
2026-04-27 11:13:51 DEBUG ScmsApplication - Running with Spring Boot v4.0.6, Spring v7.0.7
2026-04-27 11:13:51 INFO  ScmsApplication - No active profile set, falling back to 1 default profile: "default"
2026-04-27 11:13:54 WARN  JpaBaseConfiguration$JpaWebConfiguration - spring.jpa.open-in-view is enabled by default. Therefore, database queries may be performed during view rendering. Explicitly configure spring.jpa.open-in-view to disable this warning
2026-04-27 11:13:54 INFO  ScmsApplication - Started ScmsApplication in 3.402 seconds (process running for 8000.341)
2026-04-27 11:14:01 INFO  ScmsApplication - Starting ScmsApplication using Java 21.0.9 with PID 21720 (C:\Users\revanth.bethala\eclipse-workspace\scms\target\classes started by revanth.bethala in C:\Users\revanth.bethala\eclipse-workspace\scms)
2026-04-27 11:14:01 DEBUG ScmsApplication - Running with Spring Boot v4.0.6, Spring v7.0.7
2026-04-27 11:14:01 INFO  ScmsApplication - No active profile set, falling back to 1 default profile: "default"
2026-04-27 11:14:03 WARN  JpaBaseConfiguration$JpaWebConfiguration - spring.jpa.open-in-view is enabled by default. Therefore, database queries may be performed during view rendering. Explicitly configure spring.jpa.open-in-view to disable this warning
2026-04-27 11:14:03 INFO  ScmsApplication - Started ScmsApplication in 1.867 seconds (process running for 8008.896)
2026-04-27 11:14:05 INFO  ScmsApplication - Starting ScmsApplication using Java 21.0.9 with PID 21720 (C:\Users\revanth.bethala\eclipse-workspace\scms\target\classes started by revanth.bethala in C:\Users\revanth.bethala\eclipse-workspace\scms)
2026-04-27 11:14:05 DEBUG ScmsApplication - Running with Spring Boot v4.0.6, Spring v7.0.7
2026-04-27 11:14:05 INFO  ScmsApplication - No active profile set, falling back to 1 default profile: "default"
2026-04-27 11:14:06 WARN  JpaBaseConfiguration$JpaWebConfiguration - spring.jpa.open-in-view is enabled by default. Therefore, database queries may be performed during view rendering. Explicitly configure spring.jpa.open-in-view to disable this warning
2026-04-27 11:14:07 INFO  ScmsApplication - Started ScmsApplication in 2.011 seconds (process running for 8012.562)
2026-04-27 11:14:11 INFO  ScmsApplication - Starting ScmsApplication using Java 21.0.9 with PID 21720 (C:\Users\revanth.bethala\eclipse-workspace\scms\target\classes started by revanth.bethala in C:\Users\revanth.bethala\eclipse-workspace\scms)
2026-04-27 11:14:11 DEBUG ScmsApplication - Running with Spring Boot v4.0.6, Spring v7.0.7
2026-04-27 11:14:11 INFO  ScmsApplication - No active profile set, falling back to 1 default profile: "default"
2026-04-27 11:14:13 WARN  JpaBaseConfiguration$JpaWebConfiguration - spring.jpa.open-in-view is enabled by default. Therefore, database queries may be performed during view rendering. Explicitly configure spring.jpa.open-in-view to disable this warning
2026-04-27 11:14:13 INFO  ScmsApplication - Started ScmsApplication in 1.702 seconds (process running for 8018.925)
2026-04-27 11:14:16 INFO  ScmsApplication - Starting ScmsApplication using Java 21.0.9 with PID 21720 (C:\Users\revanth.bethala\eclipse-workspace\scms\target\classes started by revanth.bethala in C:\Users\revanth.bethala\eclipse-workspace\scms)
2026-04-27 11:14:16 DEBUG ScmsApplication - Running with Spring Boot v4.0.6, Spring v7.0.7
2026-04-27 11:14:16 INFO  ScmsApplication - No active profile set, falling back to 1 default profile: "default"
2026-04-27 11:14:17 WARN  JpaBaseConfiguration$JpaWebConfiguration - spring.jpa.open-in-view is enabled by default. Therefore, database queries may be performed during view rendering. Explicitly configure spring.jpa.open-in-view to disable this warning
2026-04-27 11:14:18 INFO  ScmsApplication - Started ScmsApplication in 1.912 seconds (process running for 8023.71)
2026-04-27 11:14:39 INFO  ScmsApplication - Starting ScmsApplication using Java 21.0.9 with PID 21720 (C:\Users\revanth.bethala\eclipse-workspace\scms\target\classes started by revanth.bethala in C:\Users\revanth.bethala\eclipse-workspace\scms)
2026-04-27 11:14:39 DEBUG ScmsApplication - Running with Spring Boot v4.0.6, Spring v7.0.7
2026-04-27 11:14:39 INFO  ScmsApplication - No active profile set, falling back to 1 default profile: "default"
2026-04-27 11:14:42 WARN  JpaBaseConfiguration$JpaWebConfiguration - spring.jpa.open-in-view is enabled by default. Therefore, database queries may be performed during view rendering. Explicitly configure spring.jpa.open-in-view to disable this warning
2026-04-27 11:14:42 INFO  ScmsApplication - Started ScmsApplication in 3.02 seconds (process running for 8048.112)
2026-04-27 11:14:44 INFO  ScmsApplication - Starting ScmsApplication using Java 21.0.9 with PID 21720 (C:\Users\revanth.bethala\eclipse-workspace\scms\target\classes started by revanth.bethala in C:\Users\revanth.bethala\eclipse-workspace\scms)
2026-04-27 11:14:44 DEBUG ScmsApplication - Running with Spring Boot v4.0.6, Spring v7.0.7
2026-04-27 11:14:44 INFO  ScmsApplication - No active profile set, falling back to 1 default profile: "default"
2026-04-27 11:14:46 WARN  JpaBaseConfiguration$JpaWebConfiguration - spring.jpa.open-in-view is enabled by default. Therefore, database queries may be performed during view rendering. Explicitly configure spring.jpa.open-in-view to disable this warning
2026-04-27 11:14:46 INFO  ScmsApplication - Started ScmsApplication in 2.353 seconds (process running for 8052.486)
2026-04-27 11:14:53 INFO  ScmsApplication - Starting ScmsApplication using Java 21.0.9 with PID 21720 (C:\Users\revanth.bethala\eclipse-workspace\scms\target\classes started by revanth.bethala in C:\Users\revanth.bethala\eclipse-workspace\scms)
2026-04-27 11:14:53 DEBUG ScmsApplication - Running with Spring Boot v4.0.6, Spring v7.0.7
2026-04-27 11:14:53 INFO  ScmsApplication - No active profile set, falling back to 1 default profile: "default"
2026-04-27 11:14:55 WARN  JpaBaseConfiguration$JpaWebConfiguration - spring.jpa.open-in-view is enabled by default. Therefore, database queries may be performed during view rendering. Explicitly configure spring.jpa.open-in-view to disable this warning
2026-04-27 11:14:55 INFO  ScmsApplication - Started ScmsApplication in 1.823 seconds (process running for 8060.998)
2026-04-27 11:14:57 INFO  ScmsApplication - Starting ScmsApplication using Java 21.0.9 with PID 21720 (C:\Users\revanth.bethala\eclipse-workspace\scms\target\classes started by revanth.bethala in C:\Users\revanth.bethala\eclipse-workspace\scms)
2026-04-27 11:14:57 DEBUG ScmsApplication - Running with Spring Boot v4.0.6, Spring v7.0.7
2026-04-27 11:14:57 INFO  ScmsApplication - No active profile set, falling back to 1 default profile: "default"
2026-04-27 11:14:58 WARN  JpaBaseConfiguration$JpaWebConfiguration - spring.jpa.open-in-view is enabled by default. Therefore, database queries may be performed during view rendering. Explicitly configure spring.jpa.open-in-view to disable this warning
2026-04-27 11:14:58 INFO  ScmsApplication - Started ScmsApplication in 1.629 seconds (process running for 8064.246)
2026-04-27 11:15:36 INFO  ScmsApplication - Starting ScmsApplication using Java 21.0.9 with PID 21720 (C:\Users\revanth.bethala\eclipse-workspace\scms\target\classes started by revanth.bethala in C:\Users\revanth.bethala\eclipse-workspace\scms)
2026-04-27 11:15:36 DEBUG ScmsApplication - Running with Spring Boot v4.0.6, Spring v7.0.7
2026-04-27 11:15:36 INFO  ScmsApplication - No active profile set, falling back to 1 default profile: "default"
2026-04-27 11:15:39 WARN  JpaBaseConfiguration$JpaWebConfiguration - spring.jpa.open-in-view is enabled by default. Therefore, database queries may be performed during view rendering. Explicitly configure spring.jpa.open-in-view to disable this warning
2026-04-27 11:15:40 INFO  ScmsApplication - Started ScmsApplication in 3.643 seconds (process running for 8105.658)
2026-04-27 11:15:49 INFO  ScmsApplication - Starting ScmsApplication using Java 21.0.9 with PID 21720 (C:\Users\revanth.bethala\eclipse-workspace\scms\target\classes started by revanth.bethala in C:\Users\revanth.bethala\eclipse-workspace\scms)
2026-04-27 11:15:49 DEBUG ScmsApplication - Running with Spring Boot v4.0.6, Spring v7.0.7
2026-04-27 11:15:49 INFO  ScmsApplication - No active profile set, falling back to 1 default profile: "default"
2026-04-27 11:15:50 WARN  JpaBaseConfiguration$JpaWebConfiguration - spring.jpa.open-in-view is enabled by default. Therefore, database queries may be performed during view rendering. Explicitly configure spring.jpa.open-in-view to disable this warning
2026-04-27 11:15:50 INFO  ScmsApplication - Started ScmsApplication in 1.96 seconds (process running for 8116.499)
2026-04-27 11:15:53 INFO  ScmsApplication - Starting ScmsApplication using Java 21.0.9 with PID 21720 (C:\Users\revanth.bethala\eclipse-workspace\scms\target\classes started by revanth.bethala in C:\Users\revanth.bethala\eclipse-workspace\scms)
2026-04-27 11:15:53 DEBUG ScmsApplication - Running with Spring Boot v4.0.6, Spring v7.0.7
2026-04-27 11:15:53 INFO  ScmsApplication - No active profile set, falling back to 1 default profile: "default"
2026-04-27 11:15:55 WARN  JpaBaseConfiguration$JpaWebConfiguration - spring.jpa.open-in-view is enabled by default. Therefore, database queries may be performed during view rendering. Explicitly configure spring.jpa.open-in-view to disable this warning
2026-04-27 11:15:55 INFO  ScmsApplication - Started ScmsApplication in 1.767 seconds (process running for 8121.172)
2026-04-27 11:15:57 INFO  ScmsApplication - Starting ScmsApplication using Java 21.0.9 with PID 21720 (C:\Users\revanth.bethala\eclipse-workspace\scms\target\classes started by revanth.bethala in C:\Users\revanth.bethala\eclipse-workspace\scms)
2026-04-27 11:15:57 DEBUG ScmsApplication - Running with Spring Boot v4.0.6, Spring v7.0.7
2026-04-27 11:15:57 INFO  ScmsApplication - No active profile set, falling back to 1 default profile: "default"
2026-04-27 11:15:58 WARN  JpaBaseConfiguration$JpaWebConfiguration - spring.jpa.open-in-view is enabled by default. Therefore, database queries may be performed during view rendering. Explicitly configure spring.jpa.open-in-view to disable this warning
2026-04-27 11:15:58 INFO  ScmsApplication - Started ScmsApplication in 1.699 seconds (process running for 8124.458)
2026-04-27 11:17:54 INFO  ScmsApplication - Starting ScmsApplication using Java 21.0.9 with PID 21720 (C:\Users\revanth.bethala\eclipse-workspace\scms\target\classes started by revanth.bethala in C:\Users\revanth.bethala\eclipse-workspace\scms)
2026-04-27 11:17:54 DEBUG ScmsApplication - Running with Spring Boot v4.0.6, Spring v7.0.7
2026-04-27 11:17:54 INFO  ScmsApplication - No active profile set, falling back to 1 default profile: "default"
2026-04-27 11:17:57 WARN  JpaBaseConfiguration$JpaWebConfiguration - spring.jpa.open-in-view is enabled by default. Therefore, database queries may be performed during view rendering. Explicitly configure spring.jpa.open-in-view to disable this warning
2026-04-27 11:17:58 INFO  ScmsApplication - Started ScmsApplication in 3.252 seconds (process running for 8243.53)
2026-04-27 11:17:59 INFO  ScmsApplication - Starting ScmsApplication using Java 21.0.9 with PID 21720 (C:\Users\revanth.bethala\eclipse-workspace\scms\target\classes started by revanth.bethala in C:\Users\revanth.bethala\eclipse-workspace\scms)
2026-04-27 11:17:59 DEBUG ScmsApplication - Running with Spring Boot v4.0.6, Spring v7.0.7
2026-04-27 11:17:59 INFO  ScmsApplication - No active profile set, falling back to 1 default profile: "default"
2026-04-27 11:18:01 WARN  JpaBaseConfiguration$JpaWebConfiguration - spring.jpa.open-in-view is enabled by default. Therefore, database queries may be performed during view rendering. Explicitly configure spring.jpa.open-in-view to disable this warning
2026-04-27 11:18:01 INFO  ScmsApplication - Started ScmsApplication in 1.862 seconds (process running for 8247.095)
2026-04-27 11:18:10 INFO  ScmsApplication - Starting ScmsApplication using Java 21.0.9 with PID 21720 (C:\Users\revanth.bethala\eclipse-workspace\scms\target\classes started by revanth.bethala in C:\Users\revanth.bethala\eclipse-workspace\scms)
2026-04-27 11:18:10 DEBUG ScmsApplication - Running with Spring Boot v4.0.6, Spring v7.0.7
2026-04-27 11:18:10 INFO  ScmsApplication - No active profile set, falling back to 1 default profile: "default"
2026-04-27 11:18:11 WARN  JpaBaseConfiguration$JpaWebConfiguration - spring.jpa.open-in-view is enabled by default. Therefore, database queries may be performed during view rendering. Explicitly configure spring.jpa.open-in-view to disable this warning
2026-04-27 11:18:12 INFO  ScmsApplication - Started ScmsApplication in 1.903 seconds (process running for 8257.701)
2026-04-27 11:18:13 INFO  ScmsApplication - Starting ScmsApplication using Java 21.0.9 with PID 21720 (C:\Users\revanth.bethala\eclipse-workspace\scms\target\classes started by revanth.bethala in C:\Users\revanth.bethala\eclipse-workspace\scms)
2026-04-27 11:18:13 DEBUG ScmsApplication - Running with Spring Boot v4.0.6, Spring v7.0.7
2026-04-27 11:18:13 INFO  ScmsApplication - No active profile set, falling back to 1 default profile: "default"
2026-04-27 11:18:15 WARN  JpaBaseConfiguration$JpaWebConfiguration - spring.jpa.open-in-view is enabled by default. Therefore, database queries may be performed during view rendering. Explicitly configure spring.jpa.open-in-view to disable this warning
2026-04-27 11:18:15 INFO  ScmsApplication - Started ScmsApplication in 1.953 seconds (process running for 8261.323)
2026-04-27 11:18:25 INFO  ScmsApplication - Starting ScmsApplication using Java 21.0.9 with PID 21720 (C:\Users\revanth.bethala\eclipse-workspace\scms\target\classes started by revanth.bethala in C:\Users\revanth.bethala\eclipse-workspace\scms)
2026-04-27 11:18:25 DEBUG ScmsApplication - Running with Spring Boot v4.0.6, Spring v7.0.7
2026-04-27 11:18:25 INFO  ScmsApplication - No active profile set, falling back to 1 default profile: "default"
2026-04-27 11:18:27 WARN  JpaBaseConfiguration$JpaWebConfiguration - spring.jpa.open-in-view is enabled by default. Therefore, database queries may be performed during view rendering. Explicitly configure spring.jpa.open-in-view to disable this warning
2026-04-27 11:18:27 INFO  ScmsApplication - Started ScmsApplication in 2.151 seconds (process running for 8273.402)
2026-04-27 11:18:35 INFO  ScmsApplication - Starting ScmsApplication using Java 21.0.9 with PID 21720 (C:\Users\revanth.bethala\eclipse-workspace\scms\target\classes started by revanth.bethala in C:\Users\revanth.bethala\eclipse-workspace\scms)
2026-04-27 11:18:35 DEBUG ScmsApplication - Running with Spring Boot v4.0.6, Spring v7.0.7
2026-04-27 11:18:35 INFO  ScmsApplication - No active profile set, falling back to 1 default profile: "default"
2026-04-27 11:18:37 WARN  JpaBaseConfiguration$JpaWebConfiguration - spring.jpa.open-in-view is enabled by default. Therefore, database queries may be performed during view rendering. Explicitly configure spring.jpa.open-in-view to disable this warning
2026-04-27 11:18:37 INFO  ScmsApplication - Started ScmsApplication in 1.956 seconds (process running for 8283.206)
2026-04-27 11:18:57 INFO  ScmsApplication - Starting ScmsApplication using Java 21.0.9 with PID 21720 (C:\Users\revanth.bethala\eclipse-workspace\scms\target\classes started by revanth.bethala in C:\Users\revanth.bethala\eclipse-workspace\scms)
2026-04-27 11:18:57 DEBUG ScmsApplication - Running with Spring Boot v4.0.6, Spring v7.0.7
2026-04-27 11:18:57 INFO  ScmsApplication - No active profile set, falling back to 1 default profile: "default"
2026-04-27 11:18:59 WARN  JpaBaseConfiguration$JpaWebConfiguration - spring.jpa.open-in-view is enabled by default. Therefore, database queries may be performed during view rendering. Explicitly configure spring.jpa.open-in-view to disable this warning
2026-04-27 11:19:00 INFO  ScmsApplication - Started ScmsApplication in 3.461 seconds (process running for 8305.939)
2026-04-27 11:19:17 INFO  ScmsApplication - Starting ScmsApplication using Java 21.0.9 with PID 21720 (C:\Users\revanth.bethala\eclipse-workspace\scms\target\classes started by revanth.bethala in C:\Users\revanth.bethala\eclipse-workspace\scms)
2026-04-27 11:19:17 DEBUG ScmsApplication - Running with Spring Boot v4.0.6, Spring v7.0.7
2026-04-27 11:19:17 INFO  ScmsApplication - No active profile set, falling back to 1 default profile: "default"
2026-04-27 11:19:19 WARN  JpaBaseConfiguration$JpaWebConfiguration - spring.jpa.open-in-view is enabled by default. Therefore, database queries may be performed during view rendering. Explicitly configure spring.jpa.open-in-view to disable this warning
2026-04-27 11:19:19 INFO  ScmsApplication - Started ScmsApplication in 1.923 seconds (process running for 8325.028)
2026-04-27 11:19:34 INFO  ScmsApplication - Starting ScmsApplication using Java 21.0.9 with PID 21720 (C:\Users\revanth.bethala\eclipse-workspace\scms\target\classes started by revanth.bethala in C:\Users\revanth.bethala\eclipse-workspace\scms)
2026-04-27 11:19:34 DEBUG ScmsApplication - Running with Spring Boot v4.0.6, Spring v7.0.7
2026-04-27 11:19:34 INFO  ScmsApplication - No active profile set, falling back to 1 default profile: "default"
2026-04-27 11:19:36 WARN  JpaBaseConfiguration$JpaWebConfiguration - spring.jpa.open-in-view is enabled by default. Therefore, database queries may be performed during view rendering. Explicitly configure spring.jpa.open-in-view to disable this warning
2026-04-27 11:19:36 INFO  ScmsApplication - Started ScmsApplication in 1.843 seconds (process running for 8341.954)
2026-04-27 11:19:40 INFO  ScmsApplication - Starting ScmsApplication using Java 21.0.9 with PID 21720 (C:\Users\revanth.bethala\eclipse-workspace\scms\target\classes started by revanth.bethala in C:\Users\revanth.bethala\eclipse-workspace\scms)
2026-04-27 11:19:40 DEBUG ScmsApplication - Running with Spring Boot v4.0.6, Spring v7.0.7
2026-04-27 11:19:40 INFO  ScmsApplication - No active profile set, falling back to 1 default profile: "default"
2026-04-27 11:19:41 WARN  JpaBaseConfiguration$JpaWebConfiguration - spring.jpa.open-in-view is enabled by default. Therefore, database queries may be performed during view rendering. Explicitly configure spring.jpa.open-in-view to disable this warning
2026-04-27 11:19:41 INFO  ScmsApplication - Started ScmsApplication in 1.849 seconds (process running for 8347.407)
2026-04-27 11:19:49 INFO  ScmsApplication - Starting ScmsApplication using Java 21.0.9 with PID 21720 (C:\Users\revanth.bethala\eclipse-workspace\scms\target\classes started by revanth.bethala in C:\Users\revanth.bethala\eclipse-workspace\scms)
2026-04-27 11:19:49 DEBUG ScmsApplication - Running with Spring Boot v4.0.6, Spring v7.0.7
2026-04-27 11:19:49 INFO  ScmsApplication - No active profile set, falling back to 1 default profile: "default"
2026-04-27 11:19:51 WARN  JpaBaseConfiguration$JpaWebConfiguration - spring.jpa.open-in-view is enabled by default. Therefore, database queries may be performed during view rendering. Explicitly configure spring.jpa.open-in-view to disable this warning
2026-04-27 11:19:51 INFO  ScmsApplication - Started ScmsApplication in 1.974 seconds (process running for 8357.159)
2026-04-27 11:19:53 INFO  ScmsApplication - Starting ScmsApplication using Java 21.0.9 with PID 21720 (C:\Users\revanth.bethala\eclipse-workspace\scms\target\classes started by revanth.bethala in C:\Users\revanth.bethala\eclipse-workspace\scms)
2026-04-27 11:19:53 DEBUG ScmsApplication - Running with Spring Boot v4.0.6, Spring v7.0.7
2026-04-27 11:19:53 INFO  ScmsApplication - No active profile set, falling back to 1 default profile: "default"
2026-04-27 11:19:54 WARN  JpaBaseConfiguration$JpaWebConfiguration - spring.jpa.open-in-view is enabled by default. Therefore, database queries may be performed during view rendering. Explicitly configure spring.jpa.open-in-view to disable this warning
2026-04-27 11:19:55 INFO  ScmsApplication - Started ScmsApplication in 1.969 seconds (process running for 8360.693)
2026-04-27 11:19:57 INFO  ScmsApplication - Starting ScmsApplication using Java 21.0.9 with PID 21720 (C:\Users\revanth.bethala\eclipse-workspace\scms\target\classes started by revanth.bethala in C:\Users\revanth.bethala\eclipse-workspace\scms)
2026-04-27 11:19:57 DEBUG ScmsApplication - Running with Spring Boot v4.0.6, Spring v7.0.7
2026-04-27 11:19:57 INFO  ScmsApplication - No active profile set, falling back to 1 default profile: "default"
2026-04-27 11:20:00 WARN  JpaBaseConfiguration$JpaWebConfiguration - spring.jpa.open-in-view is enabled by default. Therefore, database queries may be performed during view rendering. Explicitly configure spring.jpa.open-in-view to disable this warning
2026-04-27 11:20:01 INFO  ScmsApplication - Started ScmsApplication in 4.049 seconds (process running for 8366.594)
2026-04-27 11:20:02 INFO  ScmsApplication - Starting ScmsApplication using Java 21.0.9 with PID 21720 (C:\Users\revanth.bethala\eclipse-workspace\scms\target\classes started by revanth.bethala in C:\Users\revanth.bethala\eclipse-workspace\scms)
2026-04-27 11:20:02 DEBUG ScmsApplication - Running with Spring Boot v4.0.6, Spring v7.0.7
2026-04-27 11:20:02 INFO  ScmsApplication - No active profile set, falling back to 1 default profile: "default"
2026-04-27 11:20:05 WARN  JpaBaseConfiguration$JpaWebConfiguration - spring.jpa.open-in-view is enabled by default. Therefore, database queries may be performed during view rendering. Explicitly configure spring.jpa.open-in-view to disable this warning
2026-04-27 11:20:05 INFO  ScmsApplication - Started ScmsApplication in 2.64 seconds (process running for 8370.823)
2026-04-27 11:20:13 INFO  ScmsApplication - Starting ScmsApplication using Java 21.0.9 with PID 21720 (C:\Users\revanth.bethala\eclipse-workspace\scms\target\classes started by revanth.bethala in C:\Users\revanth.bethala\eclipse-workspace\scms)
2026-04-27 11:20:13 DEBUG ScmsApplication - Running with Spring Boot v4.0.6, Spring v7.0.7
2026-04-27 11:20:13 INFO  ScmsApplication - No active profile set, falling back to 1 default profile: "default"
2026-04-27 11:20:14 WARN  JpaBaseConfiguration$JpaWebConfiguration - spring.jpa.open-in-view is enabled by default. Therefore, database queries may be performed during view rendering. Explicitly configure spring.jpa.open-in-view to disable this warning
2026-04-27 11:20:15 INFO  ScmsApplication - Started ScmsApplication in 1.891 seconds (process running for 8380.522)
2026-04-27 11:20:16 INFO  ScmsApplication - Starting ScmsApplication using Java 21.0.9 with PID 21720 (C:\Users\revanth.bethala\eclipse-workspace\scms\target\classes started by revanth.bethala in C:\Users\revanth.bethala\eclipse-workspace\scms)
2026-04-27 11:20:16 DEBUG ScmsApplication - Running with Spring Boot v4.0.6, Spring v7.0.7
2026-04-27 11:20:16 INFO  ScmsApplication - No active profile set, falling back to 1 default profile: "default"
2026-04-27 11:20:18 WARN  JpaBaseConfiguration$JpaWebConfiguration - spring.jpa.open-in-view is enabled by default. Therefore, database queries may be performed during view rendering. Explicitly configure spring.jpa.open-in-view to disable this warning
2026-04-27 11:20:19 INFO  ScmsApplication - Started ScmsApplication in 2.879 seconds (process running for 8385.196)
2026-04-27 11:20:53 INFO  ScmsApplication - Starting ScmsApplication using Java 21.0.9 with PID 21720 (C:\Users\revanth.bethala\eclipse-workspace\scms\target\classes started by revanth.bethala in C:\Users\revanth.bethala\eclipse-workspace\scms)
2026-04-27 11:20:53 DEBUG ScmsApplication - Running with Spring Boot v4.0.6, Spring v7.0.7
2026-04-27 11:20:53 INFO  ScmsApplication - No active profile set, falling back to 1 default profile: "default"
2026-04-27 11:20:55 WARN  JpaBaseConfiguration$JpaWebConfiguration - spring.jpa.open-in-view is enabled by default. Therefore, database queries may be performed during view rendering. Explicitly configure spring.jpa.open-in-view to disable this warning
2026-04-27 11:20:55 INFO  ScmsApplication - Started ScmsApplication in 2.154 seconds (process running for 8421.169)
2026-04-27 11:20:57 INFO  ScmsApplication - Starting ScmsApplication using Java 21.0.9 with PID 21720 (C:\Users\revanth.bethala\eclipse-workspace\scms\target\classes started by revanth.bethala in C:\Users\revanth.bethala\eclipse-workspace\scms)
2026-04-27 11:20:57 DEBUG ScmsApplication - Running with Spring Boot v4.0.6, Spring v7.0.7
2026-04-27 11:20:57 INFO  ScmsApplication - No active profile set, falling back to 1 default profile: "default"
2026-04-27 11:20:58 WARN  JpaBaseConfiguration$JpaWebConfiguration - spring.jpa.open-in-view is enabled by default. Therefore, database queries may be performed during view rendering. Explicitly configure spring.jpa.open-in-view to disable this warning
2026-04-27 11:20:59 INFO  ScmsApplication - Started ScmsApplication in 1.712 seconds (process running for 8424.654)
2026-04-27 11:21:04 INFO  ScmsApplication - Starting ScmsApplication using Java 21.0.9 with PID 21720 (C:\Users\revanth.bethala\eclipse-workspace\scms\target\classes started by revanth.bethala in C:\Users\revanth.bethala\eclipse-workspace\scms)
2026-04-27 11:21:04 DEBUG ScmsApplication - Running with Spring Boot v4.0.6, Spring v7.0.7
2026-04-27 11:21:04 INFO  ScmsApplication - No active profile set, falling back to 1 default profile: "default"
2026-04-27 11:21:07 WARN  JpaBaseConfiguration$JpaWebConfiguration - spring.jpa.open-in-view is enabled by default. Therefore, database queries may be performed during view rendering. Explicitly configure spring.jpa.open-in-view to disable this warning
2026-04-27 11:21:08 INFO  ScmsApplication - Started ScmsApplication in 3.552 seconds (process running for 8433.824)
2026-04-27 11:21:28 INFO  ScmsApplication - Starting ScmsApplication using Java 21.0.9 with PID 21720 (C:\Users\revanth.bethala\eclipse-workspace\scms\target\classes started by revanth.bethala in C:\Users\revanth.bethala\eclipse-workspace\scms)
2026-04-27 11:21:28 DEBUG ScmsApplication - Running with Spring Boot v4.0.6, Spring v7.0.7
2026-04-27 11:21:28 INFO  ScmsApplication - No active profile set, falling back to 1 default profile: "default"
2026-04-27 11:21:31 WARN  JpaBaseConfiguration$JpaWebConfiguration - spring.jpa.open-in-view is enabled by default. Therefore, database queries may be performed during view rendering. Explicitly configure spring.jpa.open-in-view to disable this warning
2026-04-27 11:21:31 INFO  ScmsApplication - Started ScmsApplication in 2.991 seconds (process running for 8457.282)
2026-04-27 11:21:43 INFO  ScmsApplication - Starting ScmsApplication using Java 21.0.9 with PID 21720 (C:\Users\revanth.bethala\eclipse-workspace\scms\target\classes started by revanth.bethala in C:\Users\revanth.bethala\eclipse-workspace\scms)
2026-04-27 11:21:43 DEBUG ScmsApplication - Running with Spring Boot v4.0.6, Spring v7.0.7
2026-04-27 11:21:43 INFO  ScmsApplication - No active profile set, falling back to 1 default profile: "default"
2026-04-27 11:21:45 WARN  JpaBaseConfiguration$JpaWebConfiguration - spring.jpa.open-in-view is enabled by default. Therefore, database queries may be performed during view rendering. Explicitly configure spring.jpa.open-in-view to disable this warning
2026-04-27 11:21:45 INFO  ScmsApplication - Started ScmsApplication in 1.847 seconds (process running for 8471.034)
2026-04-27 11:21:47 INFO  ScmsApplication - Starting ScmsApplication using Java 21.0.9 with PID 21720 (C:\Users\revanth.bethala\eclipse-workspace\scms\target\classes started by revanth.bethala in C:\Users\revanth.bethala\eclipse-workspace\scms)
2026-04-27 11:21:47 DEBUG ScmsApplication - Running with Spring Boot v4.0.6, Spring v7.0.7
2026-04-27 11:21:47 INFO  ScmsApplication - No active profile set, falling back to 1 default profile: "default"
2026-04-27 11:21:48 WARN  JpaBaseConfiguration$JpaWebConfiguration - spring.jpa.open-in-view is enabled by default. Therefore, database queries may be performed during view rendering. Explicitly configure spring.jpa.open-in-view to disable this warning
2026-04-27 11:21:49 INFO  ScmsApplication - Started ScmsApplication in 1.641 seconds (process running for 8474.588)
2026-04-27 11:22:10 INFO  ScmsApplication - Starting ScmsApplication using Java 21.0.9 with PID 21720 (C:\Users\revanth.bethala\eclipse-workspace\scms\target\classes started by revanth.bethala in C:\Users\revanth.bethala\eclipse-workspace\scms)
2026-04-27 11:22:10 DEBUG ScmsApplication - Running with Spring Boot v4.0.6, Spring v7.0.7
2026-04-27 11:22:10 INFO  ScmsApplication - No active profile set, falling back to 1 default profile: "default"
2026-04-27 11:22:13 WARN  JpaBaseConfiguration$JpaWebConfiguration - spring.jpa.open-in-view is enabled by default. Therefore, database queries may be performed during view rendering. Explicitly configure spring.jpa.open-in-view to disable this warning
2026-04-27 11:22:13 INFO  ScmsApplication - Started ScmsApplication in 3.117 seconds (process running for 8499.193)
2026-04-27 11:22:19 INFO  ScmsApplication - Starting ScmsApplication using Java 21.0.9 with PID 21720 (C:\Users\revanth.bethala\eclipse-workspace\scms\target\classes started by revanth.bethala in C:\Users\revanth.bethala\eclipse-workspace\scms)
2026-04-27 11:22:19 DEBUG ScmsApplication - Running with Spring Boot v4.0.6, Spring v7.0.7
2026-04-27 11:22:19 INFO  ScmsApplication - No active profile set, falling back to 1 default profile: "default"
2026-04-27 11:22:20 WARN  JpaBaseConfiguration$JpaWebConfiguration - spring.jpa.open-in-view is enabled by default. Therefore, database queries may be performed during view rendering. Explicitly configure spring.jpa.open-in-view to disable this warning
2026-04-27 11:22:21 INFO  ScmsApplication - Started ScmsApplication in 1.61 seconds (process running for 8506.559)
2026-04-27 11:22:25 INFO  ScmsApplication - Starting ScmsApplication using Java 21.0.9 with PID 21720 (C:\Users\revanth.bethala\eclipse-workspace\scms\target\classes started by revanth.bethala in C:\Users\revanth.bethala\eclipse-workspace\scms)
2026-04-27 11:22:25 DEBUG ScmsApplication - Running with Spring Boot v4.0.6, Spring v7.0.7
2026-04-27 11:22:25 INFO  ScmsApplication - No active profile set, falling back to 1 default profile: "default"
2026-04-27 11:22:27 WARN  JpaBaseConfiguration$JpaWebConfiguration - spring.jpa.open-in-view is enabled by default. Therefore, database queries may be performed during view rendering. Explicitly configure spring.jpa.open-in-view to disable this warning
2026-04-27 11:22:27 INFO  ScmsApplication - Started ScmsApplication in 1.704 seconds (process running for 8512.936)
2026-04-27 11:23:14 INFO  ScmsApplication - Starting ScmsApplication using Java 21.0.9 with PID 21720 (C:\Users\revanth.bethala\eclipse-workspace\scms\target\classes started by revanth.bethala in C:\Users\revanth.bethala\eclipse-workspace\scms)
2026-04-27 11:23:14 DEBUG ScmsApplication - Running with Spring Boot v4.0.6, Spring v7.0.7
2026-04-27 11:23:14 INFO  ScmsApplication - No active profile set, falling back to 1 default profile: "default"
2026-04-27 11:23:17 WARN  JpaBaseConfiguration$JpaWebConfiguration - spring.jpa.open-in-view is enabled by default. Therefore, database queries may be performed during view rendering. Explicitly configure spring.jpa.open-in-view to disable this warning
2026-04-27 11:23:18 INFO  ScmsApplication - Started ScmsApplication in 3.996 seconds (process running for 8563.576)
2026-04-27 11:23:19 INFO  ScmsApplication - Starting ScmsApplication using Java 21.0.9 with PID 21720 (C:\Users\revanth.bethala\eclipse-workspace\scms\target\classes started by revanth.bethala in C:\Users\revanth.bethala\eclipse-workspace\scms)
2026-04-27 11:23:19 DEBUG ScmsApplication - Running with Spring Boot v4.0.6, Spring v7.0.7
2026-04-27 11:23:19 INFO  ScmsApplication - No active profile set, falling back to 1 default profile: "default"
2026-04-27 11:23:21 WARN  JpaBaseConfiguration$JpaWebConfiguration - spring.jpa.open-in-view is enabled by default. Therefore, database queries may be performed during view rendering. Explicitly configure spring.jpa.open-in-view to disable this warning
2026-04-27 11:23:22 INFO  ScmsApplication - Started ScmsApplication in 2.672 seconds (process running for 8567.73)
2026-04-27 11:23:29 INFO  ScmsApplication - Starting ScmsApplication using Java 21.0.9 with PID 21720 (C:\Users\revanth.bethala\eclipse-workspace\scms\target\classes started by revanth.bethala in C:\Users\revanth.bethala\eclipse-workspace\scms)
2026-04-27 11:23:29 DEBUG ScmsApplication - Running with Spring Boot v4.0.6, Spring v7.0.7
2026-04-27 11:23:29 INFO  ScmsApplication - No active profile set, falling back to 1 default profile: "default"
2026-04-27 11:23:30 WARN  JpaBaseConfiguration$JpaWebConfiguration - spring.jpa.open-in-view is enabled by default. Therefore, database queries may be performed during view rendering. Explicitly configure spring.jpa.open-in-view to disable this warning
2026-04-27 11:23:31 INFO  ScmsApplication - Started ScmsApplication in 1.859 seconds (process running for 8576.716)
2026-04-27 11:23:32 INFO  ScmsApplication - Starting ScmsApplication using Java 21.0.9 with PID 21720 (C:\Users\revanth.bethala\eclipse-workspace\scms\target\classes started by revanth.bethala in C:\Users\revanth.bethala\eclipse-workspace\scms)
2026-04-27 11:23:32 DEBUG ScmsApplication - Running with Spring Boot v4.0.6, Spring v7.0.7
2026-04-27 11:23:32 INFO  ScmsApplication - No active profile set, falling back to 1 default profile: "default"
2026-04-27 11:23:34 WARN  JpaBaseConfiguration$JpaWebConfiguration - spring.jpa.open-in-view is enabled by default. Therefore, database queries may be performed during view rendering. Explicitly configure spring.jpa.open-in-view to disable this warning
2026-04-27 11:23:34 INFO  ScmsApplication - Started ScmsApplication in 1.878 seconds (process running for 8580.317)
2026-04-27 11:23:37 INFO  ScmsApplication - Starting ScmsApplication using Java 21.0.9 with PID 21720 (C:\Users\revanth.bethala\eclipse-workspace\scms\target\classes started by revanth.bethala in C:\Users\revanth.bethala\eclipse-workspace\scms)
2026-04-27 11:23:37 DEBUG ScmsApplication - Running with Spring Boot v4.0.6, Spring v7.0.7
2026-04-27 11:23:37 INFO  ScmsApplication - No active profile set, falling back to 1 default profile: "default"
2026-04-27 11:23:38 WARN  JpaBaseConfiguration$JpaWebConfiguration - spring.jpa.open-in-view is enabled by default. Therefore, database queries may be performed during view rendering. Explicitly configure spring.jpa.open-in-view to disable this warning
2026-04-27 11:23:39 INFO  ScmsApplication - Started ScmsApplication in 1.63 seconds (process running for 8584.58)
2026-04-27 11:23:46 INFO  ScmsApplication - Starting ScmsApplication using Java 21.0.9 with PID 21720 (C:\Users\revanth.bethala\eclipse-workspace\scms\target\classes started by revanth.bethala in C:\Users\revanth.bethala\eclipse-workspace\scms)
2026-04-27 11:23:46 DEBUG ScmsApplication - Running with Spring Boot v4.0.6, Spring v7.0.7
2026-04-27 11:23:46 INFO  ScmsApplication - No active profile set, falling back to 1 default profile: "default"
2026-04-27 11:23:48 WARN  JpaBaseConfiguration$JpaWebConfiguration - spring.jpa.open-in-view is enabled by default. Therefore, database queries may be performed during view rendering. Explicitly configure spring.jpa.open-in-view to disable this warning
2026-04-27 11:23:48 INFO  ScmsApplication - Started ScmsApplication in 1.832 seconds (process running for 8594.267)
2026-04-27 11:23:58 INFO  ScmsApplication - Starting ScmsApplication using Java 21.0.9 with PID 21720 (C:\Users\revanth.bethala\eclipse-workspace\scms\target\classes started by revanth.bethala in C:\Users\revanth.bethala\eclipse-workspace\scms)
2026-04-27 11:23:58 DEBUG ScmsApplication - Running with Spring Boot v4.0.6, Spring v7.0.7
2026-04-27 11:23:58 INFO  ScmsApplication - No active profile set, falling back to 1 default profile: "default"
2026-04-27 11:24:00 WARN  JpaBaseConfiguration$JpaWebConfiguration - spring.jpa.open-in-view is enabled by default. Therefore, database queries may be performed during view rendering. Explicitly configure spring.jpa.open-in-view to disable this warning
2026-04-27 11:24:00 INFO  ScmsApplication - Started ScmsApplication in 1.877 seconds (process running for 8605.97)
2026-04-27 11:24:04 INFO  ScmsApplication - Starting ScmsApplication using Java 21.0.9 with PID 21720 (C:\Users\revanth.bethala\eclipse-workspace\scms\target\classes started by revanth.bethala in C:\Users\revanth.bethala\eclipse-workspace\scms)
2026-04-27 11:24:04 DEBUG ScmsApplication - Running with Spring Boot v4.0.6, Spring v7.0.7
2026-04-27 11:24:04 INFO  ScmsApplication - No active profile set, falling back to 1 default profile: "default"
2026-04-27 11:24:05 WARN  JpaBaseConfiguration$JpaWebConfiguration - spring.jpa.open-in-view is enabled by default. Therefore, database queries may be performed during view rendering. Explicitly configure spring.jpa.open-in-view to disable this warning
2026-04-27 11:24:05 INFO  ScmsApplication - Started ScmsApplication in 1.813 seconds (process running for 8611.443)
2026-04-27 11:24:12 INFO  ScmsApplication - Starting ScmsApplication using Java 21.0.9 with PID 21720 (C:\Users\revanth.bethala\eclipse-workspace\scms\target\classes started by revanth.bethala in C:\Users\revanth.bethala\eclipse-workspace\scms)
2026-04-27 11:24:12 DEBUG ScmsApplication - Running with Spring Boot v4.0.6, Spring v7.0.7
2026-04-27 11:24:12 INFO  ScmsApplication - No active profile set, falling back to 1 default profile: "default"
2026-04-27 11:24:14 WARN  JpaBaseConfiguration$JpaWebConfiguration - spring.jpa.open-in-view is enabled by default. Therefore, database queries may be performed during view rendering. Explicitly configure spring.jpa.open-in-view to disable this warning
2026-04-27 11:24:14 INFO  ScmsApplication - Started ScmsApplication in 1.925 seconds (process running for 8620.089)
2026-04-27 11:24:21 INFO  ScmsApplication - Starting ScmsApplication using Java 21.0.9 with PID 21720 (C:\Users\revanth.bethala\eclipse-workspace\scms\target\classes started by revanth.bethala in C:\Users\revanth.bethala\eclipse-workspace\scms)
2026-04-27 11:24:21 DEBUG ScmsApplication - Running with Spring Boot v4.0.6, Spring v7.0.7
2026-04-27 11:24:21 INFO  ScmsApplication - No active profile set, falling back to 1 default profile: "default"
2026-04-27 11:24:24 WARN  JpaBaseConfiguration$JpaWebConfiguration - spring.jpa.open-in-view is enabled by default. Therefore, database queries may be performed during view rendering. Explicitly configure spring.jpa.open-in-view to disable this warning
2026-04-27 11:24:24 INFO  ScmsApplication - Started ScmsApplication in 3.415 seconds (process running for 8630.326)
2026-04-27 11:24:39 INFO  RequestLoggingAspect - Request: com.academy.scms.controller.StudentController.getStudentEnrolledCourses
2026-04-27 11:24:39 DEBUG RequestLoggingAspect - Args: [1]
2026-04-27 11:24:39 ERROR GlobalExceptionHandler - Unhandled exception
jakarta.servlet.ServletException: Handler dispatch failed: java.lang.Error: Unresolved compilation problem: 
	cou cannot be resolved to a variable

	at org.springframework.web.servlet.DispatcherServlet.doDispatch(DispatcherServlet.java:978)
	at org.springframework.web.servlet.DispatcherServlet.doService(DispatcherServlet.java:866)
	at org.springframework.web.servlet.FrameworkServlet.processRequest(FrameworkServlet.java:1000)
	at org.springframework.web.servlet.FrameworkServlet.doGet(FrameworkServlet.java:892)
	at jakarta.servlet.http.HttpServlet.service(HttpServlet.java:622)
	at org.springframework.web.servlet.FrameworkServlet.service(FrameworkServlet.java:874)
	at jakarta.servlet.http.HttpServlet.service(HttpServlet.java:710)
	at org.apache.catalina.core.ApplicationFilterChain.doFilter(ApplicationFilterChain.java:128)
	at org.apache.tomcat.websocket.server.WsFilter.doFilter(WsFilter.java:53)
	at org.apache.catalina.core.ApplicationFilterChain.doFilter(ApplicationFilterChain.java:107)
	at org.springframework.web.filter.RequestContextFilter.doFilterInternal(RequestContextFilter.java:100)
	at org.springframework.web.filter.OncePerRequestFilter.doFilter(OncePerRequestFilter.java:116)
	at org.apache.catalina.core.ApplicationFilterChain.doFilter(ApplicationFilterChain.java:107)
	at org.springframework.web.filter.FormContentFilter.doFilterInternal(FormContentFilter.java:93)
	at org.springframework.web.filter.OncePerRequestFilter.doFilter(OncePerRequestFilter.java:116)
	at org.apache.catalina.core.ApplicationFilterChain.doFilter(ApplicationFilterChain.java:107)
	at org.springframework.web.filter.CharacterEncodingFilter.doFilterInternal(CharacterEncodingFilter.java:199)
	at org.springframework.web.filter.OncePerRequestFilter.doFilter(OncePerRequestFilter.java:116)
	at org.apache.catalina.core.ApplicationFilterChain.doFilter(ApplicationFilterChain.java:107)
	at org.apache.catalina.core.StandardWrapperValve.invoke(StandardWrapperValve.java:165)
	at org.apache.catalina.core.StandardContextValve.invoke(StandardContextValve.java:77)
	at org.apache.catalina.authenticator.AuthenticatorBase.invoke(AuthenticatorBase.java:492)
	at org.apache.catalina.core.StandardHostValve.invoke(StandardHostValve.java:113)
	at org.apache.catalina.valves.ErrorReportValve.invoke(ErrorReportValve.java:83)
	at org.apache.catalina.core.StandardEngineValve.invoke(StandardEngineValve.java:72)
	at org.apache.catalina.connector.CoyoteAdapter.service(CoyoteAdapter.java:341)
	at org.apache.coyote.http11.Http11Processor.service(Http11Processor.java:397)
	at org.apache.coyote.AbstractProcessorLight.process(AbstractProcessorLight.java:63)
	at org.apache.coyote.AbstractProtocol$ConnectionHandler.process(AbstractProtocol.java:903)
	at org.apache.tomcat.util.net.NioEndpoint$SocketProcessor.doRun(NioEndpoint.java:1801)
	at org.apache.tomcat.util.net.SocketProcessorBase.run(SocketProcessorBase.java:52)
	at org.apache.tomcat.util.threads.ThreadPoolExecutor.runWorker(ThreadPoolExecutor.java:946)
	at org.apache.tomcat.util.threads.ThreadPoolExecutor$Worker.run(ThreadPoolExecutor.java:480)
	at org.apache.tomcat.util.threads.TaskThread$WrappingRunnable.run(TaskThread.java:57)
	at java.base/java.lang.Thread.run(Thread.java:1583)
Caused by: java.lang.Error: Unresolved compilation problem: 
	cou cannot be resolved to a variable

	at com.academy.scms.controller.StudentController.getStudentEnrolledCourses(StudentController.java:57)
	at java.base/jdk.internal.reflect.DirectMethodHandleAccessor.invoke(DirectMethodHandleAccessor.java:103)
	at java.base/java.lang.reflect.Method.invoke(Method.java:580)
	at org.springframework.aop.support.AopUtils.invokeJoinpointUsingReflection(AopUtils.java:359)
	at org.springframework.aop.framework.ReflectiveMethodInvocation.invokeJoinpoint(ReflectiveMethodInvocation.java:190)
	at org.springframework.aop.framework.ReflectiveMethodInvocation.proceed(ReflectiveMethodInvocation.java:158)
	at org.springframework.aop.framework.adapter.MethodBeforeAdviceInterceptor.invoke(MethodBeforeAdviceInterceptor.java:57)
	at org.springframework.aop.framework.ReflectiveMethodInvocation.proceed(ReflectiveMethodInvocation.java:179)
	at org.springframework.aop.aspectj.AspectJAfterThrowingAdvice.invoke(AspectJAfterThrowingAdvice.java:63)
	at org.springframework.aop.framework.ReflectiveMethodInvocation.proceed(ReflectiveMethodInvocation.java:179)
	at org.springframework.aop.interceptor.ExposeInvocationInterceptor.invoke(ExposeInvocationInterceptor.java:96)
	at org.springframework.aop.framework.ReflectiveMethodInvocation.proceed(ReflectiveMethodInvocation.java:179)
	at org.springframework.aop.framework.CglibAopProxy$DynamicAdvisedInterceptor.intercept(CglibAopProxy.java:719)
	at com.academy.scms.controller.StudentController$$SpringCGLIB$$0.getStudentEnrolledCourses(<generated>)
	at java.base/jdk.internal.reflect.DirectMethodHandleAccessor.invoke(DirectMethodHandleAccessor.java:103)
	at java.base/java.lang.reflect.Method.invoke(Method.java:580)
	at org.springframework.web.method.support.InvocableHandlerMethod.doInvoke(InvocableHandlerMethod.java:252)
	at org.springframework.web.method.support.InvocableHandlerMethod.invokeForRequest(InvocableHandlerMethod.java:184)
	at org.springframework.web.servlet.mvc.method.annotation.ServletInvocableHandlerMethod.invokeAndHandle(ServletInvocableHandlerMethod.java:117)
	at org.springframework.web.servlet.mvc.method.annotation.RequestMappingHandlerAdapter.invokeHandlerMethod(RequestMappingHandlerAdapter.java:934)
	at org.springframework.web.servlet.mvc.method.annotation.RequestMappingHandlerAdapter.handleInternal(RequestMappingHandlerAdapter.java:853)
	at org.springframework.web.servlet.mvc.method.AbstractHandlerMethodAdapter.handle(AbstractHandlerMethodAdapter.java:86)
	at org.springframework.web.servlet.DispatcherServlet.doDispatch(DispatcherServlet.java:963)
	... 34 more
2026-04-27 11:24:39 WARN  ExceptionHandlerExceptionResolver - Resolved [jakarta.servlet.ServletException: Handler dispatch failed: java.lang.Error: Unresolved compilation problem: <EOL>?cou cannot be resolved to a variable<EOL>]
2026-04-27 11:25:28 INFO  ScmsApplication - Starting ScmsApplication using Java 21.0.9 with PID 21720 (C:\Users\revanth.bethala\eclipse-workspace\scms\target\classes started by revanth.bethala in C:\Users\revanth.bethala\eclipse-workspace\scms)
2026-04-27 11:25:28 DEBUG ScmsApplication - Running with Spring Boot v4.0.6, Spring v7.0.7
2026-04-27 11:25:28 INFO  ScmsApplication - No active profile set, falling back to 1 default profile: "default"
2026-04-27 11:25:30 WARN  JpaBaseConfiguration$JpaWebConfiguration - spring.jpa.open-in-view is enabled by default. Therefore, database queries may be performed during view rendering. Explicitly configure spring.jpa.open-in-view to disable this warning
2026-04-27 11:25:31 INFO  ScmsApplication - Started ScmsApplication in 2.958 seconds (process running for 8696.546)
2026-04-27 11:26:00 INFO  ScmsApplication - Starting ScmsApplication using Java 21.0.9 with PID 21720 (C:\Users\revanth.bethala\eclipse-workspace\scms\target\classes started by revanth.bethala in C:\Users\revanth.bethala\eclipse-workspace\scms)
2026-04-27 11:26:00 DEBUG ScmsApplication - Running with Spring Boot v4.0.6, Spring v7.0.7
2026-04-27 11:26:00 INFO  ScmsApplication - No active profile set, falling back to 1 default profile: "default"
2026-04-27 11:26:02 WARN  JpaBaseConfiguration$JpaWebConfiguration - spring.jpa.open-in-view is enabled by default. Therefore, database queries may be performed during view rendering. Explicitly configure spring.jpa.open-in-view to disable this warning
2026-04-27 11:26:02 INFO  ScmsApplication - Started ScmsApplication in 2.252 seconds (process running for 8728.358)
2026-04-27 11:26:11 INFO  RequestLoggingAspect - Request: com.academy.scms.controller.StudentController.getStudentEnrolledCourses
2026-04-27 11:26:11 DEBUG RequestLoggingAspect - Args: [1]
2026-04-27 11:26:11 INFO  ExecutionTimeAspect - StudentService.getStudentEnrolledCourses(..) executed in 20 ms
2026-04-27 11:27:44 INFO  ScmsApplication - Starting ScmsApplication using Java 21.0.9 with PID 21720 (C:\Users\revanth.bethala\eclipse-workspace\scms\target\classes started by revanth.bethala in C:\Users\revanth.bethala\eclipse-workspace\scms)
2026-04-27 11:27:44 DEBUG ScmsApplication - Running with Spring Boot v4.0.6, Spring v7.0.7
2026-04-27 11:27:44 INFO  ScmsApplication - No active profile set, falling back to 1 default profile: "default"
2026-04-27 11:27:47 WARN  JpaBaseConfiguration$JpaWebConfiguration - spring.jpa.open-in-view is enabled by default. Therefore, database queries may be performed during view rendering. Explicitly configure spring.jpa.open-in-view to disable this warning
2026-04-27 11:27:47 INFO  ScmsApplication - Started ScmsApplication in 3.013 seconds (process running for 8833.479)
2026-04-27 11:45:10 WARN  HikariPool - HikariPool-157 - Thread starvation or clock leap detected (housekeeper delta=17m24s753ms924µs700ns).
2026-04-27 13:39:27 WARN  HikariPool - HikariPool-157 - Thread starvation or clock leap detected (housekeeper delta=1h43m45s285ms575µs900ns).
2026-04-27 13:43:01 INFO  ScmsApplication - Starting ScmsApplication using Java 21.0.9 with PID 21720 (C:\Users\revanth.bethala\eclipse-workspace\scms\target\classes started by revanth.bethala in C:\Users\revanth.bethala\eclipse-workspace\scms)
2026-04-27 13:43:01 DEBUG ScmsApplication - Running with Spring Boot v4.0.6, Spring v7.0.7
2026-04-27 13:43:01 INFO  ScmsApplication - No active profile set, falling back to 1 default profile: "default"
2026-04-27 13:43:04 WARN  AnnotationConfigServletWebServerApplicationContext - Exception encountered during context initialization - cancelling refresh attempt: org.springframework.beans.factory.BeanCreationException: Error creating bean with name 'studentController' defined in file [C:\Users\revanth.bethala\eclipse-workspace\scms\target\classes\com\academy\scms\controller\StudentController.class]: Failed to instantiate [com.academy.scms.controller.StudentController]: Constructor threw exception
2026-04-27 13:43:04 ERROR SpringApplication - Application run failed
org.springframework.beans.factory.BeanCreationException: Error creating bean with name 'studentController' defined in file [C:\Users\revanth.bethala\eclipse-workspace\scms\target\classes\com\academy\scms\controller\StudentController.class]: Failed to instantiate [com.academy.scms.controller.StudentController]: Constructor threw exception
	at org.springframework.beans.factory.support.ConstructorResolver.instantiate(ConstructorResolver.java:321)
	at org.springframework.beans.factory.support.ConstructorResolver.autowireConstructor(ConstructorResolver.java:309)
	at org.springframework.beans.factory.support.AbstractAutowireCapableBeanFactory.autowireConstructor(AbstractAutowireCapableBeanFactory.java:1382)
	at org.springframework.beans.factory.support.AbstractAutowireCapableBeanFactory.createBeanInstance(AbstractAutowireCapableBeanFactory.java:1221)
	at org.springframework.beans.factory.support.AbstractAutowireCapableBeanFactory.doCreateBean(AbstractAutowireCapableBeanFactory.java:565)
	at org.springframework.beans.factory.support.AbstractAutowireCapableBeanFactory.createBean(AbstractAutowireCapableBeanFactory.java:525)
	at org.springframework.beans.factory.support.AbstractBeanFactory.lambda$doGetBean$0(AbstractBeanFactory.java:333)
	at org.springframework.beans.factory.support.DefaultSingletonBeanRegistry.getSingleton(DefaultSingletonBeanRegistry.java:371)
	at org.springframework.beans.factory.support.AbstractBeanFactory.doGetBean(AbstractBeanFactory.java:331)
	at org.springframework.beans.factory.support.AbstractBeanFactory.getBean(AbstractBeanFactory.java:196)
	at org.springframework.beans.factory.support.DefaultListableBeanFactory.instantiateSingleton(DefaultListableBeanFactory.java:1218)
	at org.springframework.beans.factory.support.DefaultListableBeanFactory.preInstantiateSingleton(DefaultListableBeanFactory.java:1184)
	at org.springframework.beans.factory.support.DefaultListableBeanFactory.preInstantiateSingletons(DefaultListableBeanFactory.java:1121)
	at org.springframework.context.support.AbstractApplicationContext.finishBeanFactoryInitialization(AbstractApplicationContext.java:994)
	at org.springframework.context.support.AbstractApplicationContext.refresh(AbstractApplicationContext.java:621)
	at org.springframework.boot.web.server.servlet.context.ServletWebServerApplicationContext.refresh(ServletWebServerApplicationContext.java:143)
	at org.springframework.boot.SpringApplication.refresh(SpringApplication.java:756)
	at org.springframework.boot.SpringApplication.refreshContext(SpringApplication.java:445)
	at org.springframework.boot.SpringApplication.run(SpringApplication.java:321)
	at org.springframework.boot.SpringApplication.run(SpringApplication.java:1365)
	at org.springframework.boot.SpringApplication.run(SpringApplication.java:1354)
	at com.academy.scms.ScmsApplication.main(ScmsApplication.java:10)
	at java.base/jdk.internal.reflect.DirectMethodHandleAccessor.invoke(DirectMethodHandleAccessor.java:103)
	at java.base/java.lang.reflect.Method.invoke(Method.java:580)
	at org.springframework.boot.devtools.restart.RestartLauncher.run(RestartLauncher.java:52)
Caused by: org.springframework.beans.BeanInstantiationException: Failed to instantiate [com.academy.scms.controller.StudentController]: Constructor threw exception
	at org.springframework.beans.BeanUtils.instantiateClass(BeanUtils.java:220)
	at org.springframework.beans.factory.support.SimpleInstantiationStrategy.instantiate(SimpleInstantiationStrategy.java:129)
	at org.springframework.beans.factory.support.ConstructorResolver.instantiate(ConstructorResolver.java:318)
	... 24 more
Caused by: java.lang.Error: Unresolved compilation problem: 
	Syntax error on token "}", delete this token

	at com.academy.scms.controller.StudentController.<init>(StudentController.java:110)
	at java.base/jdk.internal.reflect.DirectConstructorHandleAccessor.newInstance(DirectConstructorHandleAccessor.java:62)
	at java.base/java.lang.reflect.Constructor.newInstanceWithCaller(Constructor.java:502)
	at java.base/java.lang.reflect.Constructor.newInstance(Constructor.java:486)
	at org.springframework.beans.BeanUtils.instantiateClass(BeanUtils.java:207)
	... 26 more
2026-04-27 13:43:05 INFO  ScmsApplication - Starting ScmsApplication using Java 21.0.9 with PID 21720 (C:\Users\revanth.bethala\eclipse-workspace\scms\target\classes started by revanth.bethala in C:\Users\revanth.bethala\eclipse-workspace\scms)
2026-04-27 13:43:05 DEBUG ScmsApplication - Running with Spring Boot v4.0.6, Spring v7.0.7
2026-04-27 13:43:05 INFO  ScmsApplication - No active profile set, falling back to 1 default profile: "default"
2026-04-27 13:43:07 WARN  JpaBaseConfiguration$JpaWebConfiguration - spring.jpa.open-in-view is enabled by default. Therefore, database queries may be performed during view rendering. Explicitly configure spring.jpa.open-in-view to disable this warning
2026-04-27 13:43:08 INFO  ScmsApplication - Started ScmsApplication in 2.226 seconds (process running for 16953.575)
2026-04-27 13:43:10 INFO  ScmsApplication - Starting ScmsApplication using Java 21.0.9 with PID 21720 (C:\Users\revanth.bethala\eclipse-workspace\scms\target\classes started by revanth.bethala in C:\Users\revanth.bethala\eclipse-workspace\scms)
2026-04-27 13:43:10 DEBUG ScmsApplication - Running with Spring Boot v4.0.6, Spring v7.0.7
2026-04-27 13:43:10 INFO  ScmsApplication - No active profile set, falling back to 1 default profile: "default"
2026-04-27 13:43:11 WARN  JpaBaseConfiguration$JpaWebConfiguration - spring.jpa.open-in-view is enabled by default. Therefore, database queries may be performed during view rendering. Explicitly configure spring.jpa.open-in-view to disable this warning
2026-04-27 13:43:11 INFO  ScmsApplication - Started ScmsApplication in 1.952 seconds (process running for 16957.447)
2026-04-27 13:43:13 INFO  ScmsApplication - Starting ScmsApplication using Java 21.0.9 with PID 21720 (C:\Users\revanth.bethala\eclipse-workspace\scms\target\classes started by revanth.bethala in C:\Users\revanth.bethala\eclipse-workspace\scms)
2026-04-27 13:43:13 DEBUG ScmsApplication - Running with Spring Boot v4.0.6, Spring v7.0.7
2026-04-27 13:43:13 INFO  ScmsApplication - No active profile set, falling back to 1 default profile: "default"
2026-04-27 13:43:15 WARN  JpaBaseConfiguration$JpaWebConfiguration - spring.jpa.open-in-view is enabled by default. Therefore, database queries may be performed during view rendering. Explicitly configure spring.jpa.open-in-view to disable this warning
2026-04-27 13:43:15 INFO  ScmsApplication - Started ScmsApplication in 1.936 seconds (process running for 16961.287)
2026-04-27 13:43:18 INFO  ScmsApplication - Starting ScmsApplication using Java 21.0.9 with PID 21720 (C:\Users\revanth.bethala\eclipse-workspace\scms\target\classes started by revanth.bethala in C:\Users\revanth.bethala\eclipse-workspace\scms)
2026-04-27 13:43:18 DEBUG ScmsApplication - Running with Spring Boot v4.0.6, Spring v7.0.7
2026-04-27 13:43:18 INFO  ScmsApplication - No active profile set, falling back to 1 default profile: "default"
2026-04-27 13:43:20 WARN  JpaBaseConfiguration$JpaWebConfiguration - spring.jpa.open-in-view is enabled by default. Therefore, database queries may be performed during view rendering. Explicitly configure spring.jpa.open-in-view to disable this warning
2026-04-27 13:43:20 INFO  ScmsApplication - Started ScmsApplication in 1.885 seconds (process running for 16966.331)
2026-04-27 13:43:35 INFO  ScmsApplication - Starting ScmsApplication using Java 21.0.9 with PID 21720 (C:\Users\revanth.bethala\eclipse-workspace\scms\target\classes started by revanth.bethala in C:\Users\revanth.bethala\eclipse-workspace\scms)
2026-04-27 13:43:35 DEBUG ScmsApplication - Running with Spring Boot v4.0.6, Spring v7.0.7
2026-04-27 13:43:35 INFO  ScmsApplication - No active profile set, falling back to 1 default profile: "default"
2026-04-27 13:43:36 WARN  JpaBaseConfiguration$JpaWebConfiguration - spring.jpa.open-in-view is enabled by default. Therefore, database queries may be performed during view rendering. Explicitly configure spring.jpa.open-in-view to disable this warning
2026-04-27 13:43:36 INFO  ScmsApplication - Started ScmsApplication in 1.995 seconds (process running for 16982.481)
2026-04-27 13:43:39 INFO  ScmsApplication - Starting ScmsApplication using Java 21.0.9 with PID 21720 (C:\Users\revanth.bethala\eclipse-workspace\scms\target\classes started by revanth.bethala in C:\Users\revanth.bethala\eclipse-workspace\scms)
2026-04-27 13:43:39 DEBUG ScmsApplication - Running with Spring Boot v4.0.6, Spring v7.0.7
2026-04-27 13:43:39 INFO  ScmsApplication - No active profile set, falling back to 1 default profile: "default"
2026-04-27 13:43:41 WARN  JpaBaseConfiguration$JpaWebConfiguration - spring.jpa.open-in-view is enabled by default. Therefore, database queries may be performed during view rendering. Explicitly configure spring.jpa.open-in-view to disable this warning
2026-04-27 13:43:41 INFO  ScmsApplication - Started ScmsApplication in 2.122 seconds (process running for 16987.323)
2026-04-27 13:43:43 INFO  ScmsApplication - Starting ScmsApplication using Java 21.0.9 with PID 21720 (C:\Users\revanth.bethala\eclipse-workspace\scms\target\classes started by revanth.bethala in C:\Users\revanth.bethala\eclipse-workspace\scms)
2026-04-27 13:43:43 DEBUG ScmsApplication - Running with Spring Boot v4.0.6, Spring v7.0.7
2026-04-27 13:43:43 INFO  ScmsApplication - No active profile set, falling back to 1 default profile: "default"
2026-04-27 13:43:45 WARN  JpaBaseConfiguration$JpaWebConfiguration - spring.jpa.open-in-view is enabled by default. Therefore, database queries may be performed during view rendering. Explicitly configure spring.jpa.open-in-view to disable this warning
2026-04-27 13:43:45 INFO  ScmsApplication - Started ScmsApplication in 2.088 seconds (process running for 16990.954)
2026-04-27 13:43:47 INFO  ScmsApplication - Starting ScmsApplication using Java 21.0.9 with PID 21720 (C:\Users\revanth.bethala\eclipse-workspace\scms\target\classes started by revanth.bethala in C:\Users\revanth.bethala\eclipse-workspace\scms)
2026-04-27 13:43:47 DEBUG ScmsApplication - Running with Spring Boot v4.0.6, Spring v7.0.7
2026-04-27 13:43:47 INFO  ScmsApplication - No active profile set, falling back to 1 default profile: "default"
2026-04-27 13:43:48 WARN  JpaBaseConfiguration$JpaWebConfiguration - spring.jpa.open-in-view is enabled by default. Therefore, database queries may be performed during view rendering. Explicitly configure spring.jpa.open-in-view to disable this warning
2026-04-27 13:43:48 INFO  ScmsApplication - Started ScmsApplication in 1.944 seconds (process running for 16994.461)
2026-04-27 13:43:53 INFO  ScmsApplication - Starting ScmsApplication using Java 21.0.9 with PID 21720 (C:\Users\revanth.bethala\eclipse-workspace\scms\target\classes started by revanth.bethala in C:\Users\revanth.bethala\eclipse-workspace\scms)
2026-04-27 13:43:53 DEBUG ScmsApplication - Running with Spring Boot v4.0.6, Spring v7.0.7
2026-04-27 13:43:53 INFO  ScmsApplication - No active profile set, falling back to 1 default profile: "default"
2026-04-27 13:43:57 WARN  JpaBaseConfiguration$JpaWebConfiguration - spring.jpa.open-in-view is enabled by default. Therefore, database queries may be performed during view rendering. Explicitly configure spring.jpa.open-in-view to disable this warning
2026-04-27 13:43:57 INFO  ScmsApplication - Started ScmsApplication in 4.063 seconds (process running for 17003.14)
2026-04-27 13:44:18 INFO  ScmsApplication - Starting ScmsApplication using Java 21.0.9 with PID 21720 (C:\Users\revanth.bethala\eclipse-workspace\scms\target\classes started by revanth.bethala in C:\Users\revanth.bethala\eclipse-workspace\scms)
2026-04-27 13:44:18 DEBUG ScmsApplication - Running with Spring Boot v4.0.6, Spring v7.0.7
2026-04-27 13:44:18 INFO  ScmsApplication - No active profile set, falling back to 1 default profile: "default"
2026-04-27 13:44:22 WARN  JpaBaseConfiguration$JpaWebConfiguration - spring.jpa.open-in-view is enabled by default. Therefore, database queries may be performed during view rendering. Explicitly configure spring.jpa.open-in-view to disable this warning
2026-04-27 13:44:22 INFO  ScmsApplication - Started ScmsApplication in 3.387 seconds (process running for 17027.85)
2026-04-27 13:44:40 INFO  ScmsApplication - Starting ScmsApplication using Java 21.0.9 with PID 21720 (C:\Users\revanth.bethala\eclipse-workspace\scms\target\classes started by revanth.bethala in C:\Users\revanth.bethala\eclipse-workspace\scms)
2026-04-27 13:44:40 DEBUG ScmsApplication - Running with Spring Boot v4.0.6, Spring v7.0.7
2026-04-27 13:44:40 INFO  ScmsApplication - No active profile set, falling back to 1 default profile: "default"
2026-04-27 13:44:41 WARN  JpaBaseConfiguration$JpaWebConfiguration - spring.jpa.open-in-view is enabled by default. Therefore, database queries may be performed during view rendering. Explicitly configure spring.jpa.open-in-view to disable this warning
2026-04-27 13:44:42 INFO  ScmsApplication - Started ScmsApplication in 2.057 seconds (process running for 17047.803)
2026-04-27 13:45:08 INFO  ScmsApplication - Starting ScmsApplication using Java 21.0.9 with PID 21720 (C:\Users\revanth.bethala\eclipse-workspace\scms\target\classes started by revanth.bethala in C:\Users\revanth.bethala\eclipse-workspace\scms)
2026-04-27 13:45:08 DEBUG ScmsApplication - Running with Spring Boot v4.0.6, Spring v7.0.7
2026-04-27 13:45:08 INFO  ScmsApplication - No active profile set, falling back to 1 default profile: "default"
2026-04-27 13:45:11 WARN  JpaBaseConfiguration$JpaWebConfiguration - spring.jpa.open-in-view is enabled by default. Therefore, database queries may be performed during view rendering. Explicitly configure spring.jpa.open-in-view to disable this warning
2026-04-27 13:45:11 INFO  ScmsApplication - Started ScmsApplication in 3.331 seconds (process running for 17077.198)
2026-04-27 13:45:23 INFO  ScmsApplication - Starting ScmsApplication using Java 21.0.9 with PID 21720 (C:\Users\revanth.bethala\eclipse-workspace\scms\target\classes started by revanth.bethala in C:\Users\revanth.bethala\eclipse-workspace\scms)
2026-04-27 13:45:23 DEBUG ScmsApplication - Running with Spring Boot v4.0.6, Spring v7.0.7
2026-04-27 13:45:23 INFO  ScmsApplication - No active profile set, falling back to 1 default profile: "default"
2026-04-27 13:45:24 WARN  JpaBaseConfiguration$JpaWebConfiguration - spring.jpa.open-in-view is enabled by default. Therefore, database queries may be performed during view rendering. Explicitly configure spring.jpa.open-in-view to disable this warning
2026-04-27 13:45:25 INFO  ScmsApplication - Started ScmsApplication in 1.964 seconds (process running for 17090.865)
2026-04-27 13:45:27 INFO  ScmsApplication - Starting ScmsApplication using Java 21.0.9 with PID 21720 (C:\Users\revanth.bethala\eclipse-workspace\scms\target\classes started by revanth.bethala in C:\Users\revanth.bethala\eclipse-workspace\scms)
2026-04-27 13:45:27 DEBUG ScmsApplication - Running with Spring Boot v4.0.6, Spring v7.0.7
2026-04-27 13:45:27 INFO  ScmsApplication - No active profile set, falling back to 1 default profile: "default"
2026-04-27 13:45:28 WARN  JpaBaseConfiguration$JpaWebConfiguration - spring.jpa.open-in-view is enabled by default. Therefore, database queries may be performed during view rendering. Explicitly configure spring.jpa.open-in-view to disable this warning
2026-04-27 13:45:29 INFO  ScmsApplication - Started ScmsApplication in 2.017 seconds (process running for 17094.721)
2026-04-27 13:45:45 INFO  ScmsApplication - Starting ScmsApplication using Java 21.0.9 with PID 21720 (C:\Users\revanth.bethala\eclipse-workspace\scms\target\classes started by revanth.bethala in C:\Users\revanth.bethala\eclipse-workspace\scms)
2026-04-27 13:45:45 DEBUG ScmsApplication - Running with Spring Boot v4.0.6, Spring v7.0.7
2026-04-27 13:45:45 INFO  ScmsApplication - No active profile set, falling back to 1 default profile: "default"
2026-04-27 13:45:47 WARN  JpaBaseConfiguration$JpaWebConfiguration - spring.jpa.open-in-view is enabled by default. Therefore, database queries may be performed during view rendering. Explicitly configure spring.jpa.open-in-view to disable this warning
2026-04-27 13:45:47 INFO  ScmsApplication - Started ScmsApplication in 1.947 seconds (process running for 17112.977)
2026-04-27 13:45:59 INFO  ScmsApplication - Starting ScmsApplication using Java 21.0.9 with PID 21720 (C:\Users\revanth.bethala\eclipse-workspace\scms\target\classes started by revanth.bethala in C:\Users\revanth.bethala\eclipse-workspace\scms)
2026-04-27 13:45:59 DEBUG ScmsApplication - Running with Spring Boot v4.0.6, Spring v7.0.7
2026-04-27 13:45:59 INFO  ScmsApplication - No active profile set, falling back to 1 default profile: "default"
2026-04-27 13:46:01 WARN  JpaBaseConfiguration$JpaWebConfiguration - spring.jpa.open-in-view is enabled by default. Therefore, database queries may be performed during view rendering. Explicitly configure spring.jpa.open-in-view to disable this warning
2026-04-27 13:46:01 INFO  ScmsApplication - Started ScmsApplication in 1.965 seconds (process running for 17126.925)
2026-04-27 13:46:53 INFO  ScmsApplication - Starting ScmsApplication using Java 21.0.9 with PID 21720 (C:\Users\revanth.bethala\eclipse-workspace\scms\target\classes started by revanth.bethala in C:\Users\revanth.bethala\eclipse-workspace\scms)
2026-04-27 13:46:53 DEBUG ScmsApplication - Running with Spring Boot v4.0.6, Spring v7.0.7
2026-04-27 13:46:53 INFO  ScmsApplication - No active profile set, falling back to 1 default profile: "default"
2026-04-27 13:46:56 WARN  JpaBaseConfiguration$JpaWebConfiguration - spring.jpa.open-in-view is enabled by default. Therefore, database queries may be performed during view rendering. Explicitly configure spring.jpa.open-in-view to disable this warning
2026-04-27 13:46:56 INFO  ScmsApplication - Started ScmsApplication in 3.191 seconds (process running for 17181.884)
2026-04-27 13:46:58 INFO  ScmsApplication - Starting ScmsApplication using Java 21.0.9 with PID 21720 (C:\Users\revanth.bethala\eclipse-workspace\scms\target\classes started by revanth.bethala in C:\Users\revanth.bethala\eclipse-workspace\scms)
2026-04-27 13:46:58 DEBUG ScmsApplication - Running with Spring Boot v4.0.6, Spring v7.0.7
2026-04-27 13:46:58 INFO  ScmsApplication - No active profile set, falling back to 1 default profile: "default"
2026-04-27 13:47:00 WARN  JpaBaseConfiguration$JpaWebConfiguration - spring.jpa.open-in-view is enabled by default. Therefore, database queries may be performed during view rendering. Explicitly configure spring.jpa.open-in-view to disable this warning
2026-04-27 13:47:00 INFO  ScmsApplication - Started ScmsApplication in 2.252 seconds (process running for 17186.083)
2026-04-27 13:47:05 INFO  ScmsApplication - Starting ScmsApplication using Java 21.0.9 with PID 21720 (C:\Users\revanth.bethala\eclipse-workspace\scms\target\classes started by revanth.bethala in C:\Users\revanth.bethala\eclipse-workspace\scms)
2026-04-27 13:47:05 DEBUG ScmsApplication - Running with Spring Boot v4.0.6, Spring v7.0.7
2026-04-27 13:47:05 INFO  ScmsApplication - No active profile set, falling back to 1 default profile: "default"
2026-04-27 13:47:06 WARN  JpaBaseConfiguration$JpaWebConfiguration - spring.jpa.open-in-view is enabled by default. Therefore, database queries may be performed during view rendering. Explicitly configure spring.jpa.open-in-view to disable this warning
2026-04-27 13:47:07 INFO  ScmsApplication - Started ScmsApplication in 1.892 seconds (process running for 17192.573)
2026-04-27 13:51:16 INFO  ScmsApplication - Starting ScmsApplication using Java 21.0.9 with PID 21720 (C:\Users\revanth.bethala\eclipse-workspace\scms\target\classes started by revanth.bethala in C:\Users\revanth.bethala\eclipse-workspace\scms)
2026-04-27 13:51:16 DEBUG ScmsApplication - Running with Spring Boot v4.0.6, Spring v7.0.7
2026-04-27 13:51:16 INFO  ScmsApplication - No active profile set, falling back to 1 default profile: "default"
2026-04-27 13:51:19 WARN  JpaBaseConfiguration$JpaWebConfiguration - spring.jpa.open-in-view is enabled by default. Therefore, database queries may be performed during view rendering. Explicitly configure spring.jpa.open-in-view to disable this warning
2026-04-27 13:51:20 INFO  ScmsApplication - Started ScmsApplication in 3.726 seconds (process running for 17445.693)
2026-04-27 13:51:22 INFO  ScmsApplication - Starting ScmsApplication using Java 21.0.9 with PID 21720 (C:\Users\revanth.bethala\eclipse-workspace\scms\target\classes started by revanth.bethala in C:\Users\revanth.bethala\eclipse-workspace\scms)
2026-04-27 13:51:22 DEBUG ScmsApplication - Running with Spring Boot v4.0.6, Spring v7.0.7
2026-04-27 13:51:22 INFO  ScmsApplication - No active profile set, falling back to 1 default profile: "default"
2026-04-27 13:51:24 WARN  JpaBaseConfiguration$JpaWebConfiguration - spring.jpa.open-in-view is enabled by default. Therefore, database queries may be performed during view rendering. Explicitly configure spring.jpa.open-in-view to disable this warning
2026-04-27 13:51:24 INFO  ScmsApplication - Started ScmsApplication in 1.721 seconds (process running for 17449.996)
2026-04-27 13:51:26 INFO  ScmsApplication - Starting ScmsApplication using Java 21.0.9 with PID 21720 (C:\Users\revanth.bethala\eclipse-workspace\scms\target\classes started by revanth.bethala in C:\Users\revanth.bethala\eclipse-workspace\scms)
2026-04-27 13:51:26 DEBUG ScmsApplication - Running with Spring Boot v4.0.6, Spring v7.0.7
2026-04-27 13:51:26 INFO  ScmsApplication - No active profile set, falling back to 1 default profile: "default"
2026-04-27 13:51:27 WARN  JpaBaseConfiguration$JpaWebConfiguration - spring.jpa.open-in-view is enabled by default. Therefore, database queries may be performed during view rendering. Explicitly configure spring.jpa.open-in-view to disable this warning
2026-04-27 13:51:28 INFO  ScmsApplication - Started ScmsApplication in 2.045 seconds (process running for 17453.737)
2026-04-27 13:51:44 INFO  ScmsApplication - Starting ScmsApplication using Java 21.0.9 with PID 21720 (C:\Users\revanth.bethala\eclipse-workspace\scms\target\classes started by revanth.bethala in C:\Users\revanth.bethala\eclipse-workspace\scms)
2026-04-27 13:51:44 DEBUG ScmsApplication - Running with Spring Boot v4.0.6, Spring v7.0.7
2026-04-27 13:51:44 INFO  ScmsApplication - No active profile set, falling back to 1 default profile: "default"
2026-04-27 13:51:46 WARN  JpaBaseConfiguration$JpaWebConfiguration - spring.jpa.open-in-view is enabled by default. Therefore, database queries may be performed during view rendering. Explicitly configure spring.jpa.open-in-view to disable this warning
2026-04-27 13:51:47 INFO  ScmsApplication - Started ScmsApplication in 3.185 seconds (process running for 17472.898)
2026-04-27 13:52:02 INFO  ScmsApplication - Starting ScmsApplication using Java 21.0.9 with PID 21720 (C:\Users\revanth.bethala\eclipse-workspace\scms\target\classes started by revanth.bethala in C:\Users\revanth.bethala\eclipse-workspace\scms)
2026-04-27 13:52:02 DEBUG ScmsApplication - Running with Spring Boot v4.0.6, Spring v7.0.7
2026-04-27 13:52:02 INFO  ScmsApplication - No active profile set, falling back to 1 default profile: "default"
2026-04-27 13:52:03 WARN  JpaBaseConfiguration$JpaWebConfiguration - spring.jpa.open-in-view is enabled by default. Therefore, database queries may be performed during view rendering. Explicitly configure spring.jpa.open-in-view to disable this warning
2026-04-27 13:52:04 INFO  ScmsApplication - Started ScmsApplication in 1.952 seconds (process running for 17489.755)
2026-04-27 13:52:49 INFO  ScmsApplication - Starting ScmsApplication using Java 21.0.9 with PID 21720 (C:\Users\revanth.bethala\eclipse-workspace\scms\target\classes started by revanth.bethala in C:\Users\revanth.bethala\eclipse-workspace\scms)
2026-04-27 13:52:49 DEBUG ScmsApplication - Running with Spring Boot v4.0.6, Spring v7.0.7
2026-04-27 13:52:49 INFO  ScmsApplication - No active profile set, falling back to 1 default profile: "default"
2026-04-27 13:52:52 WARN  JpaBaseConfiguration$JpaWebConfiguration - spring.jpa.open-in-view is enabled by default. Therefore, database queries may be performed during view rendering. Explicitly configure spring.jpa.open-in-view to disable this warning
2026-04-27 13:52:52 INFO  ScmsApplication - Started ScmsApplication in 3.245 seconds (process running for 17538.056)
2026-04-27 13:53:06 INFO  ScmsApplication - Starting ScmsApplication using Java 21.0.9 with PID 21720 (C:\Users\revanth.bethala\eclipse-workspace\scms\target\classes started by revanth.bethala in C:\Users\revanth.bethala\eclipse-workspace\scms)
2026-04-27 13:53:06 DEBUG ScmsApplication - Running with Spring Boot v4.0.6, Spring v7.0.7
2026-04-27 13:53:06 INFO  ScmsApplication - No active profile set, falling back to 1 default profile: "default"
2026-04-27 13:53:08 WARN  JpaBaseConfiguration$JpaWebConfiguration - spring.jpa.open-in-view is enabled by default. Therefore, database queries may be performed during view rendering. Explicitly configure spring.jpa.open-in-view to disable this warning
2026-04-27 13:53:08 INFO  ScmsApplication - Started ScmsApplication in 2.039 seconds (process running for 17554.274)
2026-04-27 14:05:16 INFO  ScmsApplication - Starting ScmsApplication using Java 21.0.9 with PID 21720 (C:\Users\revanth.bethala\eclipse-workspace\scms\target\classes started by revanth.bethala in C:\Users\revanth.bethala\eclipse-workspace\scms)
2026-04-27 14:05:16 DEBUG ScmsApplication - Running with Spring Boot v4.0.6, Spring v7.0.7
2026-04-27 14:05:16 INFO  ScmsApplication - No active profile set, falling back to 1 default profile: "default"
2026-04-27 14:05:19 WARN  JpaBaseConfiguration$JpaWebConfiguration - spring.jpa.open-in-view is enabled by default. Therefore, database queries may be performed during view rendering. Explicitly configure spring.jpa.open-in-view to disable this warning
2026-04-27 14:05:20 INFO  ScmsApplication - Started ScmsApplication in 3.62 seconds (process running for 18285.808)
2026-04-27 14:05:44 INFO  ScmsApplication - Starting ScmsApplication using Java 21.0.9 with PID 21720 (C:\Users\revanth.bethala\eclipse-workspace\scms\target\classes started by revanth.bethala in C:\Users\revanth.bethala\eclipse-workspace\scms)
2026-04-27 14:05:44 DEBUG ScmsApplication - Running with Spring Boot v4.0.6, Spring v7.0.7
2026-04-27 14:05:44 INFO  ScmsApplication - No active profile set, falling back to 1 default profile: "default"
2026-04-27 14:05:46 WARN  AnnotationConfigServletWebServerApplicationContext - Exception encountered during context initialization - cancelling refresh attempt: org.springframework.beans.factory.BeanCreationException: Error creating bean with name 'authController': Lookup method resolution failed
2026-04-27 14:05:46 ERROR SpringApplication - Application run failed
org.springframework.beans.factory.BeanCreationException: Error creating bean with name 'authController': Lookup method resolution failed
	at org.springframework.beans.factory.annotation.AutowiredAnnotationBeanPostProcessor.checkLookupMethods(AutowiredAnnotationBeanPostProcessor.java:482)
	at org.springframework.beans.factory.annotation.AutowiredAnnotationBeanPostProcessor.determineCandidateConstructors(AutowiredAnnotationBeanPostProcessor.java:352)
	at org.springframework.beans.factory.support.AbstractAutowireCapableBeanFactory.determineConstructorsFromBeanPostProcessors(AbstractAutowireCapableBeanFactory.java:1321)
	at org.springframework.beans.factory.support.AbstractAutowireCapableBeanFactory.createBeanInstance(AbstractAutowireCapableBeanFactory.java:1218)
	at org.springframework.beans.factory.support.AbstractAutowireCapableBeanFactory.doCreateBean(AbstractAutowireCapableBeanFactory.java:565)
	at org.springframework.beans.factory.support.AbstractAutowireCapableBeanFactory.createBean(AbstractAutowireCapableBeanFactory.java:525)
	at org.springframework.beans.factory.support.AbstractBeanFactory.lambda$doGetBean$0(AbstractBeanFactory.java:333)
	at org.springframework.beans.factory.support.DefaultSingletonBeanRegistry.getSingleton(DefaultSingletonBeanRegistry.java:371)
	at org.springframework.beans.factory.support.AbstractBeanFactory.doGetBean(AbstractBeanFactory.java:331)
	at org.springframework.beans.factory.support.AbstractBeanFactory.getBean(AbstractBeanFactory.java:196)
	at org.springframework.beans.factory.support.DefaultListableBeanFactory.instantiateSingleton(DefaultListableBeanFactory.java:1218)
	at org.springframework.beans.factory.support.DefaultListableBeanFactory.preInstantiateSingleton(DefaultListableBeanFactory.java:1184)
	at org.springframework.beans.factory.support.DefaultListableBeanFactory.preInstantiateSingletons(DefaultListableBeanFactory.java:1121)
	at org.springframework.context.support.AbstractApplicationContext.finishBeanFactoryInitialization(AbstractApplicationContext.java:994)
	at org.springframework.context.support.AbstractApplicationContext.refresh(AbstractApplicationContext.java:621)
	at org.springframework.boot.web.server.servlet.context.ServletWebServerApplicationContext.refresh(ServletWebServerApplicationContext.java:143)
	at org.springframework.boot.SpringApplication.refresh(SpringApplication.java:756)
	at org.springframework.boot.SpringApplication.refreshContext(SpringApplication.java:445)
	at org.springframework.boot.SpringApplication.run(SpringApplication.java:321)
	at org.springframework.boot.SpringApplication.run(SpringApplication.java:1365)
	at org.springframework.boot.SpringApplication.run(SpringApplication.java:1354)
	at com.academy.scms.ScmsApplication.main(ScmsApplication.java:10)
	at java.base/jdk.internal.reflect.DirectMethodHandleAccessor.invoke(DirectMethodHandleAccessor.java:103)
	at java.base/java.lang.reflect.Method.invoke(Method.java:580)
	at org.springframework.boot.devtools.restart.RestartLauncher.run(RestartLauncher.java:52)
Caused by: java.lang.IllegalStateException: Failed to introspect Class [com.academy.scms.controller.AuthController] from ClassLoader [org.springframework.boot.devtools.restart.classloader.RestartClassLoader@380b71a6]
	at org.springframework.util.ReflectionUtils.getDeclaredMethods(ReflectionUtils.java:483)
	at org.springframework.util.ReflectionUtils.doWithLocalMethods(ReflectionUtils.java:320)
	at org.springframework.beans.factory.annotation.AutowiredAnnotationBeanPostProcessor.checkLookupMethods(AutowiredAnnotationBeanPostProcessor.java:460)
	... 24 more
Caused by: java.lang.NoClassDefFoundError: RegistrationDto
	at java.base/java.lang.Class.getDeclaredMethods0(Native Method)
	at java.base/java.lang.Class.privateGetDeclaredMethods(Class.java:3580)
	at java.base/java.lang.Class.getDeclaredMethods(Class.java:2678)
	at org.springframework.util.ReflectionUtils.getDeclaredMethods(ReflectionUtils.java:465)
	... 26 more
Caused by: java.lang.ClassNotFoundException: RegistrationDto
	at java.base/jdk.internal.loader.BuiltinClassLoader.loadClass(BuiltinClassLoader.java:641)
	at java.base/jdk.internal.loader.ClassLoaders$AppClassLoader.loadClass(ClassLoaders.java:188)
	at java.base/java.lang.ClassLoader.loadClass(ClassLoader.java:526)
	at java.base/java.lang.Class.forName0(Native Method)
	at java.base/java.lang.Class.forName(Class.java:536)
	at java.base/java.lang.Class.forName(Class.java:515)
	at org.springframework.boot.devtools.restart.classloader.RestartClassLoader.loadClass(RestartClassLoader.java:123)
	at java.base/java.lang.ClassLoader.loadClass(ClassLoader.java:526)
	... 30 more
2026-04-27 14:05:52 INFO  ScmsApplication - Starting ScmsApplication using Java 21.0.9 with PID 21720 (C:\Users\revanth.bethala\eclipse-workspace\scms\target\classes started by revanth.bethala in C:\Users\revanth.bethala\eclipse-workspace\scms)
2026-04-27 14:05:52 DEBUG ScmsApplication - Running with Spring Boot v4.0.6, Spring v7.0.7
2026-04-27 14:05:52 INFO  ScmsApplication - No active profile set, falling back to 1 default profile: "default"
2026-04-27 14:05:55 WARN  AnnotationConfigServletWebServerApplicationContext - Exception encountered during context initialization - cancelling refresh attempt: org.springframework.beans.factory.UnsatisfiedDependencyException: Error creating bean with name 'authController' defined in file [C:\Users\revanth.bethala\eclipse-workspace\scms\target\classes\com\academy\scms\controller\AuthController.class]: Unsatisfied dependency expressed through constructor parameter 0: Error creating bean with name 'authService': Lookup method resolution failed
2026-04-27 14:05:56 ERROR SpringApplication - Application run failed
org.springframework.beans.factory.UnsatisfiedDependencyException: Error creating bean with name 'authController' defined in file [C:\Users\revanth.bethala\eclipse-workspace\scms\target\classes\com\academy\scms\controller\AuthController.class]: Unsatisfied dependency expressed through constructor parameter 0: Error creating bean with name 'authService': Lookup method resolution failed
	at org.springframework.beans.factory.support.ConstructorResolver.createArgumentArray(ConstructorResolver.java:804)
	at org.springframework.beans.factory.support.ConstructorResolver.autowireConstructor(ConstructorResolver.java:240)
	at org.springframework.beans.factory.support.AbstractAutowireCapableBeanFactory.autowireConstructor(AbstractAutowireCapableBeanFactory.java:1382)
	at org.springframework.beans.factory.support.AbstractAutowireCapableBeanFactory.createBeanInstance(AbstractAutowireCapableBeanFactory.java:1221)
	at org.springframework.beans.factory.support.AbstractAutowireCapableBeanFactory.doCreateBean(AbstractAutowireCapableBeanFactory.java:565)
	at org.springframework.beans.factory.support.AbstractAutowireCapableBeanFactory.createBean(AbstractAutowireCapableBeanFactory.java:525)
	at org.springframework.beans.factory.support.AbstractBeanFactory.lambda$doGetBean$0(AbstractBeanFactory.java:333)
	at org.springframework.beans.factory.support.DefaultSingletonBeanRegistry.getSingleton(DefaultSingletonBeanRegistry.java:371)
	at org.springframework.beans.factory.support.AbstractBeanFactory.doGetBean(AbstractBeanFactory.java:331)
	at org.springframework.beans.factory.support.AbstractBeanFactory.getBean(AbstractBeanFactory.java:196)
	at org.springframework.beans.factory.support.DefaultListableBeanFactory.instantiateSingleton(DefaultListableBeanFactory.java:1218)
	at org.springframework.beans.factory.support.DefaultListableBeanFactory.preInstantiateSingleton(DefaultListableBeanFactory.java:1184)
	at org.springframework.beans.factory.support.DefaultListableBeanFactory.preInstantiateSingletons(DefaultListableBeanFactory.java:1121)
	at org.springframework.context.support.AbstractApplicationContext.finishBeanFactoryInitialization(AbstractApplicationContext.java:994)
	at org.springframework.context.support.AbstractApplicationContext.refresh(AbstractApplicationContext.java:621)
	at org.springframework.boot.web.server.servlet.context.ServletWebServerApplicationContext.refresh(ServletWebServerApplicationContext.java:143)
	at org.springframework.boot.SpringApplication.refresh(SpringApplication.java:756)
	at org.springframework.boot.SpringApplication.refreshContext(SpringApplication.java:445)
	at org.springframework.boot.SpringApplication.run(SpringApplication.java:321)
	at org.springframework.boot.SpringApplication.run(SpringApplication.java:1365)
	at org.springframework.boot.SpringApplication.run(SpringApplication.java:1354)
	at com.academy.scms.ScmsApplication.main(ScmsApplication.java:10)
	at java.base/jdk.internal.reflect.DirectMethodHandleAccessor.invoke(DirectMethodHandleAccessor.java:103)
	at java.base/java.lang.reflect.Method.invoke(Method.java:580)
	at org.springframework.boot.devtools.restart.RestartLauncher.run(RestartLauncher.java:52)
Caused by: org.springframework.beans.factory.BeanCreationException: Error creating bean with name 'authService': Lookup method resolution failed
	at org.springframework.beans.factory.annotation.AutowiredAnnotationBeanPostProcessor.checkLookupMethods(AutowiredAnnotationBeanPostProcessor.java:482)
	at org.springframework.beans.factory.annotation.AutowiredAnnotationBeanPostProcessor.determineCandidateConstructors(AutowiredAnnotationBeanPostProcessor.java:352)
	at org.springframework.beans.factory.support.AbstractAutowireCapableBeanFactory.determineConstructorsFromBeanPostProcessors(AbstractAutowireCapableBeanFactory.java:1321)
	at org.springframework.beans.factory.support.AbstractAutowireCapableBeanFactory.createBeanInstance(AbstractAutowireCapableBeanFactory.java:1218)
	at org.springframework.beans.factory.support.AbstractAutowireCapableBeanFactory.doCreateBean(AbstractAutowireCapableBeanFactory.java:565)
	at org.springframework.beans.factory.support.AbstractAutowireCapableBeanFactory.createBean(AbstractAutowireCapableBeanFactory.java:525)
	at org.springframework.beans.factory.support.AbstractBeanFactory.lambda$doGetBean$0(AbstractBeanFactory.java:333)
	at org.springframework.beans.factory.support.DefaultSingletonBeanRegistry.getSingleton(DefaultSingletonBeanRegistry.java:371)
	at org.springframework.beans.factory.support.AbstractBeanFactory.doGetBean(AbstractBeanFactory.java:331)
	at org.springframework.beans.factory.support.AbstractBeanFactory.getBean(AbstractBeanFactory.java:201)
	at org.springframework.beans.factory.support.DefaultListableBeanFactory.resolveBean(DefaultListableBeanFactory.java:1225)
	at org.springframework.beans.factory.support.DefaultListableBeanFactory.doResolveDependency(DefaultListableBeanFactory.java:1704)
	at org.springframework.beans.factory.support.DefaultListableBeanFactory.resolveDependency(DefaultListableBeanFactory.java:1651)
	at org.springframework.beans.factory.support.ConstructorResolver.resolveAutowiredArgument(ConstructorResolver.java:912)
	at org.springframework.beans.factory.support.ConstructorResolver.createArgumentArray(ConstructorResolver.java:791)
	... 24 more
Caused by: java.lang.IllegalStateException: Failed to introspect Class [com.academy.scms.service.AuthService] from ClassLoader [org.springframework.boot.devtools.restart.classloader.RestartClassLoader@68b08640]
	at org.springframework.util.ReflectionUtils.getDeclaredMethods(ReflectionUtils.java:483)
	at org.springframework.util.ReflectionUtils.doWithLocalMethods(ReflectionUtils.java:320)
	at org.springframework.beans.factory.annotation.AutowiredAnnotationBeanPostProcessor.checkLookupMethods(AutowiredAnnotationBeanPostProcessor.java:460)
	... 38 more
Caused by: java.lang.NoClassDefFoundError: RegistrationDto
	at java.base/java.lang.Class.getDeclaredMethods0(Native Method)
	at java.base/java.lang.Class.privateGetDeclaredMethods(Class.java:3580)
	at java.base/java.lang.Class.getDeclaredMethods(Class.java:2678)
	at org.springframework.util.ReflectionUtils.getDeclaredMethods(ReflectionUtils.java:465)
	... 40 more
Caused by: java.lang.ClassNotFoundException: RegistrationDto
	at java.base/jdk.internal.loader.BuiltinClassLoader.loadClass(BuiltinClassLoader.java:641)
	at java.base/jdk.internal.loader.ClassLoaders$AppClassLoader.loadClass(ClassLoaders.java:188)
	at java.base/java.lang.ClassLoader.loadClass(ClassLoader.java:526)
	at java.base/java.lang.Class.forName0(Native Method)
	at java.base/java.lang.Class.forName(Class.java:536)
	at java.base/java.lang.Class.forName(Class.java:515)
	at org.springframework.boot.devtools.restart.classloader.RestartClassLoader.loadClass(RestartClassLoader.java:123)
	at java.base/java.lang.ClassLoader.loadClass(ClassLoader.java:526)
	... 44 more
2026-04-27 14:06:05 INFO  ScmsApplication - Starting ScmsApplication using Java 21.0.9 with PID 21720 (C:\Users\revanth.bethala\eclipse-workspace\scms\target\classes started by revanth.bethala in C:\Users\revanth.bethala\eclipse-workspace\scms)
2026-04-27 14:06:05 DEBUG ScmsApplication - Running with Spring Boot v4.0.6, Spring v7.0.7
2026-04-27 14:06:05 INFO  ScmsApplication - No active profile set, falling back to 1 default profile: "default"
2026-04-27 14:06:08 WARN  JpaBaseConfiguration$JpaWebConfiguration - spring.jpa.open-in-view is enabled by default. Therefore, database queries may be performed during view rendering. Explicitly configure spring.jpa.open-in-view to disable this warning
2026-04-27 14:06:08 INFO  ScmsApplication - Started ScmsApplication in 2.657 seconds (process running for 18334.06)
2026-04-27 14:06:21 INFO  ScmsApplication - Starting ScmsApplication using Java 21.0.9 with PID 21720 (C:\Users\revanth.bethala\eclipse-workspace\scms\target\classes started by revanth.bethala in C:\Users\revanth.bethala\eclipse-workspace\scms)
2026-04-27 14:06:21 DEBUG ScmsApplication - Running with Spring Boot v4.0.6, Spring v7.0.7
2026-04-27 14:06:21 INFO  ScmsApplication - No active profile set, falling back to 1 default profile: "default"
2026-04-27 14:06:23 WARN  JpaBaseConfiguration$JpaWebConfiguration - spring.jpa.open-in-view is enabled by default. Therefore, database queries may be performed during view rendering. Explicitly configure spring.jpa.open-in-view to disable this warning
2026-04-27 14:06:23 INFO  ScmsApplication - Started ScmsApplication in 1.901 seconds (process running for 18348.988)
2026-04-27 14:06:25 INFO  ScmsApplication - Starting ScmsApplication using Java 21.0.9 with PID 21720 (C:\Users\revanth.bethala\eclipse-workspace\scms\target\classes started by revanth.bethala in C:\Users\revanth.bethala\eclipse-workspace\scms)
2026-04-27 14:06:25 DEBUG ScmsApplication - Running with Spring Boot v4.0.6, Spring v7.0.7
2026-04-27 14:06:25 INFO  ScmsApplication - No active profile set, falling back to 1 default profile: "default"
2026-04-27 14:06:26 WARN  JpaBaseConfiguration$JpaWebConfiguration - spring.jpa.open-in-view is enabled by default. Therefore, database queries may be performed during view rendering. Explicitly configure spring.jpa.open-in-view to disable this warning
2026-04-27 14:06:27 INFO  ScmsApplication - Started ScmsApplication in 2.072 seconds (process running for 18352.844)
2026-04-27 14:06:44 INFO  ScmsApplication - Starting ScmsApplication using Java 21.0.9 with PID 21720 (C:\Users\revanth.bethala\eclipse-workspace\scms\target\classes started by revanth.bethala in C:\Users\revanth.bethala\eclipse-workspace\scms)
2026-04-27 14:06:44 DEBUG ScmsApplication - Running with Spring Boot v4.0.6, Spring v7.0.7
2026-04-27 14:06:44 INFO  ScmsApplication - No active profile set, falling back to 1 default profile: "default"
2026-04-27 14:06:46 WARN  JpaBaseConfiguration$JpaWebConfiguration - spring.jpa.open-in-view is enabled by default. Therefore, database queries may be performed during view rendering. Explicitly configure spring.jpa.open-in-view to disable this warning
2026-04-27 14:06:46 INFO  ScmsApplication - Started ScmsApplication in 2.124 seconds (process running for 18372.287)
2026-04-27 14:07:01 INFO  ScmsApplication - Starting ScmsApplication using Java 21.0.9 with PID 21720 (C:\Users\revanth.bethala\eclipse-workspace\scms\target\classes started by revanth.bethala in C:\Users\revanth.bethala\eclipse-workspace\scms)
2026-04-27 14:07:01 DEBUG ScmsApplication - Running with Spring Boot v4.0.6, Spring v7.0.7
2026-04-27 14:07:01 INFO  ScmsApplication - No active profile set, falling back to 1 default profile: "default"
2026-04-27 14:07:04 WARN  JpaBaseConfiguration$JpaWebConfiguration - spring.jpa.open-in-view is enabled by default. Therefore, database queries may be performed during view rendering. Explicitly configure spring.jpa.open-in-view to disable this warning
2026-04-27 14:07:05 INFO  ScmsApplication - Started ScmsApplication in 3.358 seconds (process running for 18390.823)
2026-04-27 14:07:06 INFO  ScmsApplication - Starting ScmsApplication using Java 21.0.9 with PID 21720 (C:\Users\revanth.bethala\eclipse-workspace\scms\target\classes started by revanth.bethala in C:\Users\revanth.bethala\eclipse-workspace\scms)
2026-04-27 14:07:06 DEBUG ScmsApplication - Running with Spring Boot v4.0.6, Spring v7.0.7
2026-04-27 14:07:06 INFO  ScmsApplication - No active profile set, falling back to 1 default profile: "default"
2026-04-27 14:07:08 WARN  JpaBaseConfiguration$JpaWebConfiguration - spring.jpa.open-in-view is enabled by default. Therefore, database queries may be performed during view rendering. Explicitly configure spring.jpa.open-in-view to disable this warning
2026-04-27 14:07:08 INFO  ScmsApplication - Started ScmsApplication in 2.176 seconds (process running for 18394.473)
2026-04-27 14:07:12 INFO  ScmsApplication - Starting ScmsApplication using Java 21.0.9 with PID 21720 (C:\Users\revanth.bethala\eclipse-workspace\scms\target\classes started by revanth.bethala in C:\Users\revanth.bethala\eclipse-workspace\scms)
2026-04-27 14:07:12 DEBUG ScmsApplication - Running with Spring Boot v4.0.6, Spring v7.0.7
2026-04-27 14:07:12 INFO  ScmsApplication - No active profile set, falling back to 1 default profile: "default"
2026-04-27 14:07:14 WARN  JpaBaseConfiguration$JpaWebConfiguration - spring.jpa.open-in-view is enabled by default. Therefore, database queries may be performed during view rendering. Explicitly configure spring.jpa.open-in-view to disable this warning
2026-04-27 14:07:14 INFO  ScmsApplication - Started ScmsApplication in 1.976 seconds (process running for 18400.117)
2026-04-27 14:07:16 INFO  ScmsApplication - Starting ScmsApplication using Java 21.0.9 with PID 21720 (C:\Users\revanth.bethala\eclipse-workspace\scms\target\classes started by revanth.bethala in C:\Users\revanth.bethala\eclipse-workspace\scms)
2026-04-27 14:07:16 DEBUG ScmsApplication - Running with Spring Boot v4.0.6, Spring v7.0.7
2026-04-27 14:07:16 INFO  ScmsApplication - No active profile set, falling back to 1 default profile: "default"
2026-04-27 14:07:17 WARN  JpaBaseConfiguration$JpaWebConfiguration - spring.jpa.open-in-view is enabled by default. Therefore, database queries may be performed during view rendering. Explicitly configure spring.jpa.open-in-view to disable this warning
2026-04-27 14:07:18 INFO  ScmsApplication - Started ScmsApplication in 1.827 seconds (process running for 18403.758)
2026-04-27 14:07:56 INFO  ScmsApplication - Starting ScmsApplication using Java 21.0.9 with PID 21720 (C:\Users\revanth.bethala\eclipse-workspace\scms\target\classes started by revanth.bethala in C:\Users\revanth.bethala\eclipse-workspace\scms)
2026-04-27 14:07:56 DEBUG ScmsApplication - Running with Spring Boot v4.0.6, Spring v7.0.7
2026-04-27 14:07:56 INFO  ScmsApplication - No active profile set, falling back to 1 default profile: "default"
2026-04-27 14:07:58 WARN  JpaBaseConfiguration$JpaWebConfiguration - spring.jpa.open-in-view is enabled by default. Therefore, database queries may be performed during view rendering. Explicitly configure spring.jpa.open-in-view to disable this warning
2026-04-27 14:07:58 INFO  ScmsApplication - Started ScmsApplication in 2.527 seconds (process running for 18444.406)
2026-04-27 14:08:04 INFO  ScmsApplication - Starting ScmsApplication using Java 21.0.9 with PID 21720 (C:\Users\revanth.bethala\eclipse-workspace\scms\target\classes started by revanth.bethala in C:\Users\revanth.bethala\eclipse-workspace\scms)
2026-04-27 14:08:04 DEBUG ScmsApplication - Running with Spring Boot v4.0.6, Spring v7.0.7
2026-04-27 14:08:04 INFO  ScmsApplication - No active profile set, falling back to 1 default profile: "default"
2026-04-27 14:08:08 WARN  JpaBaseConfiguration$JpaWebConfiguration - spring.jpa.open-in-view is enabled by default. Therefore, database queries may be performed during view rendering. Explicitly configure spring.jpa.open-in-view to disable this warning
2026-04-27 14:08:08 INFO  ScmsApplication - Started ScmsApplication in 3.99 seconds (process running for 18454.027)
2026-04-27 14:08:31 INFO  ScmsApplication - Starting ScmsApplication using Java 21.0.9 with PID 21720 (C:\Users\revanth.bethala\eclipse-workspace\scms\target\classes started by revanth.bethala in C:\Users\revanth.bethala\eclipse-workspace\scms)
2026-04-27 14:08:31 DEBUG ScmsApplication - Running with Spring Boot v4.0.6, Spring v7.0.7
2026-04-27 14:08:31 INFO  ScmsApplication - No active profile set, falling back to 1 default profile: "default"
2026-04-27 14:08:34 WARN  JpaBaseConfiguration$JpaWebConfiguration - spring.jpa.open-in-view is enabled by default. Therefore, database queries may be performed during view rendering. Explicitly configure spring.jpa.open-in-view to disable this warning
2026-04-27 14:08:34 INFO  ScmsApplication - Started ScmsApplication in 2.435 seconds (process running for 18480.007)
2026-04-27 14:08:36 INFO  ScmsApplication - Starting ScmsApplication using Java 21.0.9 with PID 21720 (C:\Users\revanth.bethala\eclipse-workspace\scms\target\classes started by revanth.bethala in C:\Users\revanth.bethala\eclipse-workspace\scms)
2026-04-27 14:08:36 DEBUG ScmsApplication - Running with Spring Boot v4.0.6, Spring v7.0.7
2026-04-27 14:08:36 INFO  ScmsApplication - No active profile set, falling back to 1 default profile: "default"
2026-04-27 14:08:37 WARN  JpaBaseConfiguration$JpaWebConfiguration - spring.jpa.open-in-view is enabled by default. Therefore, database queries may be performed during view rendering. Explicitly configure spring.jpa.open-in-view to disable this warning
2026-04-27 14:08:37 INFO  ScmsApplication - Started ScmsApplication in 1.884 seconds (process running for 18483.56)
2026-04-27 14:08:39 INFO  ScmsApplication - Starting ScmsApplication using Java 21.0.9 with PID 21720 (C:\Users\revanth.bethala\eclipse-workspace\scms\target\classes started by revanth.bethala in C:\Users\revanth.bethala\eclipse-workspace\scms)
2026-04-27 14:08:39 DEBUG ScmsApplication - Running with Spring Boot v4.0.6, Spring v7.0.7
2026-04-27 14:08:39 INFO  ScmsApplication - No active profile set, falling back to 1 default profile: "default"
2026-04-27 14:08:41 WARN  JpaBaseConfiguration$JpaWebConfiguration - spring.jpa.open-in-view is enabled by default. Therefore, database queries may be performed during view rendering. Explicitly configure spring.jpa.open-in-view to disable this warning
2026-04-27 14:08:41 INFO  ScmsApplication - Started ScmsApplication in 2.062 seconds (process running for 18487.561)
2026-04-27 14:08:43 INFO  ScmsApplication - Starting ScmsApplication using Java 21.0.9 with PID 21720 (C:\Users\revanth.bethala\eclipse-workspace\scms\target\classes started by revanth.bethala in C:\Users\revanth.bethala\eclipse-workspace\scms)
2026-04-27 14:08:43 DEBUG ScmsApplication - Running with Spring Boot v4.0.6, Spring v7.0.7
2026-04-27 14:08:43 INFO  ScmsApplication - No active profile set, falling back to 1 default profile: "default"
2026-04-27 14:08:45 WARN  JpaBaseConfiguration$JpaWebConfiguration - spring.jpa.open-in-view is enabled by default. Therefore, database queries may be performed during view rendering. Explicitly configure spring.jpa.open-in-view to disable this warning
2026-04-27 14:08:45 INFO  ScmsApplication - Started ScmsApplication in 1.798 seconds (process running for 18491.244)
2026-04-27 14:08:54 INFO  ScmsApplication - Starting ScmsApplication using Java 21.0.9 with PID 21720 (C:\Users\revanth.bethala\eclipse-workspace\scms\target\classes started by revanth.bethala in C:\Users\revanth.bethala\eclipse-workspace\scms)
2026-04-27 14:08:54 DEBUG ScmsApplication - Running with Spring Boot v4.0.6, Spring v7.0.7
2026-04-27 14:08:54 INFO  ScmsApplication - No active profile set, falling back to 1 default profile: "default"
2026-04-27 14:08:55 WARN  JpaBaseConfiguration$JpaWebConfiguration - spring.jpa.open-in-view is enabled by default. Therefore, database queries may be performed during view rendering. Explicitly configure spring.jpa.open-in-view to disable this warning
2026-04-27 14:08:56 INFO  ScmsApplication - Started ScmsApplication in 1.895 seconds (process running for 18501.958)
2026-04-27 14:19:48 INFO  ScmsApplication - Starting ScmsApplication using Java 21.0.9 with PID 21720 (C:\Users\revanth.bethala\eclipse-workspace\scms\target\classes started by revanth.bethala in C:\Users\revanth.bethala\eclipse-workspace\scms)
2026-04-27 14:19:48 DEBUG ScmsApplication - Running with Spring Boot v4.0.6, Spring v7.0.7
2026-04-27 14:19:48 INFO  ScmsApplication - No active profile set, falling back to 1 default profile: "default"
2026-04-27 14:19:51 WARN  JpaBaseConfiguration$JpaWebConfiguration - spring.jpa.open-in-view is enabled by default. Therefore, database queries may be performed during view rendering. Explicitly configure spring.jpa.open-in-view to disable this warning
2026-04-27 14:19:51 INFO  ScmsApplication - Started ScmsApplication in 3.485 seconds (process running for 19157.584)
2026-04-27 14:20:07 INFO  ScmsApplication - Starting ScmsApplication using Java 21.0.9 with PID 21720 (C:\Users\revanth.bethala\eclipse-workspace\scms\target\classes started by revanth.bethala in C:\Users\revanth.bethala\eclipse-workspace\scms)
2026-04-27 14:20:07 DEBUG ScmsApplication - Running with Spring Boot v4.0.6, Spring v7.0.7
2026-04-27 14:20:07 INFO  ScmsApplication - No active profile set, falling back to 1 default profile: "default"
2026-04-27 14:20:09 WARN  JpaBaseConfiguration$JpaWebConfiguration - spring.jpa.open-in-view is enabled by default. Therefore, database queries may be performed during view rendering. Explicitly configure spring.jpa.open-in-view to disable this warning
2026-04-27 14:20:09 INFO  ScmsApplication - Started ScmsApplication in 2.121 seconds (process running for 19175.613)
2026-04-27 14:20:55 INFO  ScmsApplication - Starting ScmsApplication using Java 21.0.9 with PID 21720 (C:\Users\revanth.bethala\eclipse-workspace\scms\target\classes started by revanth.bethala in C:\Users\revanth.bethala\eclipse-workspace\scms)
2026-04-27 14:20:55 DEBUG ScmsApplication - Running with Spring Boot v4.0.6, Spring v7.0.7
2026-04-27 14:20:55 INFO  ScmsApplication - No active profile set, falling back to 1 default profile: "default"
2026-04-27 14:20:58 WARN  JpaBaseConfiguration$JpaWebConfiguration - spring.jpa.open-in-view is enabled by default. Therefore, database queries may be performed during view rendering. Explicitly configure spring.jpa.open-in-view to disable this warning
2026-04-27 14:20:58 INFO  ScmsApplication - Started ScmsApplication in 3.274 seconds (process running for 19224.624)
2026-04-27 14:21:04 INFO  ScmsApplication - Starting ScmsApplication using Java 21.0.9 with PID 21720 (C:\Users\revanth.bethala\eclipse-workspace\scms\target\classes started by revanth.bethala in C:\Users\revanth.bethala\eclipse-workspace\scms)
2026-04-27 14:21:04 DEBUG ScmsApplication - Running with Spring Boot v4.0.6, Spring v7.0.7
2026-04-27 14:21:04 INFO  ScmsApplication - No active profile set, falling back to 1 default profile: "default"
2026-04-27 14:21:06 WARN  JpaBaseConfiguration$JpaWebConfiguration - spring.jpa.open-in-view is enabled by default. Therefore, database queries may be performed during view rendering. Explicitly configure spring.jpa.open-in-view to disable this warning
2026-04-27 14:21:06 INFO  ScmsApplication - Started ScmsApplication in 2.036 seconds (process running for 19232.298)
